{
 "type": "FeatureCollection",
 "features": [
  {
   "type": "Feature",
   "geometry": {
    "type": "Point",
    "coordinates": [
     -58.219821,
     -33.520185
    ]
   },
   "properties": {
    "kind": "network",
    "ssid": "",
    "bssid": "ap-55808f26cd72",
    "security": "psk",
    "open": false,
    "frequency_mhz": null,
    "channel": null,
    "best_signal_dbm": -88,
    "best_signal_percent": 24,
    "seen": 5,
    "connected": false,
    "first_seen": "2026-09-22T19:04:34-03:00",
    "last_seen": "2026-09-22T19:04:54-03:00",
    "best_seen": "2026-09-22T19:04:34-03:00",
    "placed_by": "estimate",
    "spread_m": 4,
    "sightings": 5,
    "barely_pinned": true
   }
  },
  {
   "type": "Feature",
   "geometry": {
    "type": "Point",
    "coordinates": [
     -58.220224,
     -33.520402
    ]
   },
   "properties": {
    "kind": "network",
    "ssid": "",
    "bssid": "ap-ee0277dfef0d",
    "security": "psk",
    "open": false,
    "frequency_mhz": null,
    "channel": null,
    "best_signal_dbm": -59,
    "best_signal_percent": 82,
    "seen": 39,
    "connected": false,
    "first_seen": "2026-09-22T19:04:34-03:00",
    "last_seen": "2026-09-22T19:31:37-03:00",
    "best_seen": "2026-09-22T19:04:59-03:00",
    "placed_by": "estimate",
    "spread_m": 23,
    "sightings": 39,
    "barely_pinned": false
   }
  },
  {
   "type": "Feature",
   "geometry": {
    "type": "Point",
    "coordinates": [
     -58.220204,
     -33.520378
    ]
   },
   "properties": {
    "kind": "network",
    "ssid": "",
    "bssid": "ap-3e2c502c4338",
    "security": "psk",
    "open": false,
    "frequency_mhz": null,
    "channel": null,
    "best_signal_dbm": -58,
    "best_signal_percent": 84,
    "seen": 35,
    "connected": false,
    "first_seen": "2026-09-22T19:04:34-03:00",
    "last_seen": "2026-09-22T19:31:18-03:00",
    "best_seen": "2026-09-22T19:04:59-03:00",
    "placed_by": "estimate",
    "spread_m": 25,
    "sightings": 35,
    "barely_pinned": true
   }
  },
  {
   "type": "Feature",
   "geometry": {
    "type": "Point",
    "coordinates": [
     -58.220149,
     -33.520346
    ]
   },
   "properties": {
    "kind": "network",
    "ssid": "",
    "bssid": "ap-f7886b3f7bab",
    "security": "psk",
    "open": false,
    "frequency_mhz": null,
    "channel": null,
    "best_signal_dbm": -58,
    "best_signal_percent": 84,
    "seen": 23,
    "connected": false,
    "first_seen": "2026-09-22T19:04:34-03:00",
    "last_seen": "2026-09-22T19:30:57-03:00",
    "best_seen": "2026-09-22T19:04:59-03:00",
    "placed_by": "estimate",
    "spread_m": 19,
    "sightings": 23,
    "barely_pinned": true
   }
  },
  {
   "type": "Feature",
   "geometry": {
    "type": "Point",
    "coordinates": [
     -58.220168,
     -33.520356
    ]
   },
   "properties": {
    "kind": "network",
    "ssid": "",
    "bssid": "ap-42781ef0ec62",
    "security": "psk",
    "open": false,
    "frequency_mhz": null,
    "channel": null,
    "best_signal_dbm": -58,
    "best_signal_percent": 84,
    "seen": 23,
    "connected": false,
    "first_seen": "2026-09-22T19:04:49-03:00",
    "last_seen": "2026-09-22T19:31:07-03:00",
    "best_seen": "2026-09-22T19:04:59-03:00",
    "placed_by": "estimate",
    "spread_m": 19,
    "sightings": 23,
    "barely_pinned": true
   }
  },
  {
   "type": "Feature",
   "geometry": {
    "type": "Point",
    "coordinates": [
     -58.220235,
     -33.520388
    ]
   },
   "properties": {
    "kind": "network",
    "ssid": "",
    "bssid": "ap-ef7189c3dc3d",
    "security": "psk",
    "open": false,
    "frequency_mhz": 2447,
    "channel": 8,
    "best_signal_dbm": -86,
    "best_signal_percent": 28,
    "seen": 13,
    "connected": false,
    "first_seen": "2026-09-22T19:04:59-03:00",
    "last_seen": "2026-09-22T19:30:57-03:00",
    "best_seen": "2026-09-22T19:04:59-03:00",
    "placed_by": "estimate",
    "spread_m": 11,
    "sightings": 13,
    "barely_pinned": true
   }
  },
  {
   "type": "Feature",
   "geometry": {
    "type": "Point",
    "coordinates": [
     -58.220222,
     -33.520393
    ]
   },
   "properties": {
    "kind": "network",
    "ssid": "",
    "bssid": "ap-f4b5f5fb1c0c",
    "security": "psk",
    "open": false,
    "frequency_mhz": 2422,
    "channel": 3,
    "best_signal_dbm": -49,
    "best_signal_percent": 100,
    "seen": 44,
    "connected": false,
    "first_seen": "2026-09-22T19:04:34-03:00",
    "last_seen": "2026-09-22T19:31:27-03:00",
    "best_seen": "2026-09-22T19:05:05-03:00",
    "placed_by": "estimate",
    "spread_m": 29,
    "sightings": 44,
    "barely_pinned": false
   }
  },
  {
   "type": "Feature",
   "geometry": {
    "type": "Point",
    "coordinates": [
     -58.220368,
     -33.520488
    ]
   },
   "properties": {
    "kind": "network",
    "ssid": "",
    "bssid": "ap-35b68fb60a0c",
    "security": "psk",
    "open": false,
    "frequency_mhz": 2417,
    "channel": 2,
    "best_signal_dbm": -50,
    "best_signal_percent": 100,
    "seen": 63,
    "connected": false,
    "first_seen": "2026-09-22T19:04:34-03:00",
    "last_seen": "2026-09-22T19:31:47-03:00",
    "best_seen": "2026-09-22T19:05:11-03:00",
    "placed_by": "estimate",
    "spread_m": 41,
    "sightings": 63,
    "barely_pinned": false
   }
  },
  {
   "type": "Feature",
   "geometry": {
    "type": "Point",
    "coordinates": [
     -58.220368,
     -33.520471
    ]
   },
   "properties": {
    "kind": "network",
    "ssid": "",
    "bssid": "ap-9db1204a3f8a",
    "security": "psk",
    "open": false,
    "frequency_mhz": null,
    "channel": null,
    "best_signal_dbm": -60,
    "best_signal_percent": 80,
    "seen": 43,
    "connected": false,
    "first_seen": "2026-09-22T19:04:34-03:00",
    "last_seen": "2026-09-22T19:31:32-03:00",
    "best_seen": "2026-09-22T19:05:20-03:00",
    "placed_by": "estimate",
    "spread_m": 29,
    "sightings": 43,
    "barely_pinned": false
   }
  },
  {
   "type": "Feature",
   "geometry": {
    "type": "Point",
    "coordinates": [
     -58.220379,
     -33.520465
    ]
   },
   "properties": {
    "kind": "network",
    "ssid": "",
    "bssid": "ap-bcb1b8d50f03",
    "security": "psk",
    "open": false,
    "frequency_mhz": null,
    "channel": null,
    "best_signal_dbm": -60,
    "best_signal_percent": 80,
    "seen": 21,
    "connected": false,
    "first_seen": "2026-09-22T19:05:05-03:00",
    "last_seen": "2026-09-22T19:31:18-03:00",
    "best_seen": "2026-09-22T19:05:20-03:00",
    "placed_by": "estimate",
    "spread_m": 16,
    "sightings": 21,
    "barely_pinned": true
   }
  },
  {
   "type": "Feature",
   "geometry": {
    "type": "Point",
    "coordinates": [
     -58.220499,
     -33.520555
    ]
   },
   "properties": {
    "kind": "network",
    "ssid": "",
    "bssid": "ap-754447d69de1",
    "security": "psk",
    "open": false,
    "frequency_mhz": null,
    "channel": null,
    "best_signal_dbm": -69,
    "best_signal_percent": 62,
    "seen": 29,
    "connected": false,
    "first_seen": "2026-09-22T19:05:11-03:00",
    "last_seen": "2026-09-22T19:31:37-03:00",
    "best_seen": "2026-09-22T19:05:25-03:00",
    "placed_by": "estimate",
    "spread_m": 23,
    "sightings": 29,
    "barely_pinned": true
   }
  },
  {
   "type": "Feature",
   "geometry": {
    "type": "Point",
    "coordinates": [
     -58.220547,
     -33.520601
    ]
   },
   "properties": {
    "kind": "network",
    "ssid": "",
    "bssid": "ap-51560547dbec",
    "security": "psk",
    "open": false,
    "frequency_mhz": 2437,
    "channel": 6,
    "best_signal_dbm": -56,
    "best_signal_percent": 88,
    "seen": 56,
    "connected": false,
    "first_seen": "2026-09-22T19:04:34-03:00",
    "last_seen": "2026-09-22T19:32:08-03:00",
    "best_seen": "2026-09-22T19:05:30-03:00",
    "placed_by": "estimate",
    "spread_m": 39,
    "sightings": 56,
    "barely_pinned": false
   }
  },
  {
   "type": "Feature",
   "geometry": {
    "type": "Point",
    "coordinates": [
     -58.220611,
     -33.520574
    ]
   },
   "properties": {
    "kind": "network",
    "ssid": "",
    "bssid": "ap-555bb6513967",
    "security": "psk",
    "open": false,
    "frequency_mhz": null,
    "channel": null,
    "best_signal_dbm": -91,
    "best_signal_percent": 18,
    "seen": 6,
    "connected": false,
    "first_seen": "2026-09-22T19:05:30-03:00",
    "last_seen": "2026-09-22T19:05:54-03:00",
    "best_seen": "2026-09-22T19:05:30-03:00",
    "placed_by": "estimate",
    "spread_m": 8,
    "sightings": 6,
    "barely_pinned": true
   }
  },
  {
   "type": "Feature",
   "geometry": {
    "type": "Point",
    "coordinates": [
     -58.220396,
     -33.520907
    ]
   },
   "properties": {
    "kind": "network",
    "ssid": "",
    "bssid": "ap-56f02c29257b",
    "security": "psk",
    "open": false,
    "frequency_mhz": 2452,
    "channel": 9,
    "best_signal_dbm": -65,
    "best_signal_percent": 70,
    "seen": 44,
    "connected": false,
    "first_seen": "2026-09-22T19:05:25-03:00",
    "last_seen": "2026-09-22T19:33:17-03:00",
    "best_seen": "2026-09-22T19:05:50-03:00",
    "placed_by": "estimate",
    "spread_m": 50,
    "sightings": 44,
    "barely_pinned": true
   }
  },
  {
   "type": "Feature",
   "geometry": {
    "type": "Point",
    "coordinates": [
     -58.220605,
     -33.520717
    ]
   },
   "properties": {
    "kind": "network",
    "ssid": "",
    "bssid": "ap-aa95c18dc4ee",
    "security": "psk",
    "open": false,
    "frequency_mhz": null,
    "channel": null,
    "best_signal_dbm": -66,
    "best_signal_percent": 68,
    "seen": 23,
    "connected": false,
    "first_seen": "2026-09-22T19:05:40-03:00",
    "last_seen": "2026-09-22T19:32:02-03:00",
    "best_seen": "2026-09-22T19:05:50-03:00",
    "placed_by": "estimate",
    "spread_m": 24,
    "sightings": 23,
    "barely_pinned": true
   }
  },
  {
   "type": "Feature",
   "geometry": {
    "type": "Point",
    "coordinates": [
     -58.221113,
     -33.520919
    ]
   },
   "properties": {
    "kind": "network",
    "ssid": "",
    "bssid": "ap-09f36e4df16a",
    "security": "psk",
    "open": false,
    "frequency_mhz": null,
    "channel": null,
    "best_signal_dbm": -48,
    "best_signal_percent": 100,
    "seen": 61,
    "connected": false,
    "first_seen": "2026-09-22T19:05:25-03:00",
    "last_seen": "2026-09-22T19:39:57-03:00",
    "best_seen": "2026-09-22T19:06:04-03:00",
    "placed_by": "estimate",
    "spread_m": 52,
    "sightings": 61,
    "barely_pinned": false
   }
  },
  {
   "type": "Feature",
   "geometry": {
    "type": "Point",
    "coordinates": [
     -58.220901,
     -33.520804
    ]
   },
   "properties": {
    "kind": "network",
    "ssid": "",
    "bssid": "ap-eba8900b8d68",
    "security": "psk",
    "open": false,
    "frequency_mhz": null,
    "channel": null,
    "best_signal_dbm": -48,
    "best_signal_percent": 100,
    "seen": 21,
    "connected": false,
    "first_seen": "2026-09-22T19:05:54-03:00",
    "last_seen": "2026-09-22T19:31:47-03:00",
    "best_seen": "2026-09-22T19:06:04-03:00",
    "placed_by": "estimate",
    "spread_m": 28,
    "sightings": 21,
    "barely_pinned": false
   }
  },
  {
   "type": "Feature",
   "geometry": {
    "type": "Point",
    "coordinates": [
     -58.221029,
     -33.520872
    ]
   },
   "properties": {
    "kind": "network",
    "ssid": "",
    "bssid": "ap-6e66036e91e9",
    "security": "psk",
    "open": false,
    "frequency_mhz": 2422,
    "channel": 3,
    "best_signal_dbm": -75,
    "best_signal_percent": 50,
    "seen": 18,
    "connected": false,
    "first_seen": "2026-09-22T19:06:09-03:00",
    "last_seen": "2026-09-22T19:31:47-03:00",
    "best_seen": "2026-09-22T19:06:09-03:00",
    "placed_by": "estimate",
    "spread_m": 33,
    "sightings": 18,
    "barely_pinned": true
   }
  },
  {
   "type": "Feature",
   "geometry": {
    "type": "Point",
    "coordinates": [
     -58.221143,
     -33.520894
    ]
   },
   "properties": {
    "kind": "network",
    "ssid": "",
    "bssid": "ap-df06ae61aac6",
    "security": "psk",
    "open": false,
    "frequency_mhz": 2457,
    "channel": 10,
    "best_signal_dbm": -62,
    "best_signal_percent": 76,
    "seen": 34,
    "connected": false,
    "first_seen": "2026-09-22T19:05:54-03:00",
    "last_seen": "2026-09-22T19:31:47-03:00",
    "best_seen": "2026-09-22T19:06:14-03:00",
    "placed_by": "estimate",
    "spread_m": 38,
    "sightings": 34,
    "barely_pinned": false
   }
  },
  {
   "type": "Feature",
   "geometry": {
    "type": "Point",
    "coordinates": [
     -58.221183,
     -33.52086
    ]
   },
   "properties": {
    "kind": "network",
    "ssid": "",
    "bssid": "ap-1d8c9b0b6e9b",
    "security": "psk",
    "open": false,
    "frequency_mhz": null,
    "channel": null,
    "best_signal_dbm": -67,
    "best_signal_percent": 66,
    "seen": 12,
    "connected": false,
    "first_seen": "2026-09-22T19:06:04-03:00",
    "last_seen": "2026-09-22T19:06:59-03:00",
    "best_seen": "2026-09-22T19:06:14-03:00",
    "placed_by": "estimate",
    "spread_m": 20,
    "sightings": 12,
    "barely_pinned": true
   }
  },
  {
   "type": "Feature",
   "geometry": {
    "type": "Point",
    "coordinates": [
     -58.221208,
     -33.520929
    ]
   },
   "properties": {
    "kind": "network",
    "ssid": "",
    "bssid": "ap-b5a94a13d6c9",
    "security": "psk",
    "open": false,
    "frequency_mhz": null,
    "channel": null,
    "best_signal_dbm": -67,
    "best_signal_percent": 66,
    "seen": 34,
    "connected": false,
    "first_seen": "2026-09-22T19:06:04-03:00",
    "last_seen": "2026-09-22T19:39:43-03:00",
    "best_seen": "2026-09-22T19:06:14-03:00",
    "placed_by": "estimate",
    "spread_m": 46,
    "sightings": 34,
    "barely_pinned": true
   }
  },
  {
   "type": "Feature",
   "geometry": {
    "type": "Point",
    "coordinates": [
     -58.221118,
     -33.520873
    ]
   },
   "properties": {
    "kind": "network",
    "ssid": "",
    "bssid": "ap-9d84e7caaac8",
    "security": "psk",
    "open": false,
    "frequency_mhz": null,
    "channel": null,
    "best_signal_dbm": -63,
    "best_signal_percent": 74,
    "seen": 22,
    "connected": false,
    "first_seen": "2026-09-22T19:06:04-03:00",
    "last_seen": "2026-09-22T19:31:37-03:00",
    "best_seen": "2026-09-22T19:06:14-03:00",
    "placed_by": "estimate",
    "spread_m": 31,
    "sightings": 22,
    "barely_pinned": false
   }
  },
  {
   "type": "Feature",
   "geometry": {
    "type": "Point",
    "coordinates": [
     -58.220902,
     -33.52086
    ]
   },
   "properties": {
    "kind": "network",
    "ssid": "",
    "bssid": "ap-a4566ac438f0",
    "security": "psk",
    "open": false,
    "frequency_mhz": null,
    "channel": null,
    "best_signal_dbm": -76,
    "best_signal_percent": 48,
    "seen": 14,
    "connected": false,
    "first_seen": "2026-09-22T19:06:09-03:00",
    "last_seen": "2026-09-22T19:31:47-03:00",
    "best_seen": "2026-09-22T19:06:14-03:00",
    "placed_by": "estimate",
    "spread_m": 35,
    "sightings": 14,
    "barely_pinned": true
   }
  },
  {
   "type": "Feature",
   "geometry": {
    "type": "Point",
    "coordinates": [
     -58.221599,
     -33.521097
    ]
   },
   "properties": {
    "kind": "network",
    "ssid": "",
    "bssid": "ap-d2acef60e61d",
    "security": "psk",
    "open": false,
    "frequency_mhz": 2452,
    "channel": 9,
    "best_signal_dbm": -72,
    "best_signal_percent": 56,
    "seen": 39,
    "connected": false,
    "first_seen": "2026-09-22T19:06:19-03:00",
    "last_seen": "2026-09-22T19:40:08-03:00",
    "best_seen": "2026-09-22T19:06:25-03:00",
    "placed_by": "estimate",
    "spread_m": 44,
    "sightings": 39,
    "barely_pinned": true
   }
  },
  {
   "type": "Feature",
   "geometry": {
    "type": "Point",
    "coordinates": [
     -58.221369,
     -33.520985
    ]
   },
   "properties": {
    "kind": "network",
    "ssid": "",
    "bssid": "ap-fb4beeb0ceed",
    "security": "open",
    "open": true,
    "frequency_mhz": null,
    "channel": null,
    "best_signal_dbm": -66,
    "best_signal_percent": 68,
    "seen": 47,
    "connected": false,
    "first_seen": "2026-09-22T19:04:59-03:00",
    "last_seen": "2026-09-22T19:40:08-03:00",
    "best_seen": "2026-09-22T19:06:29-03:00",
    "placed_by": "estimate",
    "spread_m": 41,
    "sightings": 47,
    "barely_pinned": false
   }
  },
  {
   "type": "Feature",
   "geometry": {
    "type": "Point",
    "coordinates": [
     -58.221325,
     -33.52093
    ]
   },
   "properties": {
    "kind": "network",
    "ssid": "",
    "bssid": "ap-99cb8e4c526f",
    "security": "psk",
    "open": false,
    "frequency_mhz": null,
    "channel": null,
    "best_signal_dbm": -72,
    "best_signal_percent": 56,
    "seen": 9,
    "connected": false,
    "first_seen": "2026-09-22T19:06:19-03:00",
    "last_seen": "2026-09-22T19:06:59-03:00",
    "best_seen": "2026-09-22T19:06:29-03:00",
    "placed_by": "estimate",
    "spread_m": 13,
    "sightings": 9,
    "barely_pinned": true
   }
  },
  {
   "type": "Feature",
   "geometry": {
    "type": "Point",
    "coordinates": [
     -58.221344,
     -33.521126
    ]
   },
   "properties": {
    "kind": "network",
    "ssid": "",
    "bssid": "ap-5911b070003b",
    "security": "psk",
    "open": false,
    "frequency_mhz": 2427,
    "channel": 4,
    "best_signal_dbm": -59,
    "best_signal_percent": 82,
    "seen": 37,
    "connected": false,
    "first_seen": "2026-09-22T19:06:25-03:00",
    "last_seen": "2026-09-22T19:39:39-03:00",
    "best_seen": "2026-09-22T19:06:29-03:00",
    "placed_by": "estimate",
    "spread_m": 42,
    "sightings": 37,
    "barely_pinned": false
   }
  },
  {
   "type": "Feature",
   "geometry": {
    "type": "Point",
    "coordinates": [
     -58.221348,
     -33.521113
    ]
   },
   "properties": {
    "kind": "network",
    "ssid": "",
    "bssid": "ap-fd0b688b8b33",
    "security": "psk",
    "open": false,
    "frequency_mhz": null,
    "channel": null,
    "best_signal_dbm": -59,
    "best_signal_percent": 82,
    "seen": 35,
    "connected": false,
    "first_seen": "2026-09-22T19:06:29-03:00",
    "last_seen": "2026-09-22T19:39:28-03:00",
    "best_seen": "2026-09-22T19:06:29-03:00",
    "placed_by": "estimate",
    "spread_m": 39,
    "sightings": 35,
    "barely_pinned": false
   }
  },
  {
   "type": "Feature",
   "geometry": {
    "type": "Point",
    "coordinates": [
     -58.221787,
     -33.521178
    ]
   },
   "properties": {
    "kind": "network",
    "ssid": "",
    "bssid": "ap-145c6ae16c64",
    "security": "psk",
    "open": false,
    "frequency_mhz": 2427,
    "channel": 4,
    "best_signal_dbm": -67,
    "best_signal_percent": 66,
    "seen": 37,
    "connected": false,
    "first_seen": "2026-09-22T19:06:25-03:00",
    "last_seen": "2026-09-22T19:40:08-03:00",
    "best_seen": "2026-09-22T19:06:39-03:00",
    "placed_by": "estimate",
    "spread_m": 31,
    "sightings": 37,
    "barely_pinned": true
   }
  },
  {
   "type": "Feature",
   "geometry": {
    "type": "Point",
    "coordinates": [
     -58.221495,
     -33.521049
    ]
   },
   "properties": {
    "kind": "network",
    "ssid": "",
    "bssid": "ap-f0e17968b069",
    "security": "psk",
    "open": false,
    "frequency_mhz": 2447,
    "channel": 8,
    "best_signal_dbm": -63,
    "best_signal_percent": 74,
    "seen": 57,
    "connected": false,
    "first_seen": "2026-09-22T19:04:34-03:00",
    "last_seen": "2026-09-22T19:39:57-03:00",
    "best_seen": "2026-09-22T19:06:44-03:00",
    "placed_by": "estimate",
    "spread_m": 53,
    "sightings": 57,
    "barely_pinned": false
   }
  },
  {
   "type": "Feature",
   "geometry": {
    "type": "Point",
    "coordinates": [
     -58.22141,
     -33.521068
    ]
   },
   "properties": {
    "kind": "network",
    "ssid": "",
    "bssid": "ap-d13af81a23b1",
    "security": "psk",
    "open": false,
    "frequency_mhz": null,
    "channel": null,
    "best_signal_dbm": -63,
    "best_signal_percent": 74,
    "seen": 39,
    "connected": false,
    "first_seen": "2026-09-22T19:06:19-03:00",
    "last_seen": "2026-09-22T19:39:43-03:00",
    "best_seen": "2026-09-22T19:06:44-03:00",
    "placed_by": "estimate",
    "spread_m": 44,
    "sightings": 39,
    "barely_pinned": true
   }
  },
  {
   "type": "Feature",
   "geometry": {
    "type": "Point",
    "coordinates": [
     -58.221731,
     -33.521135
    ]
   },
   "properties": {
    "kind": "network",
    "ssid": "",
    "bssid": "ap-c2ab5149d656",
    "security": "psk",
    "open": false,
    "frequency_mhz": null,
    "channel": null,
    "best_signal_dbm": -91,
    "best_signal_percent": 18,
    "seen": 6,
    "connected": false,
    "first_seen": "2026-09-22T19:06:59-03:00",
    "last_seen": "2026-09-22T19:07:25-03:00",
    "best_seen": "2026-09-22T19:06:59-03:00",
    "placed_by": "estimate",
    "spread_m": 8,
    "sightings": 6,
    "barely_pinned": true
   }
  },
  {
   "type": "Feature",
   "geometry": {
    "type": "Point",
    "coordinates": [
     -58.221844,
     -33.521193
    ]
   },
   "properties": {
    "kind": "network",
    "ssid": "",
    "bssid": "ap-aae1511e392d",
    "security": "psk",
    "open": false,
    "frequency_mhz": 2412,
    "channel": 1,
    "best_signal_dbm": -72,
    "best_signal_percent": 56,
    "seen": 32,
    "connected": false,
    "first_seen": "2026-09-22T19:06:29-03:00",
    "last_seen": "2026-09-22T19:39:46-03:00",
    "best_seen": "2026-09-22T19:07:04-03:00",
    "placed_by": "estimate",
    "spread_m": 24,
    "sightings": 32,
    "barely_pinned": true
   }
  },
  {
   "type": "Feature",
   "geometry": {
    "type": "Point",
    "coordinates": [
     -58.222108,
     -33.52136
    ]
   },
   "properties": {
    "kind": "network",
    "ssid": "",
    "bssid": "ap-8b83a5b74852",
    "security": "psk",
    "open": false,
    "frequency_mhz": 2442,
    "channel": 7,
    "best_signal_dbm": -49,
    "best_signal_percent": 100,
    "seen": 24,
    "connected": false,
    "first_seen": "2026-09-22T19:07:19-03:00",
    "last_seen": "2026-09-22T19:40:12-03:00",
    "best_seen": "2026-09-22T19:07:34-03:00",
    "placed_by": "estimate",
    "spread_m": 22,
    "sightings": 24,
    "barely_pinned": true
   }
  },
  {
   "type": "Feature",
   "geometry": {
    "type": "Point",
    "coordinates": [
     -58.222197,
     -33.521412
    ]
   },
   "properties": {
    "kind": "network",
    "ssid": "",
    "bssid": "ap-20bf24275d66",
    "security": "psk",
    "open": false,
    "frequency_mhz": null,
    "channel": null,
    "best_signal_dbm": -65,
    "best_signal_percent": 70,
    "seen": 33,
    "connected": false,
    "first_seen": "2026-09-22T19:07:19-03:00",
    "last_seen": "2026-09-22T19:40:24-03:00",
    "best_seen": "2026-09-22T19:07:34-03:00",
    "placed_by": "estimate",
    "spread_m": 32,
    "sightings": 33,
    "barely_pinned": true
   }
  },
  {
   "type": "Feature",
   "geometry": {
    "type": "Point",
    "coordinates": [
     -58.222527,
     -33.521755
    ]
   },
   "properties": {
    "kind": "network",
    "ssid": "",
    "bssid": "ap-2d5a15f80e5e",
    "security": "psk",
    "open": false,
    "frequency_mhz": 2422,
    "channel": 3,
    "best_signal_dbm": -52,
    "best_signal_percent": 96,
    "seen": 67,
    "connected": false,
    "first_seen": "2026-09-22T19:07:25-03:00",
    "last_seen": "2026-09-22T19:47:42-03:00",
    "best_seen": "2026-09-22T19:07:59-03:00",
    "placed_by": "estimate",
    "spread_m": 55,
    "sightings": 67,
    "barely_pinned": true
   }
  },
  {
   "type": "Feature",
   "geometry": {
    "type": "Point",
    "coordinates": [
     -58.222583,
     -33.521895
    ]
   },
   "properties": {
    "kind": "network",
    "ssid": "",
    "bssid": "ap-548f545f59d7",
    "security": "psk",
    "open": false,
    "frequency_mhz": 2462,
    "channel": 11,
    "best_signal_dbm": -67,
    "best_signal_percent": 66,
    "seen": 58,
    "connected": false,
    "first_seen": "2026-09-22T19:07:44-03:00",
    "last_seen": "2026-09-22T19:41:21-03:00",
    "best_seen": "2026-09-22T19:08:04-03:00",
    "placed_by": "estimate",
    "spread_m": 59,
    "sightings": 58,
    "barely_pinned": true
   }
  },
  {
   "type": "Feature",
   "geometry": {
    "type": "Point",
    "coordinates": [
     -58.222666,
     -33.521932
    ]
   },
   "properties": {
    "kind": "network",
    "ssid": "",
    "bssid": "ap-85669e857337",
    "security": "psk",
    "open": false,
    "frequency_mhz": null,
    "channel": null,
    "best_signal_dbm": -68,
    "best_signal_percent": 64,
    "seen": 36,
    "connected": false,
    "first_seen": "2026-09-22T19:07:55-03:00",
    "last_seen": "2026-09-22T19:47:17-03:00",
    "best_seen": "2026-09-22T19:08:14-03:00",
    "placed_by": "estimate",
    "spread_m": 55,
    "sightings": 36,
    "barely_pinned": true
   }
  },
  {
   "type": "Feature",
   "geometry": {
    "type": "Point",
    "coordinates": [
     -58.22313,
     -33.521838
    ]
   },
   "properties": {
    "kind": "network",
    "ssid": "",
    "bssid": "ap-89216d946f86",
    "security": "psk",
    "open": false,
    "frequency_mhz": 2417,
    "channel": 2,
    "best_signal_dbm": -83,
    "best_signal_percent": 34,
    "seen": 8,
    "connected": false,
    "first_seen": "2026-09-22T19:08:39-03:00",
    "last_seen": "2026-09-22T19:09:14-03:00",
    "best_seen": "2026-09-22T19:08:39-03:00",
    "placed_by": "estimate",
    "spread_m": 12,
    "sightings": 8,
    "barely_pinned": true
   }
  },
  {
   "type": "Feature",
   "geometry": {
    "type": "Point",
    "coordinates": [
     -58.222811,
     -33.522099
    ]
   },
   "properties": {
    "kind": "network",
    "ssid": "",
    "bssid": "ap-909f805b9104",
    "security": "psk",
    "open": false,
    "frequency_mhz": 2472,
    "channel": 13,
    "best_signal_dbm": -79,
    "best_signal_percent": 42,
    "seen": 53,
    "connected": false,
    "first_seen": "2026-09-22T19:08:20-03:00",
    "last_seen": "2026-09-22T19:47:47-03:00",
    "best_seen": "2026-09-22T19:08:54-03:00",
    "placed_by": "estimate",
    "spread_m": 60,
    "sightings": 53,
    "barely_pinned": true
   }
  },
  {
   "type": "Feature",
   "geometry": {
    "type": "Point",
    "coordinates": [
     -58.22295,
     -33.521961
    ]
   },
   "properties": {
    "kind": "network",
    "ssid": "",
    "bssid": "ap-953ebe77c780",
    "security": "open",
    "open": true,
    "frequency_mhz": 2437,
    "channel": 6,
    "best_signal_dbm": -75,
    "best_signal_percent": 50,
    "seen": 42,
    "connected": false,
    "first_seen": "2026-09-22T19:08:34-03:00",
    "last_seen": "2026-09-22T19:47:47-03:00",
    "best_seen": "2026-09-22T19:09:04-03:00",
    "placed_by": "estimate",
    "spread_m": 50,
    "sightings": 42,
    "barely_pinned": true
   }
  },
  {
   "type": "Feature",
   "geometry": {
    "type": "Point",
    "coordinates": [
     -58.223127,
     -33.522092
    ]
   },
   "properties": {
    "kind": "network",
    "ssid": "",
    "bssid": "ap-3ec9bd29f882",
    "security": "psk",
    "open": false,
    "frequency_mhz": null,
    "channel": null,
    "best_signal_dbm": -80,
    "best_signal_percent": 40,
    "seen": 23,
    "connected": false,
    "first_seen": "2026-09-22T19:08:54-03:00",
    "last_seen": "2026-09-22T19:47:47-03:00",
    "best_seen": "2026-09-22T19:09:04-03:00",
    "placed_by": "estimate",
    "spread_m": 38,
    "sightings": 23,
    "barely_pinned": false
   }
  },
  {
   "type": "Feature",
   "geometry": {
    "type": "Point",
    "coordinates": [
     -58.222944,
     -33.522166
    ]
   },
   "properties": {
    "kind": "network",
    "ssid": "",
    "bssid": "ap-ad9b46b8e4b8",
    "security": "psk",
    "open": false,
    "frequency_mhz": null,
    "channel": null,
    "best_signal_dbm": -64,
    "best_signal_percent": 72,
    "seen": 37,
    "connected": false,
    "first_seen": "2026-09-22T19:08:59-03:00",
    "last_seen": "2026-09-22T19:47:47-03:00",
    "best_seen": "2026-09-22T19:09:24-03:00",
    "placed_by": "estimate",
    "spread_m": 55,
    "sightings": 37,
    "barely_pinned": true
   }
  },
  {
   "type": "Feature",
   "geometry": {
    "type": "Point",
    "coordinates": [
     -58.223367,
     -33.522084
    ]
   },
   "properties": {
    "kind": "network",
    "ssid": "",
    "bssid": "ap-dbfcc79e760f",
    "security": "psk",
    "open": false,
    "frequency_mhz": 2427,
    "channel": 4,
    "best_signal_dbm": -75,
    "best_signal_percent": 50,
    "seen": 11,
    "connected": false,
    "first_seen": "2026-09-22T19:09:14-03:00",
    "last_seen": "2026-09-22T19:10:04-03:00",
    "best_seen": "2026-09-22T19:09:24-03:00",
    "placed_by": "estimate",
    "spread_m": 13,
    "sightings": 11,
    "barely_pinned": true
   }
  },
  {
   "type": "Feature",
   "geometry": {
    "type": "Point",
    "coordinates": [
     -58.223361,
     -33.522116
    ]
   },
   "properties": {
    "kind": "network",
    "ssid": "",
    "bssid": "ap-d2a8220e3e2a",
    "security": "psk",
    "open": false,
    "frequency_mhz": null,
    "channel": null,
    "best_signal_dbm": -86,
    "best_signal_percent": 28,
    "seen": 8,
    "connected": false,
    "first_seen": "2026-09-22T19:09:19-03:00",
    "last_seen": "2026-09-22T19:09:54-03:00",
    "best_seen": "2026-09-22T19:09:24-03:00",
    "placed_by": "estimate",
    "spread_m": 11,
    "sightings": 8,
    "barely_pinned": true
   }
  },
  {
   "type": "Feature",
   "geometry": {
    "type": "Point",
    "coordinates": [
     -58.222961,
     -33.522148
    ]
   },
   "properties": {
    "kind": "network",
    "ssid": "",
    "bssid": "ap-a2622e387ade",
    "security": "psk",
    "open": false,
    "frequency_mhz": 2437,
    "channel": 6,
    "best_signal_dbm": -57,
    "best_signal_percent": 86,
    "seen": 84,
    "connected": false,
    "first_seen": "2026-09-22T19:08:24-03:00",
    "last_seen": "2026-09-22T19:47:47-03:00",
    "best_seen": "2026-09-22T19:09:29-03:00",
    "placed_by": "estimate",
    "spread_m": 55,
    "sightings": 84,
    "barely_pinned": true
   }
  },
  {
   "type": "Feature",
   "geometry": {
    "type": "Point",
    "coordinates": [
     -58.223001,
     -33.522175
    ]
   },
   "properties": {
    "kind": "network",
    "ssid": "",
    "bssid": "ap-97a27141f701",
    "security": "psk",
    "open": false,
    "frequency_mhz": 2437,
    "channel": 6,
    "best_signal_dbm": -59,
    "best_signal_percent": 82,
    "seen": 58,
    "connected": false,
    "first_seen": "2026-09-22T19:08:49-03:00",
    "last_seen": "2026-09-22T19:47:47-03:00",
    "best_seen": "2026-09-22T19:09:29-03:00",
    "placed_by": "estimate",
    "spread_m": 52,
    "sightings": 58,
    "barely_pinned": true
   }
  },
  {
   "type": "Feature",
   "geometry": {
    "type": "Point",
    "coordinates": [
     -58.223223,
     -33.522095
    ]
   },
   "properties": {
    "kind": "network",
    "ssid": "",
    "bssid": "ap-2437f519fe5c",
    "security": "psk",
    "open": false,
    "frequency_mhz": null,
    "channel": null,
    "best_signal_dbm": -62,
    "best_signal_percent": 76,
    "seen": 28,
    "connected": false,
    "first_seen": "2026-09-22T19:08:59-03:00",
    "last_seen": "2026-09-22T19:47:47-03:00",
    "best_seen": "2026-09-22T19:09:29-03:00",
    "placed_by": "estimate",
    "spread_m": 27,
    "sightings": 28,
    "barely_pinned": false
   }
  },
  {
   "type": "Feature",
   "geometry": {
    "type": "Point",
    "coordinates": [
     -58.223205,
     -33.522102
    ]
   },
   "properties": {
    "kind": "network",
    "ssid": "",
    "bssid": "ap-2fb8cb09edf1",
    "security": "psk",
    "open": false,
    "frequency_mhz": null,
    "channel": null,
    "best_signal_dbm": -62,
    "best_signal_percent": 76,
    "seen": 28,
    "connected": false,
    "first_seen": "2026-09-22T19:08:59-03:00",
    "last_seen": "2026-09-22T19:47:47-03:00",
    "best_seen": "2026-09-22T19:09:29-03:00",
    "placed_by": "estimate",
    "spread_m": 29,
    "sightings": 28,
    "barely_pinned": false
   }
  },
  {
   "type": "Feature",
   "geometry": {
    "type": "Point",
    "coordinates": [
     -58.223179,
     -33.522324
    ]
   },
   "properties": {
    "kind": "network",
    "ssid": "",
    "bssid": "ap-1751fdeafa8a",
    "security": "psk",
    "open": false,
    "frequency_mhz": null,
    "channel": null,
    "best_signal_dbm": -85,
    "best_signal_percent": 30,
    "seen": 25,
    "connected": false,
    "first_seen": "2026-09-22T19:09:10-03:00",
    "last_seen": "2026-09-22T19:47:47-03:00",
    "best_seen": "2026-09-22T19:09:39-03:00",
    "placed_by": "estimate",
    "spread_m": 34,
    "sightings": 25,
    "barely_pinned": true
   }
  },
  {
   "type": "Feature",
   "geometry": {
    "type": "Point",
    "coordinates": [
     -58.223113,
     -33.522456
    ]
   },
   "properties": {
    "kind": "network",
    "ssid": "",
    "bssid": "ap-f8215690db2c",
    "security": "psk",
    "open": false,
    "frequency_mhz": 2447,
    "channel": 8,
    "best_signal_dbm": -80,
    "best_signal_percent": 40,
    "seen": 15,
    "connected": false,
    "first_seen": "2026-09-22T19:09:35-03:00",
    "last_seen": "2026-09-22T19:10:44-03:00",
    "best_seen": "2026-09-22T19:09:39-03:00",
    "placed_by": "estimate",
    "spread_m": 27,
    "sightings": 15,
    "barely_pinned": true
   }
  },
  {
   "type": "Feature",
   "geometry": {
    "type": "Point",
    "coordinates": [
     -58.222992,
     -33.522352
    ]
   },
   "properties": {
    "kind": "network",
    "ssid": "",
    "bssid": "ap-90b8fc5dffce",
    "security": "psk",
    "open": false,
    "frequency_mhz": 2417,
    "channel": 2,
    "best_signal_dbm": -60,
    "best_signal_percent": 80,
    "seen": 46,
    "connected": false,
    "first_seen": "2026-09-22T19:09:14-03:00",
    "last_seen": "2026-09-22T19:47:47-03:00",
    "best_seen": "2026-09-22T19:09:49-03:00",
    "placed_by": "estimate",
    "spread_m": 40,
    "sightings": 46,
    "barely_pinned": true
   }
  },
  {
   "type": "Feature",
   "geometry": {
    "type": "Point",
    "coordinates": [
     -58.223112,
     -33.522334
    ]
   },
   "properties": {
    "kind": "network",
    "ssid": "",
    "bssid": "ap-f2db0408a4e4",
    "security": "psk",
    "open": false,
    "frequency_mhz": 2417,
    "channel": 2,
    "best_signal_dbm": -61,
    "best_signal_percent": 78,
    "seen": 34,
    "connected": false,
    "first_seen": "2026-09-22T19:09:14-03:00",
    "last_seen": "2026-09-22T19:47:47-03:00",
    "best_seen": "2026-09-22T19:09:49-03:00",
    "placed_by": "estimate",
    "spread_m": 31,
    "sightings": 34,
    "barely_pinned": false
   }
  },
  {
   "type": "Feature",
   "geometry": {
    "type": "Point",
    "coordinates": [
     -58.223017,
     -33.5226
    ]
   },
   "properties": {
    "kind": "network",
    "ssid": "",
    "bssid": "ap-cee2f397df1c",
    "security": "psk",
    "open": false,
    "frequency_mhz": null,
    "channel": null,
    "best_signal_dbm": -76,
    "best_signal_percent": 48,
    "seen": 25,
    "connected": false,
    "first_seen": "2026-09-22T19:09:24-03:00",
    "last_seen": "2026-09-22T19:21:46-03:00",
    "best_seen": "2026-09-22T19:09:49-03:00",
    "placed_by": "estimate",
    "spread_m": 53,
    "sightings": 25,
    "barely_pinned": false
   }
  },
  {
   "type": "Feature",
   "geometry": {
    "type": "Point",
    "coordinates": [
     -58.223061,
     -33.522257
    ]
   },
   "properties": {
    "kind": "network",
    "ssid": "",
    "bssid": "ap-56e3a68261f4",
    "security": "psk",
    "open": false,
    "frequency_mhz": 2417,
    "channel": 2,
    "best_signal_dbm": -65,
    "best_signal_percent": 70,
    "seen": 38,
    "connected": false,
    "first_seen": "2026-09-22T19:08:24-03:00",
    "last_seen": "2026-09-22T19:47:47-03:00",
    "best_seen": "2026-09-22T19:09:54-03:00",
    "placed_by": "estimate",
    "spread_m": 41,
    "sightings": 38,
    "barely_pinned": false
   }
  },
  {
   "type": "Feature",
   "geometry": {
    "type": "Point",
    "coordinates": [
     -58.222935,
     -33.522368
    ]
   },
   "properties": {
    "kind": "network",
    "ssid": "",
    "bssid": "ap-73880f6adf04",
    "security": "psk",
    "open": false,
    "frequency_mhz": 2417,
    "channel": 2,
    "best_signal_dbm": -64,
    "best_signal_percent": 72,
    "seen": 38,
    "connected": false,
    "first_seen": "2026-09-22T19:08:45-03:00",
    "last_seen": "2026-09-22T19:47:47-03:00",
    "best_seen": "2026-09-22T19:09:54-03:00",
    "placed_by": "estimate",
    "spread_m": 47,
    "sightings": 38,
    "barely_pinned": false
   }
  },
  {
   "type": "Feature",
   "geometry": {
    "type": "Point",
    "coordinates": [
     -58.223143,
     -33.522432
    ]
   },
   "properties": {
    "kind": "network",
    "ssid": "",
    "bssid": "ap-ea5b6d7b14d7",
    "security": "psk",
    "open": false,
    "frequency_mhz": null,
    "channel": null,
    "best_signal_dbm": -97,
    "best_signal_percent": 6,
    "seen": 6,
    "connected": false,
    "first_seen": "2026-09-22T19:09:54-03:00",
    "last_seen": "2026-09-22T19:10:19-03:00",
    "best_seen": "2026-09-22T19:09:54-03:00",
    "placed_by": "estimate",
    "spread_m": 11,
    "sightings": 6,
    "barely_pinned": true
   }
  },
  {
   "type": "Feature",
   "geometry": {
    "type": "Point",
    "coordinates": [
     -58.222705,
     -33.522348
    ]
   },
   "properties": {
    "kind": "network",
    "ssid": "",
    "bssid": "ap-57feb5486302",
    "security": "psk",
    "open": false,
    "frequency_mhz": null,
    "channel": null,
    "best_signal_dbm": -51,
    "best_signal_percent": 98,
    "seen": 81,
    "connected": false,
    "first_seen": "2026-09-22T19:08:30-03:00",
    "last_seen": "2026-09-22T19:47:47-03:00",
    "best_seen": "2026-09-22T19:10:00-03:00",
    "placed_by": "estimate",
    "spread_m": 58,
    "sightings": 81,
    "barely_pinned": true
   }
  },
  {
   "type": "Feature",
   "geometry": {
    "type": "Point",
    "coordinates": [
     -58.223216,
     -33.522331
    ]
   },
   "properties": {
    "kind": "network",
    "ssid": "",
    "bssid": "ap-99c542afab06",
    "security": "psk",
    "open": false,
    "frequency_mhz": null,
    "channel": null,
    "best_signal_dbm": -66,
    "best_signal_percent": 68,
    "seen": 15,
    "connected": false,
    "first_seen": "2026-09-22T19:09:49-03:00",
    "last_seen": "2026-09-22T19:47:42-03:00",
    "best_seen": "2026-09-22T19:10:00-03:00",
    "placed_by": "estimate",
    "spread_m": 15,
    "sightings": 15,
    "barely_pinned": true
   }
  },
  {
   "type": "Feature",
   "geometry": {
    "type": "Point",
    "coordinates": [
     -58.222733,
     -33.522349
    ]
   },
   "properties": {
    "kind": "network",
    "ssid": "",
    "bssid": "ap-8b1d192cf455",
    "security": "psk",
    "open": false,
    "frequency_mhz": 2457,
    "channel": 10,
    "best_signal_dbm": -47,
    "best_signal_percent": 100,
    "seen": 100,
    "connected": false,
    "first_seen": "2026-09-22T19:08:04-03:00",
    "last_seen": "2026-09-22T19:47:47-03:00",
    "best_seen": "2026-09-22T19:10:04-03:00",
    "placed_by": "estimate",
    "spread_m": 60,
    "sightings": 100,
    "barely_pinned": true
   }
  },
  {
   "type": "Feature",
   "geometry": {
    "type": "Point",
    "coordinates": [
     -58.222723,
     -33.522443
    ]
   },
   "properties": {
    "kind": "network",
    "ssid": "",
    "bssid": "ap-964b9fde8fd0",
    "security": "psk",
    "open": false,
    "frequency_mhz": 2437,
    "channel": 6,
    "best_signal_dbm": -73,
    "best_signal_percent": 54,
    "seen": 33,
    "connected": false,
    "first_seen": "2026-09-22T19:08:20-03:00",
    "last_seen": "2026-09-22T19:12:09-03:00",
    "best_seen": "2026-09-22T19:10:09-03:00",
    "placed_by": "estimate",
    "spread_m": 44,
    "sightings": 33,
    "barely_pinned": true
   }
  },
  {
   "type": "Feature",
   "geometry": {
    "type": "Point",
    "coordinates": [
     -58.222748,
     -33.522552
    ]
   },
   "properties": {
    "kind": "network",
    "ssid": "",
    "bssid": "ap-5b6645033526",
    "security": "psk",
    "open": false,
    "frequency_mhz": 2437,
    "channel": 6,
    "best_signal_dbm": -72,
    "best_signal_percent": 56,
    "seen": 23,
    "connected": false,
    "first_seen": "2026-09-22T19:10:04-03:00",
    "last_seen": "2026-09-22T19:12:45-03:00",
    "best_seen": "2026-09-22T19:10:09-03:00",
    "placed_by": "estimate",
    "spread_m": 37,
    "sightings": 23,
    "barely_pinned": false
   }
  },
  {
   "type": "Feature",
   "geometry": {
    "type": "Point",
    "coordinates": [
     -58.223015,
     -33.522601
    ]
   },
   "properties": {
    "kind": "network",
    "ssid": "",
    "bssid": "ap-6196a0aba2dc",
    "security": "psk",
    "open": false,
    "frequency_mhz": null,
    "channel": null,
    "best_signal_dbm": -70,
    "best_signal_percent": 60,
    "seen": 7,
    "connected": false,
    "first_seen": "2026-09-22T19:10:09-03:00",
    "last_seen": "2026-09-22T19:10:39-03:00",
    "best_seen": "2026-09-22T19:10:09-03:00",
    "placed_by": "estimate",
    "spread_m": 14,
    "sightings": 7,
    "barely_pinned": true
   }
  },
  {
   "type": "Feature",
   "geometry": {
    "type": "Point",
    "coordinates": [
     -58.223013,
     -33.522602
    ]
   },
   "properties": {
    "kind": "network",
    "ssid": "",
    "bssid": "ap-1076481d0272",
    "security": "psk",
    "open": false,
    "frequency_mhz": null,
    "channel": null,
    "best_signal_dbm": -71,
    "best_signal_percent": 58,
    "seen": 7,
    "connected": false,
    "first_seen": "2026-09-22T19:10:09-03:00",
    "last_seen": "2026-09-22T19:10:39-03:00",
    "best_seen": "2026-09-22T19:10:09-03:00",
    "placed_by": "estimate",
    "spread_m": 14,
    "sightings": 7,
    "barely_pinned": true
   }
  },
  {
   "type": "Feature",
   "geometry": {
    "type": "Point",
    "coordinates": [
     -58.222626,
     -33.52241
    ]
   },
   "properties": {
    "kind": "network",
    "ssid": "",
    "bssid": "ap-1c4a6393ce8f",
    "security": "open",
    "open": true,
    "frequency_mhz": null,
    "channel": null,
    "best_signal_dbm": -52,
    "best_signal_percent": 96,
    "seen": 101,
    "connected": false,
    "first_seen": "2026-09-22T19:08:14-03:00",
    "last_seen": "2026-09-22T19:47:42-03:00",
    "best_seen": "2026-09-22T19:10:14-03:00",
    "placed_by": "estimate",
    "spread_m": 65,
    "sightings": 101,
    "barely_pinned": true
   }
  },
  {
   "type": "Feature",
   "geometry": {
    "type": "Point",
    "coordinates": [
     -58.222707,
     -33.52245
    ]
   },
   "properties": {
    "kind": "network",
    "ssid": "",
    "bssid": "ap-040f34939d32",
    "security": "open",
    "open": true,
    "frequency_mhz": null,
    "channel": null,
    "best_signal_dbm": -52,
    "best_signal_percent": 96,
    "seen": 62,
    "connected": false,
    "first_seen": "2026-09-22T19:10:00-03:00",
    "last_seen": "2026-09-22T19:47:47-03:00",
    "best_seen": "2026-09-22T19:10:14-03:00",
    "placed_by": "estimate",
    "spread_m": 51,
    "sightings": 62,
    "barely_pinned": true
   }
  },
  {
   "type": "Feature",
   "geometry": {
    "type": "Point",
    "coordinates": [
     -58.223065,
     -33.522503
    ]
   },
   "properties": {
    "kind": "network",
    "ssid": "",
    "bssid": "ap-d9555794d527",
    "security": "open",
    "open": true,
    "frequency_mhz": null,
    "channel": null,
    "best_signal_dbm": -75,
    "best_signal_percent": 50,
    "seen": 14,
    "connected": false,
    "first_seen": "2026-09-22T19:10:14-03:00",
    "last_seen": "2026-09-22T19:47:37-03:00",
    "best_seen": "2026-09-22T19:10:14-03:00",
    "placed_by": "estimate",
    "spread_m": 25,
    "sightings": 14,
    "barely_pinned": true
   }
  },
  {
   "type": "Feature",
   "geometry": {
    "type": "Point",
    "coordinates": [
     -58.222746,
     -33.522537
    ]
   },
   "properties": {
    "kind": "network",
    "ssid": "",
    "bssid": "ap-3389edf2a931",
    "security": "psk",
    "open": false,
    "frequency_mhz": null,
    "channel": null,
    "best_signal_dbm": -68,
    "best_signal_percent": 64,
    "seen": 43,
    "connected": false,
    "first_seen": "2026-09-22T19:10:09-03:00",
    "last_seen": "2026-09-22T19:47:27-03:00",
    "best_seen": "2026-09-22T19:10:19-03:00",
    "placed_by": "estimate",
    "spread_m": 38,
    "sightings": 43,
    "barely_pinned": true
   }
  },
  {
   "type": "Feature",
   "geometry": {
    "type": "Point",
    "coordinates": [
     -58.222832,
     -33.522541
    ]
   },
   "properties": {
    "kind": "network",
    "ssid": "",
    "bssid": "ap-c7a016f4698e",
    "security": "open",
    "open": true,
    "frequency_mhz": null,
    "channel": null,
    "best_signal_dbm": -57,
    "best_signal_percent": 86,
    "seen": 36,
    "connected": false,
    "first_seen": "2026-09-22T19:10:19-03:00",
    "last_seen": "2026-09-22T19:47:47-03:00",
    "best_seen": "2026-09-22T19:10:19-03:00",
    "placed_by": "estimate",
    "spread_m": 36,
    "sightings": 36,
    "barely_pinned": true
   }
  },
  {
   "type": "Feature",
   "geometry": {
    "type": "Point",
    "coordinates": [
     -58.222555,
     -33.522514
    ]
   },
   "properties": {
    "kind": "network",
    "ssid": "",
    "bssid": "ap-e7bb2fbd432a",
    "security": "psk",
    "open": false,
    "frequency_mhz": null,
    "channel": null,
    "best_signal_dbm": -55,
    "best_signal_percent": 90,
    "seen": 117,
    "connected": false,
    "first_seen": "2026-09-22T19:08:09-03:00",
    "last_seen": "2026-09-22T19:47:47-03:00",
    "best_seen": "2026-09-22T19:10:25-03:00",
    "placed_by": "estimate",
    "spread_m": 59,
    "sightings": 117,
    "barely_pinned": false
   }
  },
  {
   "type": "Feature",
   "geometry": {
    "type": "Point",
    "coordinates": [
     -58.223131,
     -33.522449
    ]
   },
   "properties": {
    "kind": "network",
    "ssid": "",
    "bssid": "ap-43872002437d",
    "security": "psk",
    "open": false,
    "frequency_mhz": null,
    "channel": null,
    "best_signal_dbm": -65,
    "best_signal_percent": 70,
    "seen": 15,
    "connected": false,
    "first_seen": "2026-09-22T19:09:49-03:00",
    "last_seen": "2026-09-22T19:47:42-03:00",
    "best_seen": "2026-09-22T19:10:25-03:00",
    "placed_by": "estimate",
    "spread_m": 24,
    "sightings": 15,
    "barely_pinned": true
   }
  },
  {
   "type": "Feature",
   "geometry": {
    "type": "Point",
    "coordinates": [
     -58.222938,
     -33.522398
    ]
   },
   "properties": {
    "kind": "network",
    "ssid": "",
    "bssid": "ap-c00bbdf95d48",
    "security": "psk",
    "open": false,
    "frequency_mhz": null,
    "channel": null,
    "best_signal_dbm": -65,
    "best_signal_percent": 70,
    "seen": 20,
    "connected": false,
    "first_seen": "2026-09-22T19:09:49-03:00",
    "last_seen": "2026-09-22T19:47:47-03:00",
    "best_seen": "2026-09-22T19:10:25-03:00",
    "placed_by": "estimate",
    "spread_m": 43,
    "sightings": 20,
    "barely_pinned": false
   }
  },
  {
   "type": "Feature",
   "geometry": {
    "type": "Point",
    "coordinates": [
     -58.22287,
     -33.52258
    ]
   },
   "properties": {
    "kind": "network",
    "ssid": "",
    "bssid": "ap-876a9fbff701",
    "security": "psk",
    "open": false,
    "frequency_mhz": null,
    "channel": null,
    "best_signal_dbm": -65,
    "best_signal_percent": 70,
    "seen": 34,
    "connected": false,
    "first_seen": "2026-09-22T19:10:19-03:00",
    "last_seen": "2026-09-22T19:47:47-03:00",
    "best_seen": "2026-09-22T19:10:25-03:00",
    "placed_by": "estimate",
    "spread_m": 29,
    "sightings": 34,
    "barely_pinned": true
   }
  },
  {
   "type": "Feature",
   "geometry": {
    "type": "Point",
    "coordinates": [
     -58.222826,
     -33.522609
    ]
   },
   "properties": {
    "kind": "network",
    "ssid": "",
    "bssid": "ap-21fd7bd95607",
    "security": "psk",
    "open": false,
    "frequency_mhz": null,
    "channel": null,
    "best_signal_dbm": -65,
    "best_signal_percent": 70,
    "seen": 30,
    "connected": false,
    "first_seen": "2026-09-22T19:10:19-03:00",
    "last_seen": "2026-09-22T19:47:27-03:00",
    "best_seen": "2026-09-22T19:10:25-03:00",
    "placed_by": "estimate",
    "spread_m": 26,
    "sightings": 30,
    "barely_pinned": true
   }
  },
  {
   "type": "Feature",
   "geometry": {
    "type": "Point",
    "coordinates": [
     -58.222826,
     -33.522611
    ]
   },
   "properties": {
    "kind": "network",
    "ssid": "",
    "bssid": "ap-70d6b33ddea4",
    "security": "psk",
    "open": false,
    "frequency_mhz": null,
    "channel": null,
    "best_signal_dbm": -66,
    "best_signal_percent": 68,
    "seen": 30,
    "connected": false,
    "first_seen": "2026-09-22T19:10:19-03:00",
    "last_seen": "2026-09-22T19:47:27-03:00",
    "best_seen": "2026-09-22T19:10:25-03:00",
    "placed_by": "estimate",
    "spread_m": 26,
    "sightings": 30,
    "barely_pinned": true
   }
  },
  {
   "type": "Feature",
   "geometry": {
    "type": "Point",
    "coordinates": [
     -58.222829,
     -33.522611
    ]
   },
   "properties": {
    "kind": "network",
    "ssid": "",
    "bssid": "ap-cb016163fac9",
    "security": "psk",
    "open": false,
    "frequency_mhz": null,
    "channel": null,
    "best_signal_dbm": -66,
    "best_signal_percent": 68,
    "seen": 30,
    "connected": false,
    "first_seen": "2026-09-22T19:10:19-03:00",
    "last_seen": "2026-09-22T19:47:27-03:00",
    "best_seen": "2026-09-22T19:10:25-03:00",
    "placed_by": "estimate",
    "spread_m": 26,
    "sightings": 30,
    "barely_pinned": true
   }
  },
  {
   "type": "Feature",
   "geometry": {
    "type": "Point",
    "coordinates": [
     -58.222756,
     -33.522607
    ]
   },
   "properties": {
    "kind": "network",
    "ssid": "",
    "bssid": "ap-b78989878181",
    "security": "open",
    "open": true,
    "frequency_mhz": null,
    "channel": null,
    "best_signal_dbm": -62,
    "best_signal_percent": 76,
    "seen": 29,
    "connected": false,
    "first_seen": "2026-09-22T19:10:25-03:00",
    "last_seen": "2026-09-22T19:47:17-03:00",
    "best_seen": "2026-09-22T19:10:25-03:00",
    "placed_by": "estimate",
    "spread_m": 28,
    "sightings": 29,
    "barely_pinned": true
   }
  },
  {
   "type": "Feature",
   "geometry": {
    "type": "Point",
    "coordinates": [
     -58.222692,
     -33.522527
    ]
   },
   "properties": {
    "kind": "network",
    "ssid": "",
    "bssid": "ap-999a13bbb41a",
    "security": "psk",
    "open": false,
    "frequency_mhz": 2427,
    "channel": 4,
    "best_signal_dbm": -67,
    "best_signal_percent": 66,
    "seen": 40,
    "connected": false,
    "first_seen": "2026-09-22T19:10:25-03:00",
    "last_seen": "2026-09-22T19:47:27-03:00",
    "best_seen": "2026-09-22T19:10:25-03:00",
    "placed_by": "estimate",
    "spread_m": 40,
    "sightings": 40,
    "barely_pinned": true
   }
  },
  {
   "type": "Feature",
   "geometry": {
    "type": "Point",
    "coordinates": [
     -58.222458,
     -33.52253
    ]
   },
   "properties": {
    "kind": "network",
    "ssid": "",
    "bssid": "ap-fd12882d5f20",
    "security": "psk",
    "open": false,
    "frequency_mhz": 2447,
    "channel": 8,
    "best_signal_dbm": -48,
    "best_signal_percent": 100,
    "seen": 123,
    "connected": false,
    "first_seen": "2026-09-22T19:08:34-03:00",
    "last_seen": "2026-09-22T19:47:47-03:00",
    "best_seen": "2026-09-22T19:10:29-03:00",
    "placed_by": "estimate",
    "spread_m": 66,
    "sightings": 123,
    "barely_pinned": false
   }
  },
  {
   "type": "Feature",
   "geometry": {
    "type": "Point",
    "coordinates": [
     -58.222756,
     -33.522559
    ]
   },
   "properties": {
    "kind": "network",
    "ssid": "",
    "bssid": "ap-b1f69ad2f8d0",
    "security": "psk",
    "open": false,
    "frequency_mhz": 2427,
    "channel": 4,
    "best_signal_dbm": -70,
    "best_signal_percent": 60,
    "seen": 36,
    "connected": false,
    "first_seen": "2026-09-22T19:10:19-03:00",
    "last_seen": "2026-09-22T19:47:27-03:00",
    "best_seen": "2026-09-22T19:10:29-03:00",
    "placed_by": "estimate",
    "spread_m": 35,
    "sightings": 36,
    "barely_pinned": true
   }
  },
  {
   "type": "Feature",
   "geometry": {
    "type": "Point",
    "coordinates": [
     -58.22265,
     -33.522545
    ]
   },
   "properties": {
    "kind": "network",
    "ssid": "",
    "bssid": "ap-e024259734de",
    "security": "psk",
    "open": false,
    "frequency_mhz": null,
    "channel": null,
    "best_signal_dbm": -77,
    "best_signal_percent": 46,
    "seen": 30,
    "connected": false,
    "first_seen": "2026-09-22T19:10:25-03:00",
    "last_seen": "2026-09-22T19:47:22-03:00",
    "best_seen": "2026-09-22T19:10:29-03:00",
    "placed_by": "estimate",
    "spread_m": 38,
    "sightings": 30,
    "barely_pinned": true
   }
  },
  {
   "type": "Feature",
   "geometry": {
    "type": "Point",
    "coordinates": [
     -58.22275,
     -33.522688
    ]
   },
   "properties": {
    "kind": "network",
    "ssid": "",
    "bssid": "ap-1a07c8d2abed",
    "security": "psk",
    "open": false,
    "frequency_mhz": null,
    "channel": null,
    "best_signal_dbm": -74,
    "best_signal_percent": 52,
    "seen": 11,
    "connected": false,
    "first_seen": "2026-09-22T19:10:25-03:00",
    "last_seen": "2026-09-22T19:11:15-03:00",
    "best_seen": "2026-09-22T19:10:29-03:00",
    "placed_by": "estimate",
    "spread_m": 12,
    "sightings": 11,
    "barely_pinned": true
   }
  },
  {
   "type": "Feature",
   "geometry": {
    "type": "Point",
    "coordinates": [
     -58.222786,
     -33.522638
    ]
   },
   "properties": {
    "kind": "network",
    "ssid": "",
    "bssid": "ap-0fcd49773d75",
    "security": "psk",
    "open": false,
    "frequency_mhz": null,
    "channel": null,
    "best_signal_dbm": -74,
    "best_signal_percent": 52,
    "seen": 22,
    "connected": false,
    "first_seen": "2026-09-22T19:10:29-03:00",
    "last_seen": "2026-09-22T19:47:17-03:00",
    "best_seen": "2026-09-22T19:10:29-03:00",
    "placed_by": "estimate",
    "spread_m": 22,
    "sightings": 22,
    "barely_pinned": true
   }
  },
  {
   "type": "Feature",
   "geometry": {
    "type": "Point",
    "coordinates": [
     -58.222794,
     -33.52271
    ]
   },
   "properties": {
    "kind": "network",
    "ssid": "",
    "bssid": "ap-3059b2793c3b",
    "security": "open",
    "open": true,
    "frequency_mhz": null,
    "channel": null,
    "best_signal_dbm": -86,
    "best_signal_percent": 28,
    "seen": 7,
    "connected": false,
    "first_seen": "2026-09-22T19:10:29-03:00",
    "last_seen": "2026-09-22T19:10:59-03:00",
    "best_seen": "2026-09-22T19:10:29-03:00",
    "placed_by": "estimate",
    "spread_m": 10,
    "sightings": 7,
    "barely_pinned": true
   }
  },
  {
   "type": "Feature",
   "geometry": {
    "type": "Point",
    "coordinates": [
     -58.222822,
     -33.522559
    ]
   },
   "properties": {
    "kind": "network",
    "ssid": "",
    "bssid": "ap-f1e8336e8aca",
    "security": "psk",
    "open": false,
    "frequency_mhz": null,
    "channel": null,
    "best_signal_dbm": -58,
    "best_signal_percent": 84,
    "seen": 38,
    "connected": false,
    "first_seen": "2026-09-22T19:08:04-03:00",
    "last_seen": "2026-09-22T19:47:27-03:00",
    "best_seen": "2026-09-22T19:10:39-03:00",
    "placed_by": "estimate",
    "spread_m": 32,
    "sightings": 38,
    "barely_pinned": false
   }
  },
  {
   "type": "Feature",
   "geometry": {
    "type": "Point",
    "coordinates": [
     -58.222759,
     -33.522542
    ]
   },
   "properties": {
    "kind": "network",
    "ssid": "",
    "bssid": "ap-d9e8a0f6981c",
    "security": "psk",
    "open": false,
    "frequency_mhz": 2452,
    "channel": 9,
    "best_signal_dbm": -58,
    "best_signal_percent": 84,
    "seen": 49,
    "connected": false,
    "first_seen": "2026-09-22T19:10:25-03:00",
    "last_seen": "2026-09-22T19:47:42-03:00",
    "best_seen": "2026-09-22T19:10:39-03:00",
    "placed_by": "estimate",
    "spread_m": 38,
    "sightings": 49,
    "barely_pinned": false
   }
  },
  {
   "type": "Feature",
   "geometry": {
    "type": "Point",
    "coordinates": [
     -58.222747,
     -33.522623
    ]
   },
   "properties": {
    "kind": "network",
    "ssid": "",
    "bssid": "ap-459e38f95cbf",
    "security": "psk",
    "open": false,
    "frequency_mhz": 2417,
    "channel": 2,
    "best_signal_dbm": -76,
    "best_signal_percent": 48,
    "seen": 20,
    "connected": false,
    "first_seen": "2026-09-22T19:10:29-03:00",
    "last_seen": "2026-09-22T19:47:12-03:00",
    "best_seen": "2026-09-22T19:10:39-03:00",
    "placed_by": "estimate",
    "spread_m": 24,
    "sightings": 20,
    "barely_pinned": true
   }
  },
  {
   "type": "Feature",
   "geometry": {
    "type": "Point",
    "coordinates": [
     -58.222776,
     -33.522717
    ]
   },
   "properties": {
    "kind": "network",
    "ssid": "",
    "bssid": "ap-572a379a4b3c",
    "security": "psk",
    "open": false,
    "frequency_mhz": null,
    "channel": null,
    "best_signal_dbm": -76,
    "best_signal_percent": 48,
    "seen": 6,
    "connected": false,
    "first_seen": "2026-09-22T19:10:34-03:00",
    "last_seen": "2026-09-22T19:10:59-03:00",
    "best_seen": "2026-09-22T19:10:39-03:00",
    "placed_by": "estimate",
    "spread_m": 8,
    "sightings": 6,
    "barely_pinned": true
   }
  },
  {
   "type": "Feature",
   "geometry": {
    "type": "Point",
    "coordinates": [
     -58.22258,
     -33.522621
    ]
   },
   "properties": {
    "kind": "network",
    "ssid": "",
    "bssid": "ap-31abc8ad7b33",
    "security": "open",
    "open": true,
    "frequency_mhz": null,
    "channel": null,
    "best_signal_dbm": -73,
    "best_signal_percent": 54,
    "seen": 6,
    "connected": false,
    "first_seen": "2026-09-22T19:10:54-03:00",
    "last_seen": "2026-09-22T19:11:19-03:00",
    "best_seen": "2026-09-22T19:11:04-03:00",
    "placed_by": "estimate",
    "spread_m": 6,
    "sightings": 6,
    "barely_pinned": true
   }
  },
  {
   "type": "Feature",
   "geometry": {
    "type": "Point",
    "coordinates": [
     -58.222776,
     -33.522372
    ]
   },
   "properties": {
    "kind": "network",
    "ssid": "",
    "bssid": "ap-fda52d1d32a9",
    "security": "psk",
    "open": false,
    "frequency_mhz": null,
    "channel": null,
    "best_signal_dbm": -64,
    "best_signal_percent": 72,
    "seen": 70,
    "connected": false,
    "first_seen": "2026-09-22T19:08:20-03:00",
    "last_seen": "2026-09-22T19:47:47-03:00",
    "best_seen": "2026-09-22T19:11:15-03:00",
    "placed_by": "estimate",
    "spread_m": 56,
    "sightings": 70,
    "barely_pinned": true
   }
  },
  {
   "type": "Feature",
   "geometry": {
    "type": "Point",
    "coordinates": [
     -58.222948,
     -33.522443
    ]
   },
   "properties": {
    "kind": "network",
    "ssid": "",
    "bssid": "ap-28a4196c8e67",
    "security": "psk",
    "open": false,
    "frequency_mhz": null,
    "channel": null,
    "best_signal_dbm": -64,
    "best_signal_percent": 72,
    "seen": 53,
    "connected": false,
    "first_seen": "2026-09-22T19:08:49-03:00",
    "last_seen": "2026-09-22T19:47:42-03:00",
    "best_seen": "2026-09-22T19:11:15-03:00",
    "placed_by": "estimate",
    "spread_m": 42,
    "sightings": 53,
    "barely_pinned": true
   }
  },
  {
   "type": "Feature",
   "geometry": {
    "type": "Point",
    "coordinates": [
     -58.22282,
     -33.522562
    ]
   },
   "properties": {
    "kind": "network",
    "ssid": "",
    "bssid": "ap-fc055c68ce36",
    "security": "psk",
    "open": false,
    "frequency_mhz": 2427,
    "channel": 4,
    "best_signal_dbm": -68,
    "best_signal_percent": 64,
    "seen": 36,
    "connected": false,
    "first_seen": "2026-09-22T19:10:09-03:00",
    "last_seen": "2026-09-22T19:47:42-03:00",
    "best_seen": "2026-09-22T19:11:15-03:00",
    "placed_by": "estimate",
    "spread_m": 34,
    "sightings": 36,
    "barely_pinned": true
   }
  },
  {
   "type": "Feature",
   "geometry": {
    "type": "Point",
    "coordinates": [
     -58.222454,
     -33.522244
    ]
   },
   "properties": {
    "kind": "network",
    "ssid": "",
    "bssid": "ap-27d42e84cd03",
    "security": "psk",
    "open": false,
    "frequency_mhz": 2452,
    "channel": 9,
    "best_signal_dbm": -62,
    "best_signal_percent": 76,
    "seen": 90,
    "connected": false,
    "first_seen": "2026-09-22T19:07:59-03:00",
    "last_seen": "2026-09-22T19:47:47-03:00",
    "best_seen": "2026-09-22T19:11:24-03:00",
    "placed_by": "estimate",
    "spread_m": 59,
    "sightings": 90,
    "barely_pinned": true
   }
  },
  {
   "type": "Feature",
   "geometry": {
    "type": "Point",
    "coordinates": [
     -58.222214,
     -33.522369
    ]
   },
   "properties": {
    "kind": "network",
    "ssid": "",
    "bssid": "ap-77b571c7f846",
    "security": "psk",
    "open": false,
    "frequency_mhz": null,
    "channel": null,
    "best_signal_dbm": -53,
    "best_signal_percent": 94,
    "seen": 27,
    "connected": false,
    "first_seen": "2026-09-22T19:11:24-03:00",
    "last_seen": "2026-09-22T19:47:42-03:00",
    "best_seen": "2026-09-22T19:11:24-03:00",
    "placed_by": "estimate",
    "spread_m": 27,
    "sightings": 27,
    "barely_pinned": false
   }
  },
  {
   "type": "Feature",
   "geometry": {
    "type": "Point",
    "coordinates": [
     -58.22241,
     -33.522329
    ]
   },
   "properties": {
    "kind": "network",
    "ssid": "",
    "bssid": "ap-c93084177fae",
    "security": "psk",
    "open": false,
    "frequency_mhz": 2457,
    "channel": 10,
    "best_signal_dbm": -48,
    "best_signal_percent": 100,
    "seen": 82,
    "connected": false,
    "first_seen": "2026-09-22T19:07:59-03:00",
    "last_seen": "2026-09-22T19:47:47-03:00",
    "best_seen": "2026-09-22T19:11:34-03:00",
    "placed_by": "estimate",
    "spread_m": 56,
    "sightings": 82,
    "barely_pinned": true
   }
  },
  {
   "type": "Feature",
   "geometry": {
    "type": "Point",
    "coordinates": [
     -58.222315,
     -33.522187
    ]
   },
   "properties": {
    "kind": "network",
    "ssid": "",
    "bssid": "ap-578730034648",
    "security": "psk",
    "open": false,
    "frequency_mhz": 2462,
    "channel": 11,
    "best_signal_dbm": -59,
    "best_signal_percent": 82,
    "seen": 68,
    "connected": false,
    "first_seen": "2026-09-22T19:08:09-03:00",
    "last_seen": "2026-09-22T19:47:37-03:00",
    "best_seen": "2026-09-22T19:11:40-03:00",
    "placed_by": "estimate",
    "spread_m": 60,
    "sightings": 68,
    "barely_pinned": true
   }
  },
  {
   "type": "Feature",
   "geometry": {
    "type": "Point",
    "coordinates": [
     -58.222453,
     -33.522334
    ]
   },
   "properties": {
    "kind": "network",
    "ssid": "",
    "bssid": "ap-6b3025079bfe",
    "security": "psk",
    "open": false,
    "frequency_mhz": null,
    "channel": null,
    "best_signal_dbm": -60,
    "best_signal_percent": 80,
    "seen": 94,
    "connected": false,
    "first_seen": "2026-09-22T19:08:09-03:00",
    "last_seen": "2026-09-22T19:47:47-03:00",
    "best_seen": "2026-09-22T19:11:40-03:00",
    "placed_by": "estimate",
    "spread_m": 60,
    "sightings": 94,
    "barely_pinned": true
   }
  },
  {
   "type": "Feature",
   "geometry": {
    "type": "Point",
    "coordinates": [
     -58.221845,
     -33.52239
    ]
   },
   "properties": {
    "kind": "network",
    "ssid": "",
    "bssid": "ap-2d7712a0d6c9",
    "security": "psk",
    "open": false,
    "frequency_mhz": null,
    "channel": null,
    "best_signal_dbm": -59,
    "best_signal_percent": 82,
    "seen": 37,
    "connected": false,
    "first_seen": "2026-09-22T19:11:19-03:00",
    "last_seen": "2026-09-22T19:42:12-03:00",
    "best_seen": "2026-09-22T19:11:40-03:00",
    "placed_by": "estimate",
    "spread_m": 33,
    "sightings": 37,
    "barely_pinned": true
   }
  },
  {
   "type": "Feature",
   "geometry": {
    "type": "Point",
    "coordinates": [
     -58.221962,
     -33.522309
    ]
   },
   "properties": {
    "kind": "network",
    "ssid": "",
    "bssid": "ap-eeda518dcc30",
    "security": "psk",
    "open": false,
    "frequency_mhz": null,
    "channel": null,
    "best_signal_dbm": -63,
    "best_signal_percent": 74,
    "seen": 19,
    "connected": false,
    "first_seen": "2026-09-22T19:11:34-03:00",
    "last_seen": "2026-09-22T19:41:16-03:00",
    "best_seen": "2026-09-22T19:11:40-03:00",
    "placed_by": "estimate",
    "spread_m": 19,
    "sightings": 19,
    "barely_pinned": true
   }
  },
  {
   "type": "Feature",
   "geometry": {
    "type": "Point",
    "coordinates": [
     -58.222236,
     -33.522167
    ]
   },
   "properties": {
    "kind": "network",
    "ssid": "",
    "bssid": "ap-a04198567822",
    "security": "psk",
    "open": false,
    "frequency_mhz": null,
    "channel": null,
    "best_signal_dbm": -71,
    "best_signal_percent": 58,
    "seen": 28,
    "connected": false,
    "first_seen": "2026-09-22T19:08:20-03:00",
    "last_seen": "2026-09-22T19:41:47-03:00",
    "best_seen": "2026-09-22T19:11:44-03:00",
    "placed_by": "estimate",
    "spread_m": 52,
    "sightings": 28,
    "barely_pinned": true
   }
  },
  {
   "type": "Feature",
   "geometry": {
    "type": "Point",
    "coordinates": [
     -58.221818,
     -33.522335
    ]
   },
   "properties": {
    "kind": "network",
    "ssid": "",
    "bssid": "ap-f46a6cdd1d3a",
    "security": "psk",
    "open": false,
    "frequency_mhz": 2457,
    "channel": 10,
    "best_signal_dbm": -71,
    "best_signal_percent": 58,
    "seen": 18,
    "connected": false,
    "first_seen": "2026-09-22T19:11:44-03:00",
    "last_seen": "2026-09-22T19:41:53-03:00",
    "best_seen": "2026-09-22T19:11:44-03:00",
    "placed_by": "estimate",
    "spread_m": 25,
    "sightings": 18,
    "barely_pinned": true
   }
  },
  {
   "type": "Feature",
   "geometry": {
    "type": "Point",
    "coordinates": [
     -58.222071,
     -33.522253
    ]
   },
   "properties": {
    "kind": "network",
    "ssid": "",
    "bssid": "ap-039201edfe0c",
    "security": "psk",
    "open": false,
    "frequency_mhz": 2432,
    "channel": 5,
    "best_signal_dbm": -50,
    "best_signal_percent": 100,
    "seen": 67,
    "connected": false,
    "first_seen": "2026-09-22T19:08:24-03:00",
    "last_seen": "2026-09-22T19:47:33-03:00",
    "best_seen": "2026-09-22T19:11:49-03:00",
    "placed_by": "estimate",
    "spread_m": 47,
    "sightings": 67,
    "barely_pinned": false
   }
  },
  {
   "type": "Feature",
   "geometry": {
    "type": "Point",
    "coordinates": [
     -58.221846,
     -33.522299
    ]
   },
   "properties": {
    "kind": "network",
    "ssid": "",
    "bssid": "ap-d61b877d41f4",
    "security": "psk",
    "open": false,
    "frequency_mhz": 2422,
    "channel": 3,
    "best_signal_dbm": -75,
    "best_signal_percent": 50,
    "seen": 19,
    "connected": false,
    "first_seen": "2026-09-22T19:11:49-03:00",
    "last_seen": "2026-09-22T19:41:37-03:00",
    "best_seen": "2026-09-22T19:11:54-03:00",
    "placed_by": "estimate",
    "spread_m": 19,
    "sightings": 19,
    "barely_pinned": false
   }
  },
  {
   "type": "Feature",
   "geometry": {
    "type": "Point",
    "coordinates": [
     -58.221776,
     -33.52233
    ]
   },
   "properties": {
    "kind": "network",
    "ssid": "",
    "bssid": "ap-00406908d49a",
    "security": "psk",
    "open": false,
    "frequency_mhz": null,
    "channel": null,
    "best_signal_dbm": -75,
    "best_signal_percent": 50,
    "seen": 20,
    "connected": false,
    "first_seen": "2026-09-22T19:11:54-03:00",
    "last_seen": "2026-09-22T19:41:47-03:00",
    "best_seen": "2026-09-22T19:11:54-03:00",
    "placed_by": "estimate",
    "spread_m": 20,
    "sightings": 20,
    "barely_pinned": true
   }
  },
  {
   "type": "Feature",
   "geometry": {
    "type": "Point",
    "coordinates": [
     -58.22183,
     -33.522246
    ]
   },
   "properties": {
    "kind": "network",
    "ssid": "",
    "bssid": "ap-0db05ffaeae5",
    "security": "psk",
    "open": false,
    "frequency_mhz": null,
    "channel": null,
    "best_signal_dbm": -86,
    "best_signal_percent": 28,
    "seen": 6,
    "connected": false,
    "first_seen": "2026-09-22T19:11:54-03:00",
    "last_seen": "2026-09-22T19:12:19-03:00",
    "best_seen": "2026-09-22T19:11:54-03:00",
    "placed_by": "estimate",
    "spread_m": 7,
    "sightings": 6,
    "barely_pinned": true
   }
  },
  {
   "type": "Feature",
   "geometry": {
    "type": "Point",
    "coordinates": [
     -58.221829,
     -33.522245
    ]
   },
   "properties": {
    "kind": "network",
    "ssid": "",
    "bssid": "ap-af30ba3b9101",
    "security": "psk",
    "open": false,
    "frequency_mhz": null,
    "channel": null,
    "best_signal_dbm": -91,
    "best_signal_percent": 18,
    "seen": 6,
    "connected": false,
    "first_seen": "2026-09-22T19:11:54-03:00",
    "last_seen": "2026-09-22T19:12:19-03:00",
    "best_seen": "2026-09-22T19:11:54-03:00",
    "placed_by": "estimate",
    "spread_m": 7,
    "sightings": 6,
    "barely_pinned": true
   }
  },
  {
   "type": "Feature",
   "geometry": {
    "type": "Point",
    "coordinates": [
     -58.222119,
     -33.522259
    ]
   },
   "properties": {
    "kind": "network",
    "ssid": "",
    "bssid": "ap-4de43450b9cd",
    "security": "psk",
    "open": false,
    "frequency_mhz": null,
    "channel": null,
    "best_signal_dbm": -62,
    "best_signal_percent": 76,
    "seen": 49,
    "connected": false,
    "first_seen": "2026-09-22T19:08:24-03:00",
    "last_seen": "2026-09-22T19:47:47-03:00",
    "best_seen": "2026-09-22T19:11:59-03:00",
    "placed_by": "estimate",
    "spread_m": 51,
    "sightings": 49,
    "barely_pinned": false
   }
  },
  {
   "type": "Feature",
   "geometry": {
    "type": "Point",
    "coordinates": [
     -58.221466,
     -33.522054
    ]
   },
   "properties": {
    "kind": "network",
    "ssid": "",
    "bssid": "ap-d6fb7c421b9f",
    "security": "psk",
    "open": false,
    "frequency_mhz": 2422,
    "channel": 3,
    "best_signal_dbm": -90,
    "best_signal_percent": 20,
    "seen": 7,
    "connected": false,
    "first_seen": "2026-09-22T19:12:28-03:00",
    "last_seen": "2026-09-22T19:12:55-03:00",
    "best_seen": "2026-09-22T19:12:28-03:00",
    "placed_by": "estimate",
    "spread_m": 9,
    "sightings": 7,
    "barely_pinned": true
   }
  },
  {
   "type": "Feature",
   "geometry": {
    "type": "Point",
    "coordinates": [
     -58.221417,
     -33.522029
    ]
   },
   "properties": {
    "kind": "network",
    "ssid": "",
    "bssid": "ap-291b9a31e525",
    "security": "psk",
    "open": false,
    "frequency_mhz": 2432,
    "channel": 5,
    "best_signal_dbm": -76,
    "best_signal_percent": 48,
    "seen": 10,
    "connected": false,
    "first_seen": "2026-09-22T19:12:19-03:00",
    "last_seen": "2026-09-22T19:13:04-03:00",
    "best_seen": "2026-09-22T19:12:29-03:00",
    "placed_by": "estimate",
    "spread_m": 17,
    "sightings": 10,
    "barely_pinned": true
   }
  },
  {
   "type": "Feature",
   "geometry": {
    "type": "Point",
    "coordinates": [
     -58.221445,
     -33.522042
    ]
   },
   "properties": {
    "kind": "network",
    "ssid": "",
    "bssid": "ap-cc9a19daf317",
    "security": "psk",
    "open": false,
    "frequency_mhz": null,
    "channel": null,
    "best_signal_dbm": -72,
    "best_signal_percent": 56,
    "seen": 6,
    "connected": false,
    "first_seen": "2026-09-22T19:12:29-03:00",
    "last_seen": "2026-09-22T19:12:55-03:00",
    "best_seen": "2026-09-22T19:12:29-03:00",
    "placed_by": "estimate",
    "spread_m": 8,
    "sightings": 6,
    "barely_pinned": true
   }
  },
  {
   "type": "Feature",
   "geometry": {
    "type": "Point",
    "coordinates": [
     -58.22125,
     -33.521943
    ]
   },
   "properties": {
    "kind": "network",
    "ssid": "",
    "bssid": "ap-d44d4a6eaccf",
    "security": "psk",
    "open": false,
    "frequency_mhz": null,
    "channel": null,
    "best_signal_dbm": -80,
    "best_signal_percent": 40,
    "seen": 16,
    "connected": false,
    "first_seen": "2026-09-22T19:12:14-03:00",
    "last_seen": "2026-09-22T19:13:29-03:00",
    "best_seen": "2026-09-22T19:12:34-03:00",
    "placed_by": "estimate",
    "spread_m": 28,
    "sightings": 16,
    "barely_pinned": true
   }
  },
  {
   "type": "Feature",
   "geometry": {
    "type": "Point",
    "coordinates": [
     -58.221643,
     -33.521727
    ]
   },
   "properties": {
    "kind": "network",
    "ssid": "",
    "bssid": "ap-af2b51317cb3",
    "security": "psk",
    "open": false,
    "frequency_mhz": null,
    "channel": null,
    "best_signal_dbm": -84,
    "best_signal_percent": 32,
    "seen": 40,
    "connected": false,
    "first_seen": "2026-09-22T19:07:59-03:00",
    "last_seen": "2026-09-22T19:40:47-03:00",
    "best_seen": "2026-09-22T19:12:39-03:00",
    "placed_by": "estimate",
    "spread_m": 73,
    "sightings": 40,
    "barely_pinned": true
   }
  },
  {
   "type": "Feature",
   "geometry": {
    "type": "Point",
    "coordinates": [
     -58.221201,
     -33.521939
    ]
   },
   "properties": {
    "kind": "network",
    "ssid": "",
    "bssid": "ap-96e4ac150dd1",
    "security": "psk",
    "open": false,
    "frequency_mhz": 2422,
    "channel": 3,
    "best_signal_dbm": -53,
    "best_signal_percent": 94,
    "seen": 34,
    "connected": false,
    "first_seen": "2026-09-22T19:12:05-03:00",
    "last_seen": "2026-09-22T19:41:26-03:00",
    "best_seen": "2026-09-22T19:12:39-03:00",
    "placed_by": "estimate",
    "spread_m": 50,
    "sightings": 34,
    "barely_pinned": false
   }
  },
  {
   "type": "Feature",
   "geometry": {
    "type": "Point",
    "coordinates": [
     -58.221148,
     -33.52189
    ]
   },
   "properties": {
    "kind": "network",
    "ssid": "",
    "bssid": "ap-2d257bdeece3",
    "security": "psk",
    "open": false,
    "frequency_mhz": null,
    "channel": null,
    "best_signal_dbm": -53,
    "best_signal_percent": 94,
    "seen": 24,
    "connected": false,
    "first_seen": "2026-09-22T19:12:19-03:00",
    "last_seen": "2026-09-22T19:14:29-03:00",
    "best_seen": "2026-09-22T19:12:39-03:00",
    "placed_by": "estimate",
    "spread_m": 40,
    "sightings": 24,
    "barely_pinned": false
   }
  },
  {
   "type": "Feature",
   "geometry": {
    "type": "Point",
    "coordinates": [
     -58.221216,
     -33.521925
    ]
   },
   "properties": {
    "kind": "network",
    "ssid": "",
    "bssid": "ap-4dc4e29f7c15",
    "security": "psk",
    "open": false,
    "frequency_mhz": 2452,
    "channel": 9,
    "best_signal_dbm": -49,
    "best_signal_percent": 100,
    "seen": 18,
    "connected": false,
    "first_seen": "2026-09-22T19:12:28-03:00",
    "last_seen": "2026-09-22T19:13:49-03:00",
    "best_seen": "2026-09-22T19:12:39-03:00",
    "placed_by": "estimate",
    "spread_m": 32,
    "sightings": 18,
    "barely_pinned": true
   }
  },
  {
   "type": "Feature",
   "geometry": {
    "type": "Point",
    "coordinates": [
     -58.221216,
     -33.52186
    ]
   },
   "properties": {
    "kind": "network",
    "ssid": "",
    "bssid": "ap-48043a2c900d",
    "security": "psk",
    "open": false,
    "frequency_mhz": null,
    "channel": null,
    "best_signal_dbm": -61,
    "best_signal_percent": 78,
    "seen": 19,
    "connected": false,
    "first_seen": "2026-09-22T19:12:34-03:00",
    "last_seen": "2026-09-22T19:38:28-03:00",
    "best_seen": "2026-09-22T19:12:39-03:00",
    "placed_by": "estimate",
    "spread_m": 30,
    "sightings": 19,
    "barely_pinned": true
   }
  },
  {
   "type": "Feature",
   "geometry": {
    "type": "Point",
    "coordinates": [
     -58.221153,
     -33.521781
    ]
   },
   "properties": {
    "kind": "network",
    "ssid": "",
    "bssid": "ap-c2d20a954dbc",
    "security": "psk",
    "open": false,
    "frequency_mhz": 2417,
    "channel": 2,
    "best_signal_dbm": -67,
    "best_signal_percent": 66,
    "seen": 19,
    "connected": false,
    "first_seen": "2026-09-22T19:12:45-03:00",
    "last_seen": "2026-09-22T19:38:45-03:00",
    "best_seen": "2026-09-22T19:12:45-03:00",
    "placed_by": "estimate",
    "spread_m": 30,
    "sightings": 19,
    "barely_pinned": true
   }
  },
  {
   "type": "Feature",
   "geometry": {
    "type": "Point",
    "coordinates": [
     -58.221124,
     -33.521878
    ]
   },
   "properties": {
    "kind": "network",
    "ssid": "",
    "bssid": "ap-c05344324030",
    "security": "psk",
    "open": false,
    "frequency_mhz": null,
    "channel": null,
    "best_signal_dbm": -72,
    "best_signal_percent": 56,
    "seen": 6,
    "connected": false,
    "first_seen": "2026-09-22T19:12:49-03:00",
    "last_seen": "2026-09-22T19:13:14-03:00",
    "best_seen": "2026-09-22T19:12:49-03:00",
    "placed_by": "estimate",
    "spread_m": 18,
    "sightings": 6,
    "barely_pinned": true
   }
  },
  {
   "type": "Feature",
   "geometry": {
    "type": "Point",
    "coordinates": [
     -58.221019,
     -33.52155
    ]
   },
   "properties": {
    "kind": "network",
    "ssid": "",
    "bssid": "ap-82ca09b87bcb",
    "security": "psk",
    "open": false,
    "frequency_mhz": null,
    "channel": null,
    "best_signal_dbm": -70,
    "best_signal_percent": 60,
    "seen": 21,
    "connected": false,
    "first_seen": "2026-09-22T19:13:14-03:00",
    "last_seen": "2026-09-22T19:38:45-03:00",
    "best_seen": "2026-09-22T19:13:19-03:00",
    "placed_by": "estimate",
    "spread_m": 33,
    "sightings": 21,
    "barely_pinned": true
   }
  },
  {
   "type": "Feature",
   "geometry": {
    "type": "Point",
    "coordinates": [
     -58.220842,
     -33.521609
    ]
   },
   "properties": {
    "kind": "network",
    "ssid": "",
    "bssid": "ap-c1fc07581bbd",
    "security": "psk",
    "open": false,
    "frequency_mhz": 2457,
    "channel": 10,
    "best_signal_dbm": -58,
    "best_signal_percent": 84,
    "seen": 27,
    "connected": false,
    "first_seen": "2026-09-22T19:13:19-03:00",
    "last_seen": "2026-09-22T19:38:48-03:00",
    "best_seen": "2026-09-22T19:13:19-03:00",
    "placed_by": "estimate",
    "spread_m": 29,
    "sightings": 27,
    "barely_pinned": false
   }
  },
  {
   "type": "Feature",
   "geometry": {
    "type": "Point",
    "coordinates": [
     -58.22089,
     -33.521518
    ]
   },
   "properties": {
    "kind": "network",
    "ssid": "",
    "bssid": "ap-9f69e8714485",
    "security": "psk",
    "open": false,
    "frequency_mhz": 2417,
    "channel": 2,
    "best_signal_dbm": -52,
    "best_signal_percent": 96,
    "seen": 33,
    "connected": false,
    "first_seen": "2026-09-22T19:13:19-03:00",
    "last_seen": "2026-09-22T19:39:16-03:00",
    "best_seen": "2026-09-22T19:13:24-03:00",
    "placed_by": "estimate",
    "spread_m": 44,
    "sightings": 33,
    "barely_pinned": true
   }
  },
  {
   "type": "Feature",
   "geometry": {
    "type": "Point",
    "coordinates": [
     -58.220796,
     -33.521541
    ]
   },
   "properties": {
    "kind": "network",
    "ssid": "",
    "bssid": "ap-1a1d83989a24",
    "security": "psk",
    "open": false,
    "frequency_mhz": null,
    "channel": null,
    "best_signal_dbm": -61,
    "best_signal_percent": 78,
    "seen": 23,
    "connected": false,
    "first_seen": "2026-09-22T19:13:24-03:00",
    "last_seen": "2026-09-22T19:38:38-03:00",
    "best_seen": "2026-09-22T19:13:24-03:00",
    "placed_by": "estimate",
    "spread_m": 41,
    "sightings": 23,
    "barely_pinned": true
   }
  },
  {
   "type": "Feature",
   "geometry": {
    "type": "Point",
    "coordinates": [
     -58.220746,
     -33.521566
    ]
   },
   "properties": {
    "kind": "network",
    "ssid": "",
    "bssid": "ap-8919a37d6635",
    "security": "psk",
    "open": false,
    "frequency_mhz": null,
    "channel": null,
    "best_signal_dbm": -66,
    "best_signal_percent": 68,
    "seen": 29,
    "connected": false,
    "first_seen": "2026-09-22T19:12:45-03:00",
    "last_seen": "2026-09-22T19:38:33-03:00",
    "best_seen": "2026-09-22T19:13:29-03:00",
    "placed_by": "estimate",
    "spread_m": 43,
    "sightings": 29,
    "barely_pinned": true
   }
  },
  {
   "type": "Feature",
   "geometry": {
    "type": "Point",
    "coordinates": [
     -58.220879,
     -33.521753
    ]
   },
   "properties": {
    "kind": "network",
    "ssid": "",
    "bssid": "ap-860b5daa1102",
    "security": "psk",
    "open": false,
    "frequency_mhz": null,
    "channel": null,
    "best_signal_dbm": -66,
    "best_signal_percent": 68,
    "seen": 9,
    "connected": false,
    "first_seen": "2026-09-22T19:12:55-03:00",
    "last_seen": "2026-09-22T19:13:35-03:00",
    "best_seen": "2026-09-22T19:13:29-03:00",
    "placed_by": "estimate",
    "spread_m": 15,
    "sightings": 9,
    "barely_pinned": true
   }
  },
  {
   "type": "Feature",
   "geometry": {
    "type": "Point",
    "coordinates": [
     -58.220229,
     -33.521376
    ]
   },
   "properties": {
    "kind": "network",
    "ssid": "",
    "bssid": "ap-efd8a807ac4f",
    "security": "psk",
    "open": false,
    "frequency_mhz": null,
    "channel": null,
    "best_signal_dbm": -80,
    "best_signal_percent": 40,
    "seen": 28,
    "connected": false,
    "first_seen": "2026-09-22T19:13:29-03:00",
    "last_seen": "2026-09-22T19:32:52-03:00",
    "best_seen": "2026-09-22T19:13:39-03:00",
    "placed_by": "estimate",
    "spread_m": 35,
    "sightings": 28,
    "barely_pinned": true
   }
  },
  {
   "type": "Feature",
   "geometry": {
    "type": "Point",
    "coordinates": [
     -58.22019,
     -33.521498
    ]
   },
   "properties": {
    "kind": "network",
    "ssid": "",
    "bssid": "ap-3f6518d8ff66",
    "security": "psk",
    "open": false,
    "frequency_mhz": 2422,
    "channel": 3,
    "best_signal_dbm": -71,
    "best_signal_percent": 58,
    "seen": 16,
    "connected": false,
    "first_seen": "2026-09-22T19:13:39-03:00",
    "last_seen": "2026-09-22T19:32:47-03:00",
    "best_seen": "2026-09-22T19:13:39-03:00",
    "placed_by": "estimate",
    "spread_m": 24,
    "sightings": 16,
    "barely_pinned": true
   }
  },
  {
   "type": "Feature",
   "geometry": {
    "type": "Point",
    "coordinates": [
     -58.220036,
     -33.521398
    ]
   },
   "properties": {
    "kind": "network",
    "ssid": "",
    "bssid": "ap-cbb0681d317b",
    "security": "psk",
    "open": false,
    "frequency_mhz": 2442,
    "channel": 7,
    "best_signal_dbm": -52,
    "best_signal_percent": 96,
    "seen": 40,
    "connected": false,
    "first_seen": "2026-09-22T19:13:35-03:00",
    "last_seen": "2026-09-22T19:33:17-03:00",
    "best_seen": "2026-09-22T19:13:49-03:00",
    "placed_by": "estimate",
    "spread_m": 32,
    "sightings": 40,
    "barely_pinned": false
   }
  },
  {
   "type": "Feature",
   "geometry": {
    "type": "Point",
    "coordinates": [
     -58.220141,
     -33.521363
    ]
   },
   "properties": {
    "kind": "network",
    "ssid": "",
    "bssid": "ap-cc58aaa62ca2",
    "security": "psk",
    "open": false,
    "frequency_mhz": null,
    "channel": null,
    "best_signal_dbm": -66,
    "best_signal_percent": 68,
    "seen": 30,
    "connected": false,
    "first_seen": "2026-09-22T19:13:48-03:00",
    "last_seen": "2026-09-22T19:38:48-03:00",
    "best_seen": "2026-09-22T19:13:49-03:00",
    "placed_by": "estimate",
    "spread_m": 37,
    "sightings": 30,
    "barely_pinned": true
   }
  },
  {
   "type": "Feature",
   "geometry": {
    "type": "Point",
    "coordinates": [
     -58.220199,
     -33.521405
    ]
   },
   "properties": {
    "kind": "network",
    "ssid": "",
    "bssid": "ap-980e832cc5c6",
    "security": "psk",
    "open": false,
    "frequency_mhz": null,
    "channel": null,
    "best_signal_dbm": -89,
    "best_signal_percent": 22,
    "seen": 8,
    "connected": false,
    "first_seen": "2026-09-22T19:13:48-03:00",
    "last_seen": "2026-09-22T19:14:20-03:00",
    "best_seen": "2026-09-22T19:13:49-03:00",
    "placed_by": "estimate",
    "spread_m": 12,
    "sightings": 8,
    "barely_pinned": true
   }
  },
  {
   "type": "Feature",
   "geometry": {
    "type": "Point",
    "coordinates": [
     -58.22026,
     -33.521436
    ]
   },
   "properties": {
    "kind": "network",
    "ssid": "",
    "bssid": "ap-55e1b1529988",
    "security": "psk",
    "open": false,
    "frequency_mhz": 2457,
    "channel": 10,
    "best_signal_dbm": -80,
    "best_signal_percent": 40,
    "seen": 15,
    "connected": false,
    "first_seen": "2026-09-22T19:13:24-03:00",
    "last_seen": "2026-09-22T19:14:35-03:00",
    "best_seen": "2026-09-22T19:13:54-03:00",
    "placed_by": "estimate",
    "spread_m": 26,
    "sightings": 15,
    "barely_pinned": true
   }
  },
  {
   "type": "Feature",
   "geometry": {
    "type": "Point",
    "coordinates": [
     -58.220165,
     -33.521444
    ]
   },
   "properties": {
    "kind": "network",
    "ssid": "",
    "bssid": "ap-0607decd1b65",
    "security": "psk",
    "open": false,
    "frequency_mhz": 2432,
    "channel": 5,
    "best_signal_dbm": -62,
    "best_signal_percent": 76,
    "seen": 37,
    "connected": false,
    "first_seen": "2026-09-22T19:13:48-03:00",
    "last_seen": "2026-09-22T19:38:18-03:00",
    "best_seen": "2026-09-22T19:14:04-03:00",
    "placed_by": "estimate",
    "spread_m": 36,
    "sightings": 37,
    "barely_pinned": false
   }
  },
  {
   "type": "Feature",
   "geometry": {
    "type": "Point",
    "coordinates": [
     -58.220039,
     -33.521428
    ]
   },
   "properties": {
    "kind": "network",
    "ssid": "",
    "bssid": "ap-b69fe5564445",
    "security": "psk",
    "open": false,
    "frequency_mhz": null,
    "channel": null,
    "best_signal_dbm": -59,
    "best_signal_percent": 82,
    "seen": 21,
    "connected": false,
    "first_seen": "2026-09-22T19:13:48-03:00",
    "last_seen": "2026-09-22T19:32:47-03:00",
    "best_seen": "2026-09-22T19:14:04-03:00",
    "placed_by": "estimate",
    "spread_m": 21,
    "sightings": 21,
    "barely_pinned": true
   }
  },
  {
   "type": "Feature",
   "geometry": {
    "type": "Point",
    "coordinates": [
     -58.219985,
     -33.521347
    ]
   },
   "properties": {
    "kind": "network",
    "ssid": "",
    "bssid": "ap-64976a8628be",
    "security": "psk",
    "open": false,
    "frequency_mhz": 2427,
    "channel": 4,
    "best_signal_dbm": -50,
    "best_signal_percent": 100,
    "seen": 22,
    "connected": false,
    "first_seen": "2026-09-22T19:13:54-03:00",
    "last_seen": "2026-09-22T19:32:47-03:00",
    "best_seen": "2026-09-22T19:14:02-03:00",
    "placed_by": "estimate",
    "spread_m": 24,
    "sightings": 22,
    "barely_pinned": true
   }
  },
  {
   "type": "Feature",
   "geometry": {
    "type": "Point",
    "coordinates": [
     -58.220065,
     -33.521336
    ]
   },
   "properties": {
    "kind": "network",
    "ssid": "",
    "bssid": "ap-e980f72cb30e",
    "security": "psk",
    "open": false,
    "frequency_mhz": null,
    "channel": null,
    "best_signal_dbm": -72,
    "best_signal_percent": 56,
    "seen": 9,
    "connected": false,
    "first_seen": "2026-09-22T19:13:54-03:00",
    "last_seen": "2026-09-22T19:14:35-03:00",
    "best_seen": "2026-09-22T19:14:02-03:00",
    "placed_by": "estimate",
    "spread_m": 16,
    "sightings": 9,
    "barely_pinned": true
   }
  },
  {
   "type": "Feature",
   "geometry": {
    "type": "Point",
    "coordinates": [
     -58.220037,
     -33.521322
    ]
   },
   "properties": {
    "kind": "network",
    "ssid": "",
    "bssid": "ap-569f5b727573",
    "security": "psk",
    "open": false,
    "frequency_mhz": null,
    "channel": null,
    "best_signal_dbm": -76,
    "best_signal_percent": 48,
    "seen": 7,
    "connected": false,
    "first_seen": "2026-09-22T19:14:02-03:00",
    "last_seen": "2026-09-22T19:14:29-03:00",
    "best_seen": "2026-09-22T19:14:02-03:00",
    "placed_by": "estimate",
    "spread_m": 14,
    "sightings": 7,
    "barely_pinned": true
   }
  },
  {
   "type": "Feature",
   "geometry": {
    "type": "Point",
    "coordinates": [
     -58.220037,
     -33.521322
    ]
   },
   "properties": {
    "kind": "network",
    "ssid": "",
    "bssid": "ap-e54245f33ee5",
    "security": "psk",
    "open": false,
    "frequency_mhz": null,
    "channel": null,
    "best_signal_dbm": -90,
    "best_signal_percent": 20,
    "seen": 7,
    "connected": false,
    "first_seen": "2026-09-22T19:14:02-03:00",
    "last_seen": "2026-09-22T19:14:29-03:00",
    "best_seen": "2026-09-22T19:14:02-03:00",
    "placed_by": "estimate",
    "spread_m": 14,
    "sightings": 7,
    "barely_pinned": true
   }
  },
  {
   "type": "Feature",
   "geometry": {
    "type": "Point",
    "coordinates": [
     -58.220236,
     -33.521414
    ]
   },
   "properties": {
    "kind": "network",
    "ssid": "",
    "bssid": "ap-d6cf74a21378",
    "security": "psk",
    "open": false,
    "frequency_mhz": null,
    "channel": null,
    "best_signal_dbm": -62,
    "best_signal_percent": 76,
    "seen": 40,
    "connected": false,
    "first_seen": "2026-09-22T19:13:35-03:00",
    "last_seen": "2026-09-22T19:38:38-03:00",
    "best_seen": "2026-09-22T19:14:09-03:00",
    "placed_by": "estimate",
    "spread_m": 39,
    "sightings": 40,
    "barely_pinned": false
   }
  },
  {
   "type": "Feature",
   "geometry": {
    "type": "Point",
    "coordinates": [
     -58.219914,
     -33.52152
    ]
   },
   "properties": {
    "kind": "network",
    "ssid": "",
    "bssid": "ap-ee42cee255fb",
    "security": "psk",
    "open": false,
    "frequency_mhz": null,
    "channel": null,
    "best_signal_dbm": -51,
    "best_signal_percent": 98,
    "seen": 47,
    "connected": false,
    "first_seen": "2026-09-22T19:13:48-03:00",
    "last_seen": "2026-09-22T19:41:26-03:00",
    "best_seen": "2026-09-22T19:14:09-03:00",
    "placed_by": "estimate",
    "spread_m": 45,
    "sightings": 47,
    "barely_pinned": false
   }
  },
  {
   "type": "Feature",
   "geometry": {
    "type": "Point",
    "coordinates": [
     -58.219745,
     -33.521243
    ]
   },
   "properties": {
    "kind": "network",
    "ssid": "",
    "bssid": "ap-9248fd2111de",
    "security": "psk",
    "open": false,
    "frequency_mhz": null,
    "channel": null,
    "best_signal_dbm": -66,
    "best_signal_percent": 68,
    "seen": 19,
    "connected": false,
    "first_seen": "2026-09-22T19:14:26-03:00",
    "last_seen": "2026-09-22T19:32:42-03:00",
    "best_seen": "2026-09-22T19:14:26-03:00",
    "placed_by": "estimate",
    "spread_m": 24,
    "sightings": 19,
    "barely_pinned": false
   }
  },
  {
   "type": "Feature",
   "geometry": {
    "type": "Point",
    "coordinates": [
     -58.219713,
     -33.521276
    ]
   },
   "properties": {
    "kind": "network",
    "ssid": "",
    "bssid": "ap-b1bf17221c65",
    "security": "psk",
    "open": false,
    "frequency_mhz": 2422,
    "channel": 3,
    "best_signal_dbm": -61,
    "best_signal_percent": 78,
    "seen": 39,
    "connected": false,
    "first_seen": "2026-09-22T19:14:02-03:00",
    "last_seen": "2026-09-22T19:33:17-03:00",
    "best_seen": "2026-09-22T19:14:35-03:00",
    "placed_by": "estimate",
    "spread_m": 37,
    "sightings": 39,
    "barely_pinned": true
   }
  },
  {
   "type": "Feature",
   "geometry": {
    "type": "Point",
    "coordinates": [
     -58.219699,
     -33.521331
    ]
   },
   "properties": {
    "kind": "network",
    "ssid": "",
    "bssid": "ap-562bdfdf3c8f",
    "security": "psk",
    "open": false,
    "frequency_mhz": 2462,
    "channel": 11,
    "best_signal_dbm": -66,
    "best_signal_percent": 68,
    "seen": 38,
    "connected": false,
    "first_seen": "2026-09-22T19:14:20-03:00",
    "last_seen": "2026-09-22T19:33:27-03:00",
    "best_seen": "2026-09-22T19:14:39-03:00",
    "placed_by": "estimate",
    "spread_m": 40,
    "sightings": 38,
    "barely_pinned": true
   }
  },
  {
   "type": "Feature",
   "geometry": {
    "type": "Point",
    "coordinates": [
     -58.219745,
     -33.521307
    ]
   },
   "properties": {
    "kind": "network",
    "ssid": "",
    "bssid": "ap-ad5d5ba2cd82",
    "security": "psk",
    "open": false,
    "frequency_mhz": null,
    "channel": null,
    "best_signal_dbm": -66,
    "best_signal_percent": 68,
    "seen": 18,
    "connected": false,
    "first_seen": "2026-09-22T19:14:26-03:00",
    "last_seen": "2026-09-22T19:32:52-03:00",
    "best_seen": "2026-09-22T19:14:39-03:00",
    "placed_by": "estimate",
    "spread_m": 29,
    "sightings": 18,
    "barely_pinned": true
   }
  },
  {
   "type": "Feature",
   "geometry": {
    "type": "Point",
    "coordinates": [
     -58.219496,
     -33.521056
    ]
   },
   "properties": {
    "kind": "network",
    "ssid": "",
    "bssid": "ap-7b4757acdebf",
    "security": "psk",
    "open": false,
    "frequency_mhz": null,
    "channel": null,
    "best_signal_dbm": -70,
    "best_signal_percent": 60,
    "seen": 14,
    "connected": false,
    "first_seen": "2026-09-22T19:14:29-03:00",
    "last_seen": "2026-09-22T19:15:34-03:00",
    "best_seen": "2026-09-22T19:14:44-03:00",
    "placed_by": "estimate",
    "spread_m": 20,
    "sightings": 14,
    "barely_pinned": true
   }
  },
  {
   "type": "Feature",
   "geometry": {
    "type": "Point",
    "coordinates": [
     -58.219459,
     -33.521004
    ]
   },
   "properties": {
    "kind": "network",
    "ssid": "",
    "bssid": "ap-f2428e3b6fba",
    "security": "psk",
    "open": false,
    "frequency_mhz": 2427,
    "channel": 4,
    "best_signal_dbm": -69,
    "best_signal_percent": 62,
    "seen": 25,
    "connected": false,
    "first_seen": "2026-09-22T19:14:26-03:00",
    "last_seen": "2026-09-22T19:29:27-03:00",
    "best_seen": "2026-09-22T19:14:49-03:00",
    "placed_by": "estimate",
    "spread_m": 25,
    "sightings": 25,
    "barely_pinned": true
   }
  },
  {
   "type": "Feature",
   "geometry": {
    "type": "Point",
    "coordinates": [
     -58.219376,
     -33.520998
    ]
   },
   "properties": {
    "kind": "network",
    "ssid": "",
    "bssid": "ap-5dee088ccaf4",
    "security": "psk",
    "open": false,
    "frequency_mhz": 2447,
    "channel": 8,
    "best_signal_dbm": -85,
    "best_signal_percent": 30,
    "seen": 10,
    "connected": false,
    "first_seen": "2026-09-22T19:14:49-03:00",
    "last_seen": "2026-09-22T19:15:34-03:00",
    "best_seen": "2026-09-22T19:14:49-03:00",
    "placed_by": "estimate",
    "spread_m": 15,
    "sightings": 10,
    "barely_pinned": true
   }
  },
  {
   "type": "Feature",
   "geometry": {
    "type": "Point",
    "coordinates": [
     -58.219399,
     -33.521006
    ]
   },
   "properties": {
    "kind": "network",
    "ssid": "",
    "bssid": "ap-0da0b3751d0b",
    "security": "psk",
    "open": false,
    "frequency_mhz": null,
    "channel": null,
    "best_signal_dbm": -75,
    "best_signal_percent": 50,
    "seen": 9,
    "connected": false,
    "first_seen": "2026-09-22T19:14:49-03:00",
    "last_seen": "2026-09-22T19:15:29-03:00",
    "best_seen": "2026-09-22T19:14:54-03:00",
    "placed_by": "estimate",
    "spread_m": 15,
    "sightings": 9,
    "barely_pinned": true
   }
  },
  {
   "type": "Feature",
   "geometry": {
    "type": "Point",
    "coordinates": [
     -58.219251,
     -33.520967
    ]
   },
   "properties": {
    "kind": "network",
    "ssid": "",
    "bssid": "ap-3fea6edd9a11",
    "security": "psk",
    "open": false,
    "frequency_mhz": null,
    "channel": null,
    "best_signal_dbm": -64,
    "best_signal_percent": 72,
    "seen": 20,
    "connected": false,
    "first_seen": "2026-09-22T19:14:44-03:00",
    "last_seen": "2026-09-22T19:29:16-03:00",
    "best_seen": "2026-09-22T19:15:04-03:00",
    "placed_by": "estimate",
    "spread_m": 19,
    "sightings": 20,
    "barely_pinned": true
   }
  },
  {
   "type": "Feature",
   "geometry": {
    "type": "Point",
    "coordinates": [
     -58.219328,
     -33.520977
    ]
   },
   "properties": {
    "kind": "network",
    "ssid": "",
    "bssid": "ap-f46255c4ff80",
    "security": "psk",
    "open": false,
    "frequency_mhz": null,
    "channel": null,
    "best_signal_dbm": -64,
    "best_signal_percent": 72,
    "seen": 11,
    "connected": false,
    "first_seen": "2026-09-22T19:14:44-03:00",
    "last_seen": "2026-09-22T19:15:34-03:00",
    "best_seen": "2026-09-22T19:15:04-03:00",
    "placed_by": "estimate",
    "spread_m": 14,
    "sightings": 11,
    "barely_pinned": true
   }
  },
  {
   "type": "Feature",
   "geometry": {
    "type": "Point",
    "coordinates": [
     -58.219235,
     -33.520967
    ]
   },
   "properties": {
    "kind": "network",
    "ssid": "",
    "bssid": "ap-43b18321085a",
    "security": "psk",
    "open": false,
    "frequency_mhz": null,
    "channel": null,
    "best_signal_dbm": -64,
    "best_signal_percent": 72,
    "seen": 20,
    "connected": false,
    "first_seen": "2026-09-22T19:14:44-03:00",
    "last_seen": "2026-09-22T19:29:16-03:00",
    "best_seen": "2026-09-22T19:15:04-03:00",
    "placed_by": "estimate",
    "spread_m": 17,
    "sightings": 20,
    "barely_pinned": true
   }
  },
  {
   "type": "Feature",
   "geometry": {
    "type": "Point",
    "coordinates": [
     -58.219274,
     -33.520957
    ]
   },
   "properties": {
    "kind": "network",
    "ssid": "",
    "bssid": "ap-ba3b45995c57",
    "security": "psk",
    "open": false,
    "frequency_mhz": 2447,
    "channel": 8,
    "best_signal_dbm": -51,
    "best_signal_percent": 98,
    "seen": 19,
    "connected": false,
    "first_seen": "2026-09-22T19:14:49-03:00",
    "last_seen": "2026-09-22T19:29:16-03:00",
    "best_seen": "2026-09-22T19:15:04-03:00",
    "placed_by": "estimate",
    "spread_m": 16,
    "sightings": 19,
    "barely_pinned": true
   }
  },
  {
   "type": "Feature",
   "geometry": {
    "type": "Point",
    "coordinates": [
     -58.219301,
     -33.520965
    ]
   },
   "properties": {
    "kind": "network",
    "ssid": "",
    "bssid": "ap-33b18d98924c",
    "security": "psk",
    "open": false,
    "frequency_mhz": null,
    "channel": null,
    "best_signal_dbm": -64,
    "best_signal_percent": 72,
    "seen": 9,
    "connected": false,
    "first_seen": "2026-09-22T19:14:54-03:00",
    "last_seen": "2026-09-22T19:15:34-03:00",
    "best_seen": "2026-09-22T19:15:04-03:00",
    "placed_by": "estimate",
    "spread_m": 12,
    "sightings": 9,
    "barely_pinned": true
   }
  },
  {
   "type": "Feature",
   "geometry": {
    "type": "Point",
    "coordinates": [
     -58.21924,
     -33.520933
    ]
   },
   "properties": {
    "kind": "network",
    "ssid": "",
    "bssid": "ap-7dbd02e9bae7",
    "security": "psk",
    "open": false,
    "frequency_mhz": 2432,
    "channel": 5,
    "best_signal_dbm": -68,
    "best_signal_percent": 64,
    "seen": 19,
    "connected": false,
    "first_seen": "2026-09-22T19:15:00-03:00",
    "last_seen": "2026-09-22T19:29:25-03:00",
    "best_seen": "2026-09-22T19:15:04-03:00",
    "placed_by": "estimate",
    "spread_m": 16,
    "sightings": 19,
    "barely_pinned": true
   }
  },
  {
   "type": "Feature",
   "geometry": {
    "type": "Point",
    "coordinates": [
     -58.219314,
     -33.52086
    ]
   },
   "properties": {
    "kind": "network",
    "ssid": "",
    "bssid": "ap-f80874dc2d70",
    "security": "psk",
    "open": false,
    "frequency_mhz": 2432,
    "channel": 5,
    "best_signal_dbm": -46,
    "best_signal_percent": 100,
    "seen": 44,
    "connected": false,
    "first_seen": "2026-09-22T19:14:39-03:00",
    "last_seen": "2026-09-22T19:31:02-03:00",
    "best_seen": "2026-09-22T19:15:10-03:00",
    "placed_by": "estimate",
    "spread_m": 24,
    "sightings": 44,
    "barely_pinned": false
   }
  },
  {
   "type": "Feature",
   "geometry": {
    "type": "Point",
    "coordinates": [
     -58.21924,
     -33.520873
    ]
   },
   "properties": {
    "kind": "network",
    "ssid": "",
    "bssid": "ap-d2b2f7fe3d7c",
    "security": "psk",
    "open": false,
    "frequency_mhz": null,
    "channel": null,
    "best_signal_dbm": -55,
    "best_signal_percent": 90,
    "seen": 30,
    "connected": false,
    "first_seen": "2026-09-22T19:14:54-03:00",
    "last_seen": "2026-09-22T19:29:52-03:00",
    "best_seen": "2026-09-22T19:15:10-03:00",
    "placed_by": "estimate",
    "spread_m": 19,
    "sightings": 30,
    "barely_pinned": false
   }
  },
  {
   "type": "Feature",
   "geometry": {
    "type": "Point",
    "coordinates": [
     -58.219178,
     -33.520945
    ]
   },
   "properties": {
    "kind": "network",
    "ssid": "",
    "bssid": "ap-34ac5f9ecceb",
    "security": "psk",
    "open": false,
    "frequency_mhz": null,
    "channel": null,
    "best_signal_dbm": -77,
    "best_signal_percent": 46,
    "seen": 53,
    "connected": false,
    "first_seen": "2026-09-22T19:15:00-03:00",
    "last_seen": "2026-09-22T19:30:37-03:00",
    "best_seen": "2026-09-22T19:15:44-03:00",
    "placed_by": "estimate",
    "spread_m": 45,
    "sightings": 53,
    "barely_pinned": true
   }
  },
  {
   "type": "Feature",
   "geometry": {
    "type": "Point",
    "coordinates": [
     -58.219024,
     -33.521075
    ]
   },
   "properties": {
    "kind": "network",
    "ssid": "",
    "bssid": "ap-3f656a98e9c9",
    "security": "psk",
    "open": false,
    "frequency_mhz": null,
    "channel": null,
    "best_signal_dbm": -73,
    "best_signal_percent": 54,
    "seen": 22,
    "connected": false,
    "first_seen": "2026-09-22T19:15:19-03:00",
    "last_seen": "2026-09-22T19:29:11-03:00",
    "best_seen": "2026-09-22T19:15:49-03:00",
    "placed_by": "estimate",
    "spread_m": 19,
    "sightings": 22,
    "barely_pinned": true
   }
  },
  {
   "type": "Feature",
   "geometry": {
    "type": "Point",
    "coordinates": [
     -58.219003,
     -33.521123
    ]
   },
   "properties": {
    "kind": "network",
    "ssid": "",
    "bssid": "ap-f78f4253b9b8",
    "security": "psk",
    "open": false,
    "frequency_mhz": 2442,
    "channel": 7,
    "best_signal_dbm": -73,
    "best_signal_percent": 54,
    "seen": 30,
    "connected": false,
    "first_seen": "2026-09-22T19:15:29-03:00",
    "last_seen": "2026-09-22T19:29:27-03:00",
    "best_seen": "2026-09-22T19:15:49-03:00",
    "placed_by": "estimate",
    "spread_m": 27,
    "sightings": 30,
    "barely_pinned": true
   }
  },
  {
   "type": "Feature",
   "geometry": {
    "type": "Point",
    "coordinates": [
     -58.218856,
     -33.521674
    ]
   },
   "properties": {
    "kind": "network",
    "ssid": "",
    "bssid": "ap-f6fedab72009",
    "security": "psk",
    "open": false,
    "frequency_mhz": null,
    "channel": null,
    "best_signal_dbm": -64,
    "best_signal_percent": 72,
    "seen": 28,
    "connected": false,
    "first_seen": "2026-09-22T19:16:14-03:00",
    "last_seen": "2026-09-22T19:28:32-03:00",
    "best_seen": "2026-09-22T19:16:24-03:00",
    "placed_by": "estimate",
    "spread_m": 26,
    "sightings": 28,
    "barely_pinned": true
   }
  },
  {
   "type": "Feature",
   "geometry": {
    "type": "Point",
    "coordinates": [
     -58.218897,
     -33.521713
    ]
   },
   "properties": {
    "kind": "network",
    "ssid": "",
    "bssid": "ap-034aead5a82e",
    "security": "psk",
    "open": false,
    "frequency_mhz": null,
    "channel": null,
    "best_signal_dbm": -67,
    "best_signal_percent": 66,
    "seen": 28,
    "connected": false,
    "first_seen": "2026-09-22T19:16:24-03:00",
    "last_seen": "2026-09-22T19:28:26-03:00",
    "best_seen": "2026-09-22T19:16:34-03:00",
    "placed_by": "estimate",
    "spread_m": 30,
    "sightings": 28,
    "barely_pinned": true
   }
  },
  {
   "type": "Feature",
   "geometry": {
    "type": "Point",
    "coordinates": [
     -58.218832,
     -33.521755
    ]
   },
   "properties": {
    "kind": "network",
    "ssid": "",
    "bssid": "ap-b0e83707cd2f",
    "security": "psk",
    "open": false,
    "frequency_mhz": 2422,
    "channel": 3,
    "best_signal_dbm": -79,
    "best_signal_percent": 42,
    "seen": 7,
    "connected": false,
    "first_seen": "2026-09-22T19:16:34-03:00",
    "last_seen": "2026-09-22T19:17:00-03:00",
    "best_seen": "2026-09-22T19:16:34-03:00",
    "placed_by": "estimate",
    "spread_m": 8,
    "sightings": 7,
    "barely_pinned": true
   }
  },
  {
   "type": "Feature",
   "geometry": {
    "type": "Point",
    "coordinates": [
     -58.218816,
     -33.521747
    ]
   },
   "properties": {
    "kind": "network",
    "ssid": "",
    "bssid": "ap-b82ba722b07a",
    "security": "psk",
    "open": false,
    "frequency_mhz": 2442,
    "channel": 7,
    "best_signal_dbm": -80,
    "best_signal_percent": 40,
    "seen": 6,
    "connected": false,
    "first_seen": "2026-09-22T19:16:34-03:00",
    "last_seen": "2026-09-22T19:16:55-03:00",
    "best_seen": "2026-09-22T19:16:34-03:00",
    "placed_by": "estimate",
    "spread_m": 7,
    "sightings": 6,
    "barely_pinned": true
   }
  },
  {
   "type": "Feature",
   "geometry": {
    "type": "Point",
    "coordinates": [
     -58.218832,
     -33.521755
    ]
   },
   "properties": {
    "kind": "network",
    "ssid": "",
    "bssid": "ap-f8c2eb96da2c",
    "security": "psk",
    "open": false,
    "frequency_mhz": 2422,
    "channel": 3,
    "best_signal_dbm": -80,
    "best_signal_percent": 40,
    "seen": 7,
    "connected": false,
    "first_seen": "2026-09-22T19:16:34-03:00",
    "last_seen": "2026-09-22T19:17:00-03:00",
    "best_seen": "2026-09-22T19:16:34-03:00",
    "placed_by": "estimate",
    "spread_m": 8,
    "sightings": 7,
    "barely_pinned": true
   }
  },
  {
   "type": "Feature",
   "geometry": {
    "type": "Point",
    "coordinates": [
     -58.218832,
     -33.521755
    ]
   },
   "properties": {
    "kind": "network",
    "ssid": "",
    "bssid": "ap-4c03b453e29d",
    "security": "psk",
    "open": false,
    "frequency_mhz": 2437,
    "channel": 6,
    "best_signal_dbm": -82,
    "best_signal_percent": 36,
    "seen": 7,
    "connected": false,
    "first_seen": "2026-09-22T19:16:34-03:00",
    "last_seen": "2026-09-22T19:17:00-03:00",
    "best_seen": "2026-09-22T19:16:34-03:00",
    "placed_by": "estimate",
    "spread_m": 8,
    "sightings": 7,
    "barely_pinned": true
   }
  },
  {
   "type": "Feature",
   "geometry": {
    "type": "Point",
    "coordinates": [
     -58.218832,
     -33.521755
    ]
   },
   "properties": {
    "kind": "network",
    "ssid": "",
    "bssid": "ap-2990e92a7995",
    "security": "psk",
    "open": false,
    "frequency_mhz": 5745,
    "channel": 149,
    "best_signal_dbm": -90,
    "best_signal_percent": 20,
    "seen": 7,
    "connected": false,
    "first_seen": "2026-09-22T19:16:34-03:00",
    "last_seen": "2026-09-22T19:17:00-03:00",
    "best_seen": "2026-09-22T19:16:34-03:00",
    "placed_by": "estimate",
    "spread_m": 8,
    "sightings": 7,
    "barely_pinned": true
   }
  },
  {
   "type": "Feature",
   "geometry": {
    "type": "Point",
    "coordinates": [
     -58.218832,
     -33.521755
    ]
   },
   "properties": {
    "kind": "network",
    "ssid": "",
    "bssid": "ap-6d23cabd5370",
    "security": "psk",
    "open": false,
    "frequency_mhz": 5180,
    "channel": 36,
    "best_signal_dbm": -93,
    "best_signal_percent": 14,
    "seen": 7,
    "connected": false,
    "first_seen": "2026-09-22T19:16:34-03:00",
    "last_seen": "2026-09-22T19:17:00-03:00",
    "best_seen": "2026-09-22T19:16:34-03:00",
    "placed_by": "estimate",
    "spread_m": 8,
    "sightings": 7,
    "barely_pinned": true
   }
  },
  {
   "type": "Feature",
   "geometry": {
    "type": "Point",
    "coordinates": [
     -58.218832,
     -33.521755
    ]
   },
   "properties": {
    "kind": "network",
    "ssid": "",
    "bssid": "ap-4dc468ffb2d5",
    "security": "psk",
    "open": false,
    "frequency_mhz": 5260,
    "channel": 52,
    "best_signal_dbm": -94,
    "best_signal_percent": 12,
    "seen": 7,
    "connected": false,
    "first_seen": "2026-09-22T19:16:34-03:00",
    "last_seen": "2026-09-22T19:17:00-03:00",
    "best_seen": "2026-09-22T19:16:34-03:00",
    "placed_by": "estimate",
    "spread_m": 8,
    "sightings": 7,
    "barely_pinned": true
   }
  },
  {
   "type": "Feature",
   "geometry": {
    "type": "Point",
    "coordinates": [
     -58.218917,
     -33.521739
    ]
   },
   "properties": {
    "kind": "network",
    "ssid": "",
    "bssid": "ap-8364e7739b22",
    "security": "psk",
    "open": false,
    "frequency_mhz": 2427,
    "channel": 4,
    "best_signal_dbm": -68,
    "best_signal_percent": 64,
    "seen": 35,
    "connected": false,
    "first_seen": "2026-09-22T19:16:14-03:00",
    "last_seen": "2026-09-22T19:28:21-03:00",
    "best_seen": "2026-09-22T19:16:36-03:00",
    "placed_by": "estimate",
    "spread_m": 34,
    "sightings": 35,
    "barely_pinned": false
   }
  },
  {
   "type": "Feature",
   "geometry": {
    "type": "Point",
    "coordinates": [
     -58.218805,
     -33.521646
    ]
   },
   "properties": {
    "kind": "network",
    "ssid": "",
    "bssid": "ap-ea81e0905672",
    "security": "psk",
    "open": false,
    "frequency_mhz": null,
    "channel": null,
    "best_signal_dbm": -68,
    "best_signal_percent": 64,
    "seen": 29,
    "connected": false,
    "first_seen": "2026-09-22T19:16:19-03:00",
    "last_seen": "2026-09-22T19:28:41-03:00",
    "best_seen": "2026-09-22T19:16:36-03:00",
    "placed_by": "estimate",
    "spread_m": 25,
    "sightings": 29,
    "barely_pinned": true
   }
  },
  {
   "type": "Feature",
   "geometry": {
    "type": "Point",
    "coordinates": [
     -58.218829,
     -33.521676
    ]
   },
   "properties": {
    "kind": "network",
    "ssid": "",
    "bssid": "ap-eb69736ea108",
    "security": "psk",
    "open": false,
    "frequency_mhz": null,
    "channel": null,
    "best_signal_dbm": -67,
    "best_signal_percent": 66,
    "seen": 20,
    "connected": false,
    "first_seen": "2026-09-22T19:16:34-03:00",
    "last_seen": "2026-09-22T19:28:21-03:00",
    "best_seen": "2026-09-22T19:16:36-03:00",
    "placed_by": "estimate",
    "spread_m": 22,
    "sightings": 20,
    "barely_pinned": true
   }
  },
  {
   "type": "Feature",
   "geometry": {
    "type": "Point",
    "coordinates": [
     -58.218872,
     -33.521776
    ]
   },
   "properties": {
    "kind": "network",
    "ssid": "",
    "bssid": "ap-b9b032c270fb",
    "security": "psk",
    "open": false,
    "frequency_mhz": null,
    "channel": null,
    "best_signal_dbm": -88,
    "best_signal_percent": 24,
    "seen": 8,
    "connected": false,
    "first_seen": "2026-09-22T19:16:34-03:00",
    "last_seen": "2026-09-22T19:17:06-03:00",
    "best_seen": "2026-09-22T19:16:36-03:00",
    "placed_by": "estimate",
    "spread_m": 10,
    "sightings": 8,
    "barely_pinned": true
   }
  },
  {
   "type": "Feature",
   "geometry": {
    "type": "Point",
    "coordinates": [
     -58.218918,
     -33.521799
    ]
   },
   "properties": {
    "kind": "network",
    "ssid": "",
    "bssid": "ap-82859c53bb40",
    "security": "psk",
    "open": false,
    "frequency_mhz": null,
    "channel": null,
    "best_signal_dbm": -86,
    "best_signal_percent": 28,
    "seen": 6,
    "connected": false,
    "first_seen": "2026-09-22T19:16:41-03:00",
    "last_seen": "2026-09-22T19:17:06-03:00",
    "best_seen": "2026-09-22T19:16:41-03:00",
    "placed_by": "estimate",
    "spread_m": 9,
    "sightings": 6,
    "barely_pinned": true
   }
  },
  {
   "type": "Feature",
   "geometry": {
    "type": "Point",
    "coordinates": [
     -58.219023,
     -33.521785
    ]
   },
   "properties": {
    "kind": "network",
    "ssid": "",
    "bssid": "ap-5a2ad6464fbe",
    "security": "psk",
    "open": false,
    "frequency_mhz": null,
    "channel": null,
    "best_signal_dbm": -79,
    "best_signal_percent": 42,
    "seen": 21,
    "connected": false,
    "first_seen": "2026-09-22T19:16:36-03:00",
    "last_seen": "2026-09-22T19:28:16-03:00",
    "best_seen": "2026-09-22T19:16:47-03:00",
    "placed_by": "estimate",
    "spread_m": 35,
    "sightings": 21,
    "barely_pinned": true
   }
  },
  {
   "type": "Feature",
   "geometry": {
    "type": "Point",
    "coordinates": [
     -58.219039,
     -33.52183
    ]
   },
   "properties": {
    "kind": "network",
    "ssid": "",
    "bssid": "ap-c060a3b805db",
    "security": "psk",
    "open": false,
    "frequency_mhz": 2457,
    "channel": 10,
    "best_signal_dbm": -54,
    "best_signal_percent": 92,
    "seen": 25,
    "connected": false,
    "first_seen": "2026-09-22T19:16:34-03:00",
    "last_seen": "2026-09-22T19:28:21-03:00",
    "best_seen": "2026-09-22T19:16:55-03:00",
    "placed_by": "estimate",
    "spread_m": 28,
    "sightings": 25,
    "barely_pinned": true
   }
  },
  {
   "type": "Feature",
   "geometry": {
    "type": "Point",
    "coordinates": [
     -58.219063,
     -33.521834
    ]
   },
   "properties": {
    "kind": "network",
    "ssid": "",
    "bssid": "ap-4ede582bcf94",
    "security": "psk",
    "open": false,
    "frequency_mhz": null,
    "channel": null,
    "best_signal_dbm": -63,
    "best_signal_percent": 74,
    "seen": 21,
    "connected": false,
    "first_seen": "2026-09-22T19:16:47-03:00",
    "last_seen": "2026-09-22T19:28:16-03:00",
    "best_seen": "2026-09-22T19:16:55-03:00",
    "placed_by": "estimate",
    "spread_m": 32,
    "sightings": 21,
    "barely_pinned": true
   }
  },
  {
   "type": "Feature",
   "geometry": {
    "type": "Point",
    "coordinates": [
     -58.219157,
     -33.521922
    ]
   },
   "properties": {
    "kind": "network",
    "ssid": "",
    "bssid": "ap-8e2a468c49c6",
    "security": "psk",
    "open": false,
    "frequency_mhz": null,
    "channel": null,
    "best_signal_dbm": -78,
    "best_signal_percent": 44,
    "seen": 10,
    "connected": false,
    "first_seen": "2026-09-22T19:16:51-03:00",
    "last_seen": "2026-09-22T19:17:37-03:00",
    "best_seen": "2026-09-22T19:16:55-03:00",
    "placed_by": "estimate",
    "spread_m": 22,
    "sightings": 10,
    "barely_pinned": true
   }
  },
  {
   "type": "Feature",
   "geometry": {
    "type": "Point",
    "coordinates": [
     -58.219221,
     -33.521956
    ]
   },
   "properties": {
    "kind": "network",
    "ssid": "",
    "bssid": "ap-d1c70b63f969",
    "security": "psk",
    "open": false,
    "frequency_mhz": 2432,
    "channel": 5,
    "best_signal_dbm": -65,
    "best_signal_percent": 70,
    "seen": 14,
    "connected": false,
    "first_seen": "2026-09-22T19:16:51-03:00",
    "last_seen": "2026-09-22T19:17:55-03:00",
    "best_seen": "2026-09-22T19:17:00-03:00",
    "placed_by": "estimate",
    "spread_m": 24,
    "sightings": 14,
    "barely_pinned": true
   }
  },
  {
   "type": "Feature",
   "geometry": {
    "type": "Point",
    "coordinates": [
     -58.219296,
     -33.521977
    ]
   },
   "properties": {
    "kind": "network",
    "ssid": "",
    "bssid": "ap-ae1c93538426",
    "security": "psk",
    "open": false,
    "frequency_mhz": null,
    "channel": null,
    "best_signal_dbm": -64,
    "best_signal_percent": 72,
    "seen": 49,
    "connected": false,
    "first_seen": "2026-09-22T19:16:19-03:00",
    "last_seen": "2026-09-22T19:33:48-03:00",
    "best_seen": "2026-09-22T19:17:06-03:00",
    "placed_by": "estimate",
    "spread_m": 53,
    "sightings": 49,
    "barely_pinned": true
   }
  },
  {
   "type": "Feature",
   "geometry": {
    "type": "Point",
    "coordinates": [
     -58.219429,
     -33.52206
    ]
   },
   "properties": {
    "kind": "network",
    "ssid": "",
    "bssid": "ap-719ad80fd2f6",
    "security": "psk",
    "open": false,
    "frequency_mhz": 2442,
    "channel": 7,
    "best_signal_dbm": -59,
    "best_signal_percent": 82,
    "seen": 55,
    "connected": false,
    "first_seen": "2026-09-22T19:16:24-03:00",
    "last_seen": "2026-09-22T19:33:52-03:00",
    "best_seen": "2026-09-22T19:17:06-03:00",
    "placed_by": "estimate",
    "spread_m": 53,
    "sightings": 55,
    "barely_pinned": true
   }
  },
  {
   "type": "Feature",
   "geometry": {
    "type": "Point",
    "coordinates": [
     -58.219384,
     -33.52204
    ]
   },
   "properties": {
    "kind": "network",
    "ssid": "",
    "bssid": "ap-968888e65e0a",
    "security": "psk",
    "open": false,
    "frequency_mhz": null,
    "channel": null,
    "best_signal_dbm": -92,
    "best_signal_percent": 16,
    "seen": 9,
    "connected": false,
    "first_seen": "2026-09-22T19:17:06-03:00",
    "last_seen": "2026-09-22T19:17:46-03:00",
    "best_seen": "2026-09-22T19:17:06-03:00",
    "placed_by": "estimate",
    "spread_m": 15,
    "sightings": 9,
    "barely_pinned": true
   }
  },
  {
   "type": "Feature",
   "geometry": {
    "type": "Point",
    "coordinates": [
     -58.219403,
     -33.522117
    ]
   },
   "properties": {
    "kind": "network",
    "ssid": "",
    "bssid": "ap-50a6c91ca4ee",
    "security": "psk",
    "open": false,
    "frequency_mhz": 2452,
    "channel": 9,
    "best_signal_dbm": -68,
    "best_signal_percent": 64,
    "seen": 31,
    "connected": false,
    "first_seen": "2026-09-22T19:16:55-03:00",
    "last_seen": "2026-09-22T19:33:52-03:00",
    "best_seen": "2026-09-22T19:17:11-03:00",
    "placed_by": "estimate",
    "spread_m": 26,
    "sightings": 31,
    "barely_pinned": true
   }
  },
  {
   "type": "Feature",
   "geometry": {
    "type": "Point",
    "coordinates": [
     -58.219398,
     -33.522047
    ]
   },
   "properties": {
    "kind": "network",
    "ssid": "",
    "bssid": "ap-fe0b6d9c48e6",
    "security": "psk",
    "open": false,
    "frequency_mhz": null,
    "channel": null,
    "best_signal_dbm": -68,
    "best_signal_percent": 64,
    "seen": 11,
    "connected": false,
    "first_seen": "2026-09-22T19:17:06-03:00",
    "last_seen": "2026-09-22T19:17:55-03:00",
    "best_seen": "2026-09-22T19:17:11-03:00",
    "placed_by": "estimate",
    "spread_m": 15,
    "sightings": 11,
    "barely_pinned": true
   }
  },
  {
   "type": "Feature",
   "geometry": {
    "type": "Point",
    "coordinates": [
     -58.21951,
     -33.521996
    ]
   },
   "properties": {
    "kind": "network",
    "ssid": "",
    "bssid": "ap-1275e1f30dc6",
    "security": "psk",
    "open": false,
    "frequency_mhz": null,
    "channel": null,
    "best_signal_dbm": -62,
    "best_signal_percent": 76,
    "seen": 61,
    "connected": false,
    "first_seen": "2026-09-22T19:14:15-03:00",
    "last_seen": "2026-09-22T19:34:22-03:00",
    "best_seen": "2026-09-22T19:17:20-03:00",
    "placed_by": "estimate",
    "spread_m": 44,
    "sightings": 61,
    "barely_pinned": false
   }
  },
  {
   "type": "Feature",
   "geometry": {
    "type": "Point",
    "coordinates": [
     -58.219372,
     -33.522143
    ]
   },
   "properties": {
    "kind": "network",
    "ssid": "",
    "bssid": "ap-eb0325d95552",
    "security": "psk",
    "open": false,
    "frequency_mhz": null,
    "channel": null,
    "best_signal_dbm": -68,
    "best_signal_percent": 64,
    "seen": 18,
    "connected": false,
    "first_seen": "2026-09-22T19:17:06-03:00",
    "last_seen": "2026-09-22T19:33:57-03:00",
    "best_seen": "2026-09-22T19:17:20-03:00",
    "placed_by": "estimate",
    "spread_m": 24,
    "sightings": 18,
    "barely_pinned": true
   }
  },
  {
   "type": "Feature",
   "geometry": {
    "type": "Point",
    "coordinates": [
     -58.219543,
     -33.52235
    ]
   },
   "properties": {
    "kind": "network",
    "ssid": "",
    "bssid": "ap-9fc2a5e2cb41",
    "security": "psk",
    "open": false,
    "frequency_mhz": null,
    "channel": null,
    "best_signal_dbm": -72,
    "best_signal_percent": 56,
    "seen": 36,
    "connected": false,
    "first_seen": "2026-09-22T19:17:20-03:00",
    "last_seen": "2026-09-22T19:34:31-03:00",
    "best_seen": "2026-09-22T19:17:37-03:00",
    "placed_by": "estimate",
    "spread_m": 40,
    "sightings": 36,
    "barely_pinned": true
   }
  },
  {
   "type": "Feature",
   "geometry": {
    "type": "Point",
    "coordinates": [
     -58.219634,
     -33.522169
    ]
   },
   "properties": {
    "kind": "network",
    "ssid": "",
    "bssid": "ap-931c29079bc6",
    "security": "psk",
    "open": false,
    "frequency_mhz": null,
    "channel": null,
    "best_signal_dbm": -85,
    "best_signal_percent": 30,
    "seen": 6,
    "connected": false,
    "first_seen": "2026-09-22T19:17:37-03:00",
    "last_seen": "2026-09-22T19:18:02-03:00",
    "best_seen": "2026-09-22T19:17:37-03:00",
    "placed_by": "estimate",
    "spread_m": 7,
    "sightings": 6,
    "barely_pinned": true
   }
  },
  {
   "type": "Feature",
   "geometry": {
    "type": "Point",
    "coordinates": [
     -58.219371,
     -33.522573
    ]
   },
   "properties": {
    "kind": "network",
    "ssid": "",
    "bssid": "ap-84eba0eb7d8c",
    "security": "psk",
    "open": false,
    "frequency_mhz": 2472,
    "channel": 13,
    "best_signal_dbm": -77,
    "best_signal_percent": 46,
    "seen": 25,
    "connected": false,
    "first_seen": "2026-09-22T19:17:25-03:00",
    "last_seen": "2026-09-22T19:34:58-03:00",
    "best_seen": "2026-09-22T19:17:46-03:00",
    "placed_by": "estimate",
    "spread_m": 48,
    "sightings": 25,
    "barely_pinned": true
   }
  },
  {
   "type": "Feature",
   "geometry": {
    "type": "Point",
    "coordinates": [
     -58.219997,
     -33.522358
    ]
   },
   "properties": {
    "kind": "network",
    "ssid": "",
    "bssid": "ap-ac71c4c2cbac",
    "security": "psk",
    "open": false,
    "frequency_mhz": null,
    "channel": null,
    "best_signal_dbm": -78,
    "best_signal_percent": 44,
    "seen": 10,
    "connected": false,
    "first_seen": "2026-09-22T19:18:02-03:00",
    "last_seen": "2026-09-22T19:18:45-03:00",
    "best_seen": "2026-09-22T19:18:02-03:00",
    "placed_by": "estimate",
    "spread_m": 21,
    "sightings": 10,
    "barely_pinned": true
   }
  },
  {
   "type": "Feature",
   "geometry": {
    "type": "Point",
    "coordinates": [
     -58.220101,
     -33.522412
    ]
   },
   "properties": {
    "kind": "network",
    "ssid": "",
    "bssid": "ap-d168848f1597",
    "security": "psk",
    "open": false,
    "frequency_mhz": null,
    "channel": null,
    "best_signal_dbm": -73,
    "best_signal_percent": 54,
    "seen": 10,
    "connected": false,
    "first_seen": "2026-09-22T19:18:11-03:00",
    "last_seen": "2026-09-22T19:18:56-03:00",
    "best_seen": "2026-09-22T19:18:11-03:00",
    "placed_by": "estimate",
    "spread_m": 18,
    "sightings": 10,
    "barely_pinned": true
   }
  },
  {
   "type": "Feature",
   "geometry": {
    "type": "Point",
    "coordinates": [
     -58.220464,
     -33.522534
    ]
   },
   "properties": {
    "kind": "network",
    "ssid": "",
    "bssid": "ap-93f4fc82b1b0",
    "security": "psk",
    "open": false,
    "frequency_mhz": null,
    "channel": null,
    "best_signal_dbm": -59,
    "best_signal_percent": 82,
    "seen": 27,
    "connected": false,
    "first_seen": "2026-09-22T19:18:11-03:00",
    "last_seen": "2026-09-22T19:37:13-03:00",
    "best_seen": "2026-09-22T19:18:27-03:00",
    "placed_by": "estimate",
    "spread_m": 30,
    "sightings": 27,
    "barely_pinned": true
   }
  },
  {
   "type": "Feature",
   "geometry": {
    "type": "Point",
    "coordinates": [
     -58.220288,
     -33.52251
    ]
   },
   "properties": {
    "kind": "network",
    "ssid": "",
    "bssid": "ap-b835bdef1599",
    "security": "psk",
    "open": false,
    "frequency_mhz": null,
    "channel": null,
    "best_signal_dbm": -95,
    "best_signal_percent": 10,
    "seen": 6,
    "connected": false,
    "first_seen": "2026-09-22T19:18:27-03:00",
    "last_seen": "2026-09-22T19:18:52-03:00",
    "best_seen": "2026-09-22T19:18:27-03:00",
    "placed_by": "estimate",
    "spread_m": 11,
    "sightings": 6,
    "barely_pinned": true
   }
  },
  {
   "type": "Feature",
   "geometry": {
    "type": "Point",
    "coordinates": [
     -58.2204,
     -33.522527
    ]
   },
   "properties": {
    "kind": "network",
    "ssid": "",
    "bssid": "ap-66c0322f182b",
    "security": "psk",
    "open": false,
    "frequency_mhz": 2417,
    "channel": 2,
    "best_signal_dbm": -54,
    "best_signal_percent": 92,
    "seen": 34,
    "connected": false,
    "first_seen": "2026-09-22T19:18:05-03:00",
    "last_seen": "2026-09-22T19:37:08-03:00",
    "best_seen": "2026-09-22T19:18:31-03:00",
    "placed_by": "estimate",
    "spread_m": 36,
    "sightings": 34,
    "barely_pinned": false
   }
  },
  {
   "type": "Feature",
   "geometry": {
    "type": "Point",
    "coordinates": [
     -58.220467,
     -33.522491
    ]
   },
   "properties": {
    "kind": "network",
    "ssid": "",
    "bssid": "ap-e0f97de60fd4",
    "security": "psk",
    "open": false,
    "frequency_mhz": 2442,
    "channel": 7,
    "best_signal_dbm": -77,
    "best_signal_percent": 46,
    "seen": 13,
    "connected": false,
    "first_seen": "2026-09-22T19:18:31-03:00",
    "last_seen": "2026-09-22T19:37:13-03:00",
    "best_seen": "2026-09-22T19:18:31-03:00",
    "placed_by": "estimate",
    "spread_m": 20,
    "sightings": 13,
    "barely_pinned": true
   }
  },
  {
   "type": "Feature",
   "geometry": {
    "type": "Point",
    "coordinates": [
     -58.220714,
     -33.52273
    ]
   },
   "properties": {
    "kind": "network",
    "ssid": "",
    "bssid": "ap-c3a934cdb0b9",
    "security": "psk",
    "open": false,
    "frequency_mhz": null,
    "channel": null,
    "best_signal_dbm": -61,
    "best_signal_percent": 78,
    "seen": 7,
    "connected": false,
    "first_seen": "2026-09-22T19:18:52-03:00",
    "last_seen": "2026-09-22T19:19:21-03:00",
    "best_seen": "2026-09-22T19:18:56-03:00",
    "placed_by": "estimate",
    "spread_m": 11,
    "sightings": 7,
    "barely_pinned": true
   }
  },
  {
   "type": "Feature",
   "geometry": {
    "type": "Point",
    "coordinates": [
     -58.220817,
     -33.522536
    ]
   },
   "properties": {
    "kind": "network",
    "ssid": "",
    "bssid": "ap-ee24bb4f67e7",
    "security": "psk",
    "open": false,
    "frequency_mhz": null,
    "channel": null,
    "best_signal_dbm": -62,
    "best_signal_percent": 76,
    "seen": 44,
    "connected": false,
    "first_seen": "2026-09-22T19:18:41-03:00",
    "last_seen": "2026-09-22T19:38:18-03:00",
    "best_seen": "2026-09-22T19:19:00-03:00",
    "placed_by": "estimate",
    "spread_m": 47,
    "sightings": 44,
    "barely_pinned": false
   }
  },
  {
   "type": "Feature",
   "geometry": {
    "type": "Point",
    "coordinates": [
     -58.220843,
     -33.52237
    ]
   },
   "properties": {
    "kind": "network",
    "ssid": "",
    "bssid": "ap-c57aaa301536",
    "security": "psk",
    "open": false,
    "frequency_mhz": null,
    "channel": null,
    "best_signal_dbm": -60,
    "best_signal_percent": 80,
    "seen": 94,
    "connected": false,
    "first_seen": "2026-09-22T19:13:10-03:00",
    "last_seen": "2026-09-22T19:42:43-03:00",
    "best_seen": "2026-09-22T19:19:06-03:00",
    "placed_by": "estimate",
    "spread_m": 72,
    "sightings": 94,
    "barely_pinned": true
   }
  },
  {
   "type": "Feature",
   "geometry": {
    "type": "Point",
    "coordinates": [
     -58.22068,
     -33.522554
    ]
   },
   "properties": {
    "kind": "network",
    "ssid": "",
    "bssid": "ap-064108da802e",
    "security": "psk",
    "open": false,
    "frequency_mhz": null,
    "channel": null,
    "best_signal_dbm": -68,
    "best_signal_percent": 64,
    "seen": 33,
    "connected": false,
    "first_seen": "2026-09-22T19:18:27-03:00",
    "last_seen": "2026-09-22T19:37:37-03:00",
    "best_seen": "2026-09-22T19:19:06-03:00",
    "placed_by": "estimate",
    "spread_m": 35,
    "sightings": 33,
    "barely_pinned": true
   }
  },
  {
   "type": "Feature",
   "geometry": {
    "type": "Point",
    "coordinates": [
     -58.220713,
     -33.522586
    ]
   },
   "properties": {
    "kind": "network",
    "ssid": "",
    "bssid": "ap-ec96253ef0ab",
    "security": "psk",
    "open": false,
    "frequency_mhz": null,
    "channel": null,
    "best_signal_dbm": -68,
    "best_signal_percent": 64,
    "seen": 24,
    "connected": false,
    "first_seen": "2026-09-22T19:18:56-03:00",
    "last_seen": "2026-09-22T19:37:28-03:00",
    "best_seen": "2026-09-22T19:19:06-03:00",
    "placed_by": "estimate",
    "spread_m": 33,
    "sightings": 24,
    "barely_pinned": true
   }
  },
  {
   "type": "Feature",
   "geometry": {
    "type": "Point",
    "coordinates": [
     -58.220709,
     -33.522576
    ]
   },
   "properties": {
    "kind": "network",
    "ssid": "",
    "bssid": "ap-88e233cf51ef",
    "security": "psk",
    "open": false,
    "frequency_mhz": null,
    "channel": null,
    "best_signal_dbm": -68,
    "best_signal_percent": 64,
    "seen": 24,
    "connected": false,
    "first_seen": "2026-09-22T19:18:56-03:00",
    "last_seen": "2026-09-22T19:37:28-03:00",
    "best_seen": "2026-09-22T19:19:06-03:00",
    "placed_by": "estimate",
    "spread_m": 32,
    "sightings": 24,
    "barely_pinned": true
   }
  },
  {
   "type": "Feature",
   "geometry": {
    "type": "Point",
    "coordinates": [
     -58.221109,
     -33.522903
    ]
   },
   "properties": {
    "kind": "network",
    "ssid": "",
    "bssid": "ap-696865ac40c3",
    "security": "psk",
    "open": false,
    "frequency_mhz": null,
    "channel": null,
    "best_signal_dbm": -52,
    "best_signal_percent": 96,
    "seen": 48,
    "connected": false,
    "first_seen": "2026-09-22T19:18:45-03:00",
    "last_seen": "2026-09-22T19:42:43-03:00",
    "best_seen": "2026-09-22T19:19:10-03:00",
    "placed_by": "estimate",
    "spread_m": 48,
    "sightings": 48,
    "barely_pinned": true
   }
  },
  {
   "type": "Feature",
   "geometry": {
    "type": "Point",
    "coordinates": [
     -58.220987,
     -33.522827
    ]
   },
   "properties": {
    "kind": "network",
    "ssid": "",
    "bssid": "ap-e256672f2fa2",
    "security": "psk",
    "open": false,
    "frequency_mhz": null,
    "channel": null,
    "best_signal_dbm": -52,
    "best_signal_percent": 96,
    "seen": 36,
    "connected": false,
    "first_seen": "2026-09-22T19:19:06-03:00",
    "last_seen": "2026-09-22T19:42:47-03:00",
    "best_seen": "2026-09-22T19:19:10-03:00",
    "placed_by": "estimate",
    "spread_m": 39,
    "sightings": 36,
    "barely_pinned": false
   }
  },
  {
   "type": "Feature",
   "geometry": {
    "type": "Point",
    "coordinates": [
     -58.220894,
     -33.522822
    ]
   },
   "properties": {
    "kind": "network",
    "ssid": "",
    "bssid": "ap-33fa2d307cd0",
    "security": "psk",
    "open": false,
    "frequency_mhz": null,
    "channel": null,
    "best_signal_dbm": -83,
    "best_signal_percent": 34,
    "seen": 9,
    "connected": false,
    "first_seen": "2026-09-22T19:19:06-03:00",
    "last_seen": "2026-09-22T19:19:46-03:00",
    "best_seen": "2026-09-22T19:19:10-03:00",
    "placed_by": "estimate",
    "spread_m": 15,
    "sightings": 9,
    "barely_pinned": true
   }
  },
  {
   "type": "Feature",
   "geometry": {
    "type": "Point",
    "coordinates": [
     -58.220946,
     -33.522848
    ]
   },
   "properties": {
    "kind": "network",
    "ssid": "",
    "bssid": "ap-dd2e35afd591",
    "security": "psk",
    "open": false,
    "frequency_mhz": 2417,
    "channel": 2,
    "best_signal_dbm": -78,
    "best_signal_percent": 44,
    "seen": 8,
    "connected": false,
    "first_seen": "2026-09-22T19:19:10-03:00",
    "last_seen": "2026-09-22T19:19:46-03:00",
    "best_seen": "2026-09-22T19:19:10-03:00",
    "placed_by": "estimate",
    "spread_m": 13,
    "sightings": 8,
    "barely_pinned": true
   }
  },
  {
   "type": "Feature",
   "geometry": {
    "type": "Point",
    "coordinates": [
     -58.221117,
     -33.522944
    ]
   },
   "properties": {
    "kind": "network",
    "ssid": "",
    "bssid": "ap-8792eda86ae3",
    "security": "psk",
    "open": false,
    "frequency_mhz": null,
    "channel": null,
    "best_signal_dbm": -63,
    "best_signal_percent": 74,
    "seen": 33,
    "connected": false,
    "first_seen": "2026-09-22T19:19:06-03:00",
    "last_seen": "2026-09-22T19:42:47-03:00",
    "best_seen": "2026-09-22T19:19:19-03:00",
    "placed_by": "estimate",
    "spread_m": 50,
    "sightings": 33,
    "barely_pinned": true
   }
  },
  {
   "type": "Feature",
   "geometry": {
    "type": "Point",
    "coordinates": [
     -58.221151,
     -33.522953
    ]
   },
   "properties": {
    "kind": "network",
    "ssid": "",
    "bssid": "ap-30cbcaece2b0",
    "security": "psk",
    "open": false,
    "frequency_mhz": null,
    "channel": null,
    "best_signal_dbm": -75,
    "best_signal_percent": 50,
    "seen": 15,
    "connected": false,
    "first_seen": "2026-09-22T19:19:19-03:00",
    "last_seen": "2026-09-22T19:20:36-03:00",
    "best_seen": "2026-09-22T19:19:21-03:00",
    "placed_by": "estimate",
    "spread_m": 23,
    "sightings": 15,
    "barely_pinned": false
   }
  },
  {
   "type": "Feature",
   "geometry": {
    "type": "Point",
    "coordinates": [
     -58.221093,
     -33.522955
    ]
   },
   "properties": {
    "kind": "network",
    "ssid": "",
    "bssid": "ap-119b14fc9900",
    "security": "psk",
    "open": false,
    "frequency_mhz": 2432,
    "channel": 5,
    "best_signal_dbm": -75,
    "best_signal_percent": 50,
    "seen": 12,
    "connected": false,
    "first_seen": "2026-09-22T19:19:21-03:00",
    "last_seen": "2026-09-22T19:42:27-03:00",
    "best_seen": "2026-09-22T19:19:21-03:00",
    "placed_by": "estimate",
    "spread_m": 18,
    "sightings": 12,
    "barely_pinned": true
   }
  },
  {
   "type": "Feature",
   "geometry": {
    "type": "Point",
    "coordinates": [
     -58.221176,
     -33.522966
    ]
   },
   "properties": {
    "kind": "network",
    "ssid": "",
    "bssid": "ap-8462a630505f",
    "security": "psk",
    "open": false,
    "frequency_mhz": 2427,
    "channel": 4,
    "best_signal_dbm": -63,
    "best_signal_percent": 74,
    "seen": 18,
    "connected": false,
    "first_seen": "2026-09-22T19:19:10-03:00",
    "last_seen": "2026-09-22T19:20:36-03:00",
    "best_seen": "2026-09-22T19:19:26-03:00",
    "placed_by": "estimate",
    "spread_m": 30,
    "sightings": 18,
    "barely_pinned": true
   }
  },
  {
   "type": "Feature",
   "geometry": {
    "type": "Point",
    "coordinates": [
     -58.221164,
     -33.52296
    ]
   },
   "properties": {
    "kind": "network",
    "ssid": "",
    "bssid": "ap-476a6a61d319",
    "security": "psk",
    "open": false,
    "frequency_mhz": null,
    "channel": null,
    "best_signal_dbm": -65,
    "best_signal_percent": 70,
    "seen": 18,
    "connected": false,
    "first_seen": "2026-09-22T19:19:10-03:00",
    "last_seen": "2026-09-22T19:20:36-03:00",
    "best_seen": "2026-09-22T19:19:26-03:00",
    "placed_by": "estimate",
    "spread_m": 29,
    "sightings": 18,
    "barely_pinned": true
   }
  },
  {
   "type": "Feature",
   "geometry": {
    "type": "Point",
    "coordinates": [
     -58.221221,
     -33.523028
    ]
   },
   "properties": {
    "kind": "network",
    "ssid": "",
    "bssid": "ap-86f4bef6dca5",
    "security": "psk",
    "open": false,
    "frequency_mhz": 2452,
    "channel": 9,
    "best_signal_dbm": -56,
    "best_signal_percent": 88,
    "seen": 26,
    "connected": false,
    "first_seen": "2026-09-22T19:19:19-03:00",
    "last_seen": "2026-09-22T19:42:37-03:00",
    "best_seen": "2026-09-22T19:19:32-03:00",
    "placed_by": "estimate",
    "spread_m": 26,
    "sightings": 26,
    "barely_pinned": true
   }
  },
  {
   "type": "Feature",
   "geometry": {
    "type": "Point",
    "coordinates": [
     -58.221216,
     -33.523045
    ]
   },
   "properties": {
    "kind": "network",
    "ssid": "",
    "bssid": "ap-63030f59bba5",
    "security": "psk",
    "open": false,
    "frequency_mhz": null,
    "channel": null,
    "best_signal_dbm": -56,
    "best_signal_percent": 88,
    "seen": 30,
    "connected": false,
    "first_seen": "2026-09-22T19:19:19-03:00",
    "last_seen": "2026-09-22T19:42:52-03:00",
    "best_seen": "2026-09-22T19:19:32-03:00",
    "placed_by": "estimate",
    "spread_m": 27,
    "sightings": 30,
    "barely_pinned": true
   }
  },
  {
   "type": "Feature",
   "geometry": {
    "type": "Point",
    "coordinates": [
     -58.221155,
     -33.522955
    ]
   },
   "properties": {
    "kind": "network",
    "ssid": "",
    "bssid": "ap-686d29d97278",
    "security": "psk",
    "open": false,
    "frequency_mhz": null,
    "channel": null,
    "best_signal_dbm": -56,
    "best_signal_percent": 88,
    "seen": 9,
    "connected": false,
    "first_seen": "2026-09-22T19:19:32-03:00",
    "last_seen": "2026-09-22T19:20:11-03:00",
    "best_seen": "2026-09-22T19:19:32-03:00",
    "placed_by": "estimate",
    "spread_m": 16,
    "sightings": 9,
    "barely_pinned": true
   }
  },
  {
   "type": "Feature",
   "geometry": {
    "type": "Point",
    "coordinates": [
     -58.221169,
     -33.522963
    ]
   },
   "properties": {
    "kind": "network",
    "ssid": "",
    "bssid": "ap-699b63f897a3",
    "security": "psk",
    "open": false,
    "frequency_mhz": null,
    "channel": null,
    "best_signal_dbm": -84,
    "best_signal_percent": 32,
    "seen": 7,
    "connected": false,
    "first_seen": "2026-09-22T19:19:32-03:00",
    "last_seen": "2026-09-22T19:20:01-03:00",
    "best_seen": "2026-09-22T19:19:32-03:00",
    "placed_by": "estimate",
    "spread_m": 14,
    "sightings": 7,
    "barely_pinned": true
   }
  },
  {
   "type": "Feature",
   "geometry": {
    "type": "Point",
    "coordinates": [
     -58.221287,
     -33.523023
    ]
   },
   "properties": {
    "kind": "network",
    "ssid": "",
    "bssid": "ap-5ce2e3957308",
    "security": "psk",
    "open": false,
    "frequency_mhz": 2442,
    "channel": 7,
    "best_signal_dbm": -75,
    "best_signal_percent": 50,
    "seen": 6,
    "connected": false,
    "first_seen": "2026-09-22T19:19:41-03:00",
    "last_seen": "2026-09-22T19:20:06-03:00",
    "best_seen": "2026-09-22T19:19:41-03:00",
    "placed_by": "estimate",
    "spread_m": 12,
    "sightings": 6,
    "barely_pinned": true
   }
  },
  {
   "type": "Feature",
   "geometry": {
    "type": "Point",
    "coordinates": [
     -58.221312,
     -33.523021
    ]
   },
   "properties": {
    "kind": "network",
    "ssid": "",
    "bssid": "ap-c97cd5f7f00a",
    "security": "psk",
    "open": false,
    "frequency_mhz": null,
    "channel": null,
    "best_signal_dbm": -81,
    "best_signal_percent": 38,
    "seen": 12,
    "connected": false,
    "first_seen": "2026-09-22T19:19:41-03:00",
    "last_seen": "2026-09-22T19:42:18-03:00",
    "best_seen": "2026-09-22T19:19:41-03:00",
    "placed_by": "estimate",
    "spread_m": 12,
    "sightings": 12,
    "barely_pinned": true
   }
  },
  {
   "type": "Feature",
   "geometry": {
    "type": "Point",
    "coordinates": [
     -58.221417,
     -33.52319
    ]
   },
   "properties": {
    "kind": "network",
    "ssid": "",
    "bssid": "ap-c9228f996f98",
    "security": "psk",
    "open": false,
    "frequency_mhz": 2432,
    "channel": 5,
    "best_signal_dbm": -48,
    "best_signal_percent": 100,
    "seen": 53,
    "connected": false,
    "first_seen": "2026-09-22T19:11:59-03:00",
    "last_seen": "2026-09-22T19:43:12-03:00",
    "best_seen": "2026-09-22T19:19:57-03:00",
    "placed_by": "estimate",
    "spread_m": 36,
    "sightings": 53,
    "barely_pinned": false
   }
  },
  {
   "type": "Feature",
   "geometry": {
    "type": "Point",
    "coordinates": [
     -58.221385,
     -33.523073
    ]
   },
   "properties": {
    "kind": "network",
    "ssid": "",
    "bssid": "ap-46eb3cf5c550",
    "security": "psk",
    "open": false,
    "frequency_mhz": null,
    "channel": null,
    "best_signal_dbm": -70,
    "best_signal_percent": 60,
    "seen": 7,
    "connected": false,
    "first_seen": "2026-09-22T19:19:46-03:00",
    "last_seen": "2026-09-22T19:20:16-03:00",
    "best_seen": "2026-09-22T19:19:57-03:00",
    "placed_by": "estimate",
    "spread_m": 10,
    "sightings": 7,
    "barely_pinned": false
   }
  },
  {
   "type": "Feature",
   "geometry": {
    "type": "Point",
    "coordinates": [
     -58.221672,
     -33.523219
    ]
   },
   "properties": {
    "kind": "network",
    "ssid": "",
    "bssid": "ap-ad8817657182",
    "security": "psk",
    "open": false,
    "frequency_mhz": null,
    "channel": null,
    "best_signal_dbm": -77,
    "best_signal_percent": 46,
    "seen": 7,
    "connected": false,
    "first_seen": "2026-09-22T19:20:06-03:00",
    "last_seen": "2026-09-22T19:20:36-03:00",
    "best_seen": "2026-09-22T19:20:06-03:00",
    "placed_by": "estimate",
    "spread_m": 12,
    "sightings": 7,
    "barely_pinned": true
   }
  },
  {
   "type": "Feature",
   "geometry": {
    "type": "Point",
    "coordinates": [
     -58.2218,
     -33.523307
    ]
   },
   "properties": {
    "kind": "network",
    "ssid": "",
    "bssid": "ap-942c03d0dfb2",
    "security": "psk",
    "open": false,
    "frequency_mhz": null,
    "channel": null,
    "best_signal_dbm": -78,
    "best_signal_percent": 44,
    "seen": 19,
    "connected": false,
    "first_seen": "2026-09-22T19:19:57-03:00",
    "last_seen": "2026-09-22T19:21:26-03:00",
    "best_seen": "2026-09-22T19:20:16-03:00",
    "placed_by": "estimate",
    "spread_m": 34,
    "sightings": 19,
    "barely_pinned": true
   }
  },
  {
   "type": "Feature",
   "geometry": {
    "type": "Point",
    "coordinates": [
     -58.221896,
     -33.523355
    ]
   },
   "properties": {
    "kind": "network",
    "ssid": "",
    "bssid": "ap-916cd5155cbc",
    "security": "psk",
    "open": false,
    "frequency_mhz": 2462,
    "channel": 11,
    "best_signal_dbm": -68,
    "best_signal_percent": 64,
    "seen": 32,
    "connected": false,
    "first_seen": "2026-09-22T19:19:57-03:00",
    "last_seen": "2026-09-22T19:46:02-03:00",
    "best_seen": "2026-09-22T19:20:22-03:00",
    "placed_by": "estimate",
    "spread_m": 36,
    "sightings": 32,
    "barely_pinned": true
   }
  },
  {
   "type": "Feature",
   "geometry": {
    "type": "Point",
    "coordinates": [
     -58.221916,
     -33.523346
    ]
   },
   "properties": {
    "kind": "network",
    "ssid": "",
    "bssid": "ap-89c2430a3e61",
    "security": "psk",
    "open": false,
    "frequency_mhz": 2417,
    "channel": 2,
    "best_signal_dbm": -69,
    "best_signal_percent": 62,
    "seen": 11,
    "connected": false,
    "first_seen": "2026-09-22T19:20:22-03:00",
    "last_seen": "2026-09-22T19:21:12-03:00",
    "best_seen": "2026-09-22T19:20:22-03:00",
    "placed_by": "estimate",
    "spread_m": 20,
    "sightings": 11,
    "barely_pinned": true
   }
  },
  {
   "type": "Feature",
   "geometry": {
    "type": "Point",
    "coordinates": [
     -58.221901,
     -33.523336
    ]
   },
   "properties": {
    "kind": "network",
    "ssid": "",
    "bssid": "ap-ed142514c396",
    "security": "psk",
    "open": false,
    "frequency_mhz": null,
    "channel": null,
    "best_signal_dbm": -69,
    "best_signal_percent": 62,
    "seen": 10,
    "connected": false,
    "first_seen": "2026-09-22T19:20:22-03:00",
    "last_seen": "2026-09-22T19:21:06-03:00",
    "best_seen": "2026-09-22T19:20:22-03:00",
    "placed_by": "estimate",
    "spread_m": 19,
    "sightings": 10,
    "barely_pinned": true
   }
  },
  {
   "type": "Feature",
   "geometry": {
    "type": "Point",
    "coordinates": [
     -58.221715,
     -33.523352
    ]
   },
   "properties": {
    "kind": "network",
    "ssid": "",
    "bssid": "ap-61303b973524",
    "security": "psk",
    "open": false,
    "frequency_mhz": 2412,
    "channel": 1,
    "best_signal_dbm": -59,
    "best_signal_percent": 82,
    "seen": 33,
    "connected": false,
    "first_seen": "2026-09-22T19:20:01-03:00",
    "last_seen": "2026-09-22T19:45:57-03:00",
    "best_seen": "2026-09-22T19:20:26-03:00",
    "placed_by": "estimate",
    "spread_m": 41,
    "sightings": 33,
    "barely_pinned": true
   }
  },
  {
   "type": "Feature",
   "geometry": {
    "type": "Point",
    "coordinates": [
     -58.22194,
     -33.523356
    ]
   },
   "properties": {
    "kind": "network",
    "ssid": "",
    "bssid": "ap-72f097dbc453",
    "security": "psk",
    "open": false,
    "frequency_mhz": null,
    "channel": null,
    "best_signal_dbm": -69,
    "best_signal_percent": 62,
    "seen": 8,
    "connected": false,
    "first_seen": "2026-09-22T19:20:26-03:00",
    "last_seen": "2026-09-22T19:21:01-03:00",
    "best_seen": "2026-09-22T19:20:26-03:00",
    "placed_by": "estimate",
    "spread_m": 18,
    "sightings": 8,
    "barely_pinned": true
   }
  },
  {
   "type": "Feature",
   "geometry": {
    "type": "Point",
    "coordinates": [
     -58.221932,
     -33.523352
    ]
   },
   "properties": {
    "kind": "network",
    "ssid": "",
    "bssid": "ap-9ad9224b870c",
    "security": "psk",
    "open": false,
    "frequency_mhz": 2432,
    "channel": 5,
    "best_signal_dbm": -81,
    "best_signal_percent": 38,
    "seen": 6,
    "connected": false,
    "first_seen": "2026-09-22T19:20:26-03:00",
    "last_seen": "2026-09-22T19:20:51-03:00",
    "best_seen": "2026-09-22T19:20:26-03:00",
    "placed_by": "estimate",
    "spread_m": 14,
    "sightings": 6,
    "barely_pinned": true
   }
  },
  {
   "type": "Feature",
   "geometry": {
    "type": "Point",
    "coordinates": [
     -58.221648,
     -33.523353
    ]
   },
   "properties": {
    "kind": "network",
    "ssid": "",
    "bssid": "ap-ecf02546103b",
    "security": "psk",
    "open": false,
    "frequency_mhz": null,
    "channel": null,
    "best_signal_dbm": -68,
    "best_signal_percent": 64,
    "seen": 33,
    "connected": false,
    "first_seen": "2026-09-22T19:19:57-03:00",
    "last_seen": "2026-09-22T19:45:57-03:00",
    "best_seen": "2026-09-22T19:20:31-03:00",
    "placed_by": "estimate",
    "spread_m": 42,
    "sightings": 33,
    "barely_pinned": true
   }
  },
  {
   "type": "Feature",
   "geometry": {
    "type": "Point",
    "coordinates": [
     -58.221834,
     -33.523369
    ]
   },
   "properties": {
    "kind": "network",
    "ssid": "",
    "bssid": "ap-171657cd7b95",
    "security": "psk",
    "open": false,
    "frequency_mhz": 2472,
    "channel": 13,
    "best_signal_dbm": -66,
    "best_signal_percent": 68,
    "seen": 37,
    "connected": false,
    "first_seen": "2026-09-22T19:20:01-03:00",
    "last_seen": "2026-09-22T19:46:02-03:00",
    "best_seen": "2026-09-22T19:20:31-03:00",
    "placed_by": "estimate",
    "spread_m": 39,
    "sightings": 37,
    "barely_pinned": true
   }
  },
  {
   "type": "Feature",
   "geometry": {
    "type": "Point",
    "coordinates": [
     -58.22179,
     -33.523338
    ]
   },
   "properties": {
    "kind": "network",
    "ssid": "",
    "bssid": "ap-2605fe9017e3",
    "security": "psk",
    "open": false,
    "frequency_mhz": null,
    "channel": null,
    "best_signal_dbm": -68,
    "best_signal_percent": 64,
    "seen": 21,
    "connected": false,
    "first_seen": "2026-09-22T19:20:16-03:00",
    "last_seen": "2026-09-22T19:42:32-03:00",
    "best_seen": "2026-09-22T19:20:31-03:00",
    "placed_by": "estimate",
    "spread_m": 31,
    "sightings": 21,
    "barely_pinned": true
   }
  },
  {
   "type": "Feature",
   "geometry": {
    "type": "Point",
    "coordinates": [
     -58.222039,
     -33.52343
    ]
   },
   "properties": {
    "kind": "network",
    "ssid": "",
    "bssid": "ap-cb2732e79549",
    "security": "psk",
    "open": false,
    "frequency_mhz": null,
    "channel": null,
    "best_signal_dbm": -64,
    "best_signal_percent": 72,
    "seen": 13,
    "connected": false,
    "first_seen": "2026-09-22T19:20:26-03:00",
    "last_seen": "2026-09-22T19:21:26-03:00",
    "best_seen": "2026-09-22T19:20:31-03:00",
    "placed_by": "estimate",
    "spread_m": 18,
    "sightings": 13,
    "barely_pinned": true
   }
  },
  {
   "type": "Feature",
   "geometry": {
    "type": "Point",
    "coordinates": [
     -58.222041,
     -33.523425
    ]
   },
   "properties": {
    "kind": "network",
    "ssid": "",
    "bssid": "ap-99189e5b2e5f",
    "security": "psk",
    "open": false,
    "frequency_mhz": 2457,
    "channel": 10,
    "best_signal_dbm": -63,
    "best_signal_percent": 74,
    "seen": 11,
    "connected": false,
    "first_seen": "2026-09-22T19:20:31-03:00",
    "last_seen": "2026-09-22T19:21:21-03:00",
    "best_seen": "2026-09-22T19:20:31-03:00",
    "placed_by": "estimate",
    "spread_m": 17,
    "sightings": 11,
    "barely_pinned": true
   }
  },
  {
   "type": "Feature",
   "geometry": {
    "type": "Point",
    "coordinates": [
     -58.221755,
     -33.523374
    ]
   },
   "properties": {
    "kind": "network",
    "ssid": "",
    "bssid": "ap-8b4000f3d2e6",
    "security": "psk",
    "open": false,
    "frequency_mhz": null,
    "channel": null,
    "best_signal_dbm": -66,
    "best_signal_percent": 68,
    "seen": 32,
    "connected": false,
    "first_seen": "2026-09-22T19:20:06-03:00",
    "last_seen": "2026-09-22T19:45:57-03:00",
    "best_seen": "2026-09-22T19:20:36-03:00",
    "placed_by": "estimate",
    "spread_m": 42,
    "sightings": 32,
    "barely_pinned": true
   }
  },
  {
   "type": "Feature",
   "geometry": {
    "type": "Point",
    "coordinates": [
     -58.222115,
     -33.52345
    ]
   },
   "properties": {
    "kind": "network",
    "ssid": "",
    "bssid": "ap-5f8a6029e920",
    "security": "psk",
    "open": false,
    "frequency_mhz": null,
    "channel": null,
    "best_signal_dbm": -47,
    "best_signal_percent": 100,
    "seen": 36,
    "connected": false,
    "first_seen": "2026-09-22T19:20:11-03:00",
    "last_seen": "2026-09-22T19:46:12-03:00",
    "best_seen": "2026-09-22T19:20:41-03:00",
    "placed_by": "estimate",
    "spread_m": 19,
    "sightings": 36,
    "barely_pinned": false
   }
  },
  {
   "type": "Feature",
   "geometry": {
    "type": "Point",
    "coordinates": [
     -58.222211,
     -33.523448
    ]
   },
   "properties": {
    "kind": "network",
    "ssid": "",
    "bssid": "ap-f300b176c982",
    "security": "psk",
    "open": false,
    "frequency_mhz": 2447,
    "channel": 8,
    "best_signal_dbm": -68,
    "best_signal_percent": 64,
    "seen": 28,
    "connected": false,
    "first_seen": "2026-09-22T19:20:26-03:00",
    "last_seen": "2026-09-22T19:46:27-03:00",
    "best_seen": "2026-09-22T19:20:41-03:00",
    "placed_by": "estimate",
    "spread_m": 29,
    "sightings": 28,
    "barely_pinned": true
   }
  },
  {
   "type": "Feature",
   "geometry": {
    "type": "Point",
    "coordinates": [
     -58.222195,
     -33.523444
    ]
   },
   "properties": {
    "kind": "network",
    "ssid": "",
    "bssid": "ap-02f792905cf9",
    "security": "psk",
    "open": false,
    "frequency_mhz": null,
    "channel": null,
    "best_signal_dbm": -65,
    "best_signal_percent": 70,
    "seen": 21,
    "connected": false,
    "first_seen": "2026-09-22T19:20:31-03:00",
    "last_seen": "2026-09-22T19:46:12-03:00",
    "best_seen": "2026-09-22T19:20:41-03:00",
    "placed_by": "estimate",
    "spread_m": 22,
    "sightings": 21,
    "barely_pinned": true
   }
  },
  {
   "type": "Feature",
   "geometry": {
    "type": "Point",
    "coordinates": [
     -58.222136,
     -33.523461
    ]
   },
   "properties": {
    "kind": "network",
    "ssid": "",
    "bssid": "ap-4f67b5ef5769",
    "security": "psk",
    "open": false,
    "frequency_mhz": 2427,
    "channel": 4,
    "best_signal_dbm": -47,
    "best_signal_percent": 100,
    "seen": 32,
    "connected": false,
    "first_seen": "2026-09-22T19:20:31-03:00",
    "last_seen": "2026-09-22T19:46:27-03:00",
    "best_seen": "2026-09-22T19:20:41-03:00",
    "placed_by": "estimate",
    "spread_m": 18,
    "sightings": 32,
    "barely_pinned": false
   }
  },
  {
   "type": "Feature",
   "geometry": {
    "type": "Point",
    "coordinates": [
     -58.222194,
     -33.523602
    ]
   },
   "properties": {
    "kind": "network",
    "ssid": "",
    "bssid": "ap-c0b5bb073320",
    "security": "psk",
    "open": false,
    "frequency_mhz": 2427,
    "channel": 4,
    "best_signal_dbm": -65,
    "best_signal_percent": 70,
    "seen": 34,
    "connected": false,
    "first_seen": "2026-09-22T19:20:36-03:00",
    "last_seen": "2026-09-22T19:46:27-03:00",
    "best_seen": "2026-09-22T19:20:47-03:00",
    "placed_by": "estimate",
    "spread_m": 29,
    "sightings": 34,
    "barely_pinned": true
   }
  },
  {
   "type": "Feature",
   "geometry": {
    "type": "Point",
    "coordinates": [
     -58.222232,
     -33.523586
    ]
   },
   "properties": {
    "kind": "network",
    "ssid": "",
    "bssid": "ap-937659f934d1",
    "security": "psk",
    "open": false,
    "frequency_mhz": null,
    "channel": null,
    "best_signal_dbm": -75,
    "best_signal_percent": 50,
    "seen": 23,
    "connected": false,
    "first_seen": "2026-09-22T19:20:36-03:00",
    "last_seen": "2026-09-22T19:46:02-03:00",
    "best_seen": "2026-09-22T19:20:47-03:00",
    "placed_by": "estimate",
    "spread_m": 23,
    "sightings": 23,
    "barely_pinned": true
   }
  },
  {
   "type": "Feature",
   "geometry": {
    "type": "Point",
    "coordinates": [
     -58.22233,
     -33.523575
    ]
   },
   "properties": {
    "kind": "network",
    "ssid": "",
    "bssid": "ap-2ddf7e02b16c",
    "security": "psk",
    "open": false,
    "frequency_mhz": null,
    "channel": null,
    "best_signal_dbm": -84,
    "best_signal_percent": 32,
    "seen": 13,
    "connected": false,
    "first_seen": "2026-09-22T19:21:06-03:00",
    "last_seen": "2026-09-22T19:46:07-03:00",
    "best_seen": "2026-09-22T19:21:06-03:00",
    "placed_by": "estimate",
    "spread_m": 24,
    "sightings": 13,
    "barely_pinned": true
   }
  },
  {
   "type": "Feature",
   "geometry": {
    "type": "Point",
    "coordinates": [
     -58.222293,
     -33.523622
    ]
   },
   "properties": {
    "kind": "network",
    "ssid": "",
    "bssid": "ap-e86ff52fd5b0",
    "security": "psk",
    "open": false,
    "frequency_mhz": null,
    "channel": null,
    "best_signal_dbm": -76,
    "best_signal_percent": 48,
    "seen": 26,
    "connected": false,
    "first_seen": "2026-09-22T19:21:01-03:00",
    "last_seen": "2026-09-22T19:46:37-03:00",
    "best_seen": "2026-09-22T19:21:12-03:00",
    "placed_by": "estimate",
    "spread_m": 30,
    "sightings": 26,
    "barely_pinned": true
   }
  },
  {
   "type": "Feature",
   "geometry": {
    "type": "Point",
    "coordinates": [
     -58.222329,
     -33.523576
    ]
   },
   "properties": {
    "kind": "network",
    "ssid": "",
    "bssid": "ap-882fc5a4858a",
    "security": "psk",
    "open": false,
    "frequency_mhz": null,
    "channel": null,
    "best_signal_dbm": -77,
    "best_signal_percent": 46,
    "seen": 17,
    "connected": false,
    "first_seen": "2026-09-22T19:21:12-03:00",
    "last_seen": "2026-09-22T19:46:12-03:00",
    "best_seen": "2026-09-22T19:21:12-03:00",
    "placed_by": "estimate",
    "spread_m": 21,
    "sightings": 17,
    "barely_pinned": true
   }
  },
  {
   "type": "Feature",
   "geometry": {
    "type": "Point",
    "coordinates": [
     -58.222258,
     -33.523643
    ]
   },
   "properties": {
    "kind": "network",
    "ssid": "",
    "bssid": "ap-a8ed656b9968",
    "security": "psk",
    "open": false,
    "frequency_mhz": null,
    "channel": null,
    "best_signal_dbm": -71,
    "best_signal_percent": 58,
    "seen": 39,
    "connected": false,
    "first_seen": "2026-09-22T19:20:56-03:00",
    "last_seen": "2026-09-22T19:46:47-03:00",
    "best_seen": "2026-09-22T19:21:16-03:00",
    "placed_by": "estimate",
    "spread_m": 36,
    "sightings": 39,
    "barely_pinned": false
   }
  },
  {
   "type": "Feature",
   "geometry": {
    "type": "Point",
    "coordinates": [
     -58.222368,
     -33.52351
    ]
   },
   "properties": {
    "kind": "network",
    "ssid": "",
    "bssid": "ap-9a7ce4f2b48a",
    "security": "psk",
    "open": false,
    "frequency_mhz": null,
    "channel": null,
    "best_signal_dbm": -74,
    "best_signal_percent": 52,
    "seen": 33,
    "connected": false,
    "first_seen": "2026-09-22T19:20:56-03:00",
    "last_seen": "2026-09-22T19:46:57-03:00",
    "best_seen": "2026-09-22T19:21:16-03:00",
    "placed_by": "estimate",
    "spread_m": 39,
    "sightings": 33,
    "barely_pinned": true
   }
  },
  {
   "type": "Feature",
   "geometry": {
    "type": "Point",
    "coordinates": [
     -58.222233,
     -33.523713
    ]
   },
   "properties": {
    "kind": "network",
    "ssid": "",
    "bssid": "ap-caafe3babd18",
    "security": "psk",
    "open": false,
    "frequency_mhz": null,
    "channel": null,
    "best_signal_dbm": -66,
    "best_signal_percent": 68,
    "seen": 13,
    "connected": false,
    "first_seen": "2026-09-22T19:21:16-03:00",
    "last_seen": "2026-09-22T19:45:53-03:00",
    "best_seen": "2026-09-22T19:21:16-03:00",
    "placed_by": "estimate",
    "spread_m": 20,
    "sightings": 13,
    "barely_pinned": true
   }
  },
  {
   "type": "Feature",
   "geometry": {
    "type": "Point",
    "coordinates": [
     -58.222302,
     -33.523616
    ]
   },
   "properties": {
    "kind": "network",
    "ssid": "",
    "bssid": "ap-5a335c3db05c",
    "security": "psk",
    "open": false,
    "frequency_mhz": null,
    "channel": null,
    "best_signal_dbm": -85,
    "best_signal_percent": 30,
    "seen": 17,
    "connected": false,
    "first_seen": "2026-09-22T19:21:16-03:00",
    "last_seen": "2026-09-22T19:46:22-03:00",
    "best_seen": "2026-09-22T19:21:21-03:00",
    "placed_by": "estimate",
    "spread_m": 34,
    "sightings": 17,
    "barely_pinned": true
   }
  },
  {
   "type": "Feature",
   "geometry": {
    "type": "Point",
    "coordinates": [
     -58.222118,
     -33.523873
    ]
   },
   "properties": {
    "kind": "network",
    "ssid": "",
    "bssid": "ap-86863a31a44b",
    "security": "psk",
    "open": false,
    "frequency_mhz": 2457,
    "channel": 10,
    "best_signal_dbm": -72,
    "best_signal_percent": 56,
    "seen": 23,
    "connected": false,
    "first_seen": "2026-09-22T19:21:31-03:00",
    "last_seen": "2026-09-22T19:45:57-03:00",
    "best_seen": "2026-09-22T19:21:31-03:00",
    "placed_by": "estimate",
    "spread_m": 29,
    "sightings": 23,
    "barely_pinned": true
   }
  },
  {
   "type": "Feature",
   "geometry": {
    "type": "Point",
    "coordinates": [
     -58.221994,
     -33.524054
    ]
   },
   "properties": {
    "kind": "network",
    "ssid": "",
    "bssid": "ap-00dae8eefbaa",
    "security": "psk",
    "open": false,
    "frequency_mhz": null,
    "channel": null,
    "best_signal_dbm": -87,
    "best_signal_percent": 26,
    "seen": 6,
    "connected": false,
    "first_seen": "2026-09-22T19:21:31-03:00",
    "last_seen": "2026-09-22T19:21:56-03:00",
    "best_seen": "2026-09-22T19:21:31-03:00",
    "placed_by": "estimate",
    "spread_m": 13,
    "sightings": 6,
    "barely_pinned": true
   }
  },
  {
   "type": "Feature",
   "geometry": {
    "type": "Point",
    "coordinates": [
     -58.222121,
     -33.523858
    ]
   },
   "properties": {
    "kind": "network",
    "ssid": "",
    "bssid": "ap-d68adcfefec6",
    "security": "psk",
    "open": false,
    "frequency_mhz": null,
    "channel": null,
    "best_signal_dbm": -70,
    "best_signal_percent": 60,
    "seen": 30,
    "connected": false,
    "first_seen": "2026-09-22T19:21:01-03:00",
    "last_seen": "2026-09-22T19:45:57-03:00",
    "best_seen": "2026-09-22T19:21:37-03:00",
    "placed_by": "estimate",
    "spread_m": 28,
    "sightings": 30,
    "barely_pinned": true
   }
  },
  {
   "type": "Feature",
   "geometry": {
    "type": "Point",
    "coordinates": [
     -58.222048,
     -33.523971
    ]
   },
   "properties": {
    "kind": "network",
    "ssid": "",
    "bssid": "ap-9ea932dc51b9",
    "security": "psk",
    "open": false,
    "frequency_mhz": null,
    "channel": null,
    "best_signal_dbm": -82,
    "best_signal_percent": 36,
    "seen": 15,
    "connected": false,
    "first_seen": "2026-09-22T19:21:31-03:00",
    "last_seen": "2026-09-22T19:45:33-03:00",
    "best_seen": "2026-09-22T19:21:37-03:00",
    "placed_by": "estimate",
    "spread_m": 23,
    "sightings": 15,
    "barely_pinned": true
   }
  },
  {
   "type": "Feature",
   "geometry": {
    "type": "Point",
    "coordinates": [
     -58.221969,
     -33.524066
    ]
   },
   "properties": {
    "kind": "network",
    "ssid": "",
    "bssid": "ap-383da6799705",
    "security": "psk",
    "open": false,
    "frequency_mhz": null,
    "channel": null,
    "best_signal_dbm": -71,
    "best_signal_percent": 58,
    "seen": 16,
    "connected": false,
    "first_seen": "2026-09-22T19:21:41-03:00",
    "last_seen": "2026-09-22T19:45:28-03:00",
    "best_seen": "2026-09-22T19:21:41-03:00",
    "placed_by": "estimate",
    "spread_m": 21,
    "sightings": 16,
    "barely_pinned": true
   }
  },
  {
   "type": "Feature",
   "geometry": {
    "type": "Point",
    "coordinates": [
     -58.222021,
     -33.524016
    ]
   },
   "properties": {
    "kind": "network",
    "ssid": "",
    "bssid": "ap-1d8c5c00bbc6",
    "security": "psk",
    "open": false,
    "frequency_mhz": null,
    "channel": null,
    "best_signal_dbm": -71,
    "best_signal_percent": 58,
    "seen": 12,
    "connected": false,
    "first_seen": "2026-09-22T19:21:41-03:00",
    "last_seen": "2026-09-22T19:45:28-03:00",
    "best_seen": "2026-09-22T19:21:41-03:00",
    "placed_by": "estimate",
    "spread_m": 17,
    "sightings": 12,
    "barely_pinned": true
   }
  },
  {
   "type": "Feature",
   "geometry": {
    "type": "Point",
    "coordinates": [
     -58.221881,
     -33.524198
    ]
   },
   "properties": {
    "kind": "network",
    "ssid": "",
    "bssid": "ap-762629561dad",
    "security": "psk",
    "open": false,
    "frequency_mhz": null,
    "channel": null,
    "best_signal_dbm": -87,
    "best_signal_percent": 26,
    "seen": 7,
    "connected": false,
    "first_seen": "2026-09-22T19:21:41-03:00",
    "last_seen": "2026-09-22T19:22:11-03:00",
    "best_seen": "2026-09-22T19:21:41-03:00",
    "placed_by": "estimate",
    "spread_m": 16,
    "sightings": 7,
    "barely_pinned": true
   }
  },
  {
   "type": "Feature",
   "geometry": {
    "type": "Point",
    "coordinates": [
     -58.221804,
     -33.524224
    ]
   },
   "properties": {
    "kind": "network",
    "ssid": "",
    "bssid": "ap-61f2c348075c",
    "security": "psk",
    "open": false,
    "frequency_mhz": null,
    "channel": null,
    "best_signal_dbm": -73,
    "best_signal_percent": 54,
    "seen": 8,
    "connected": false,
    "first_seen": "2026-09-22T19:21:46-03:00",
    "last_seen": "2026-09-22T19:22:21-03:00",
    "best_seen": "2026-09-22T19:21:46-03:00",
    "placed_by": "estimate",
    "spread_m": 16,
    "sightings": 8,
    "barely_pinned": true
   }
  },
  {
   "type": "Feature",
   "geometry": {
    "type": "Point",
    "coordinates": [
     -58.221971,
     -33.52398
    ]
   },
   "properties": {
    "kind": "network",
    "ssid": "",
    "bssid": "ap-97eb81e8f642",
    "security": "psk",
    "open": false,
    "frequency_mhz": 2462,
    "channel": 11,
    "best_signal_dbm": -64,
    "best_signal_percent": 72,
    "seen": 40,
    "connected": false,
    "first_seen": "2026-09-22T19:21:51-03:00",
    "last_seen": "2026-09-22T19:46:37-03:00",
    "best_seen": "2026-09-22T19:21:56-03:00",
    "placed_by": "estimate",
    "spread_m": 47,
    "sightings": 40,
    "barely_pinned": true
   }
  },
  {
   "type": "Feature",
   "geometry": {
    "type": "Point",
    "coordinates": [
     -58.221728,
     -33.524158
    ]
   },
   "properties": {
    "kind": "network",
    "ssid": "",
    "bssid": "ap-3bfec91008f8",
    "security": "psk",
    "open": false,
    "frequency_mhz": null,
    "channel": null,
    "best_signal_dbm": -48,
    "best_signal_percent": 100,
    "seen": 48,
    "connected": false,
    "first_seen": "2026-09-22T19:21:51-03:00",
    "last_seen": "2026-09-22T19:46:18-03:00",
    "best_seen": "2026-09-22T19:22:02-03:00",
    "placed_by": "estimate",
    "spread_m": 35,
    "sightings": 48,
    "barely_pinned": false
   }
  },
  {
   "type": "Feature",
   "geometry": {
    "type": "Point",
    "coordinates": [
     -58.221811,
     -33.524194
    ]
   },
   "properties": {
    "kind": "network",
    "ssid": "",
    "bssid": "ap-d027d41a160b",
    "security": "psk",
    "open": false,
    "frequency_mhz": null,
    "channel": null,
    "best_signal_dbm": -83,
    "best_signal_percent": 34,
    "seen": 15,
    "connected": false,
    "first_seen": "2026-09-22T19:21:56-03:00",
    "last_seen": "2026-09-22T19:45:13-03:00",
    "best_seen": "2026-09-22T19:22:02-03:00",
    "placed_by": "estimate",
    "spread_m": 21,
    "sightings": 15,
    "barely_pinned": true
   }
  },
  {
   "type": "Feature",
   "geometry": {
    "type": "Point",
    "coordinates": [
     -58.22167,
     -33.524099
    ]
   },
   "properties": {
    "kind": "network",
    "ssid": "",
    "bssid": "ap-a96c6d218c98",
    "security": "psk",
    "open": false,
    "frequency_mhz": 2427,
    "channel": 4,
    "best_signal_dbm": -60,
    "best_signal_percent": 80,
    "seen": 27,
    "connected": false,
    "first_seen": "2026-09-22T19:22:02-03:00",
    "last_seen": "2026-09-22T19:45:43-03:00",
    "best_seen": "2026-09-22T19:22:02-03:00",
    "placed_by": "estimate",
    "spread_m": 42,
    "sightings": 27,
    "barely_pinned": false
   }
  },
  {
   "type": "Feature",
   "geometry": {
    "type": "Point",
    "coordinates": [
     -58.221779,
     -33.524182
    ]
   },
   "properties": {
    "kind": "network",
    "ssid": "",
    "bssid": "ap-cc14e800c31c",
    "security": "psk",
    "open": false,
    "frequency_mhz": null,
    "channel": null,
    "best_signal_dbm": -79,
    "best_signal_percent": 42,
    "seen": 12,
    "connected": false,
    "first_seen": "2026-09-22T19:22:02-03:00",
    "last_seen": "2026-09-22T19:45:18-03:00",
    "best_seen": "2026-09-22T19:22:02-03:00",
    "placed_by": "estimate",
    "spread_m": 25,
    "sightings": 12,
    "barely_pinned": true
   }
  },
  {
   "type": "Feature",
   "geometry": {
    "type": "Point",
    "coordinates": [
     -58.221698,
     -33.524203
    ]
   },
   "properties": {
    "kind": "network",
    "ssid": "",
    "bssid": "ap-7a363291d056",
    "security": "psk",
    "open": false,
    "frequency_mhz": null,
    "channel": null,
    "best_signal_dbm": -71,
    "best_signal_percent": 58,
    "seen": 24,
    "connected": false,
    "first_seen": "2026-09-22T19:21:46-03:00",
    "last_seen": "2026-09-22T19:45:18-03:00",
    "best_seen": "2026-09-22T19:22:11-03:00",
    "placed_by": "estimate",
    "spread_m": 25,
    "sightings": 24,
    "barely_pinned": true
   }
  },
  {
   "type": "Feature",
   "geometry": {
    "type": "Point",
    "coordinates": [
     -58.221806,
     -33.524068
    ]
   },
   "properties": {
    "kind": "network",
    "ssid": "",
    "bssid": "ap-4fb0552de3d0",
    "security": "psk",
    "open": false,
    "frequency_mhz": 2447,
    "channel": 8,
    "best_signal_dbm": -68,
    "best_signal_percent": 64,
    "seen": 33,
    "connected": false,
    "first_seen": "2026-09-22T19:22:06-03:00",
    "last_seen": "2026-09-22T19:46:52-03:00",
    "best_seen": "2026-09-22T19:22:11-03:00",
    "placed_by": "estimate",
    "spread_m": 44,
    "sightings": 33,
    "barely_pinned": false
   }
  },
  {
   "type": "Feature",
   "geometry": {
    "type": "Point",
    "coordinates": [
     -58.221854,
     -33.524073
    ]
   },
   "properties": {
    "kind": "network",
    "ssid": "",
    "bssid": "ap-6624a0d7c505",
    "security": "open",
    "open": true,
    "frequency_mhz": null,
    "channel": null,
    "best_signal_dbm": -82,
    "best_signal_percent": 36,
    "seen": 24,
    "connected": false,
    "first_seen": "2026-09-22T19:22:11-03:00",
    "last_seen": "2026-09-22T19:45:47-03:00",
    "best_seen": "2026-09-22T19:22:11-03:00",
    "placed_by": "estimate",
    "spread_m": 38,
    "sightings": 24,
    "barely_pinned": true
   }
  },
  {
   "type": "Feature",
   "geometry": {
    "type": "Point",
    "coordinates": [
     -58.221707,
     -33.524114
    ]
   },
   "properties": {
    "kind": "network",
    "ssid": "",
    "bssid": "ap-bd019d3cf567",
    "security": "psk",
    "open": false,
    "frequency_mhz": null,
    "channel": null,
    "best_signal_dbm": -68,
    "best_signal_percent": 64,
    "seen": 40,
    "connected": false,
    "first_seen": "2026-09-22T19:21:26-03:00",
    "last_seen": "2026-09-22T19:45:37-03:00",
    "best_seen": "2026-09-22T19:22:16-03:00",
    "placed_by": "estimate",
    "spread_m": 37,
    "sightings": 40,
    "barely_pinned": true
   }
  },
  {
   "type": "Feature",
   "geometry": {
    "type": "Point",
    "coordinates": [
     -58.221959,
     -33.523987
    ]
   },
   "properties": {
    "kind": "network",
    "ssid": "",
    "bssid": "ap-0b5624a99838",
    "security": "psk",
    "open": false,
    "frequency_mhz": null,
    "channel": null,
    "best_signal_dbm": -66,
    "best_signal_percent": 68,
    "seen": 25,
    "connected": false,
    "first_seen": "2026-09-22T19:21:37-03:00",
    "last_seen": "2026-09-22T19:46:22-03:00",
    "best_seen": "2026-09-22T19:22:16-03:00",
    "placed_by": "estimate",
    "spread_m": 42,
    "sightings": 25,
    "barely_pinned": true
   }
  },
  {
   "type": "Feature",
   "geometry": {
    "type": "Point",
    "coordinates": [
     -58.221577,
     -33.524174
    ]
   },
   "properties": {
    "kind": "network",
    "ssid": "",
    "bssid": "ap-a9d604f8ad7c",
    "security": "psk",
    "open": false,
    "frequency_mhz": 2422,
    "channel": 3,
    "best_signal_dbm": -66,
    "best_signal_percent": 68,
    "seen": 20,
    "connected": false,
    "first_seen": "2026-09-22T19:22:02-03:00",
    "last_seen": "2026-09-22T19:45:08-03:00",
    "best_seen": "2026-09-22T19:22:16-03:00",
    "placed_by": "estimate",
    "spread_m": 29,
    "sightings": 20,
    "barely_pinned": true
   }
  },
  {
   "type": "Feature",
   "geometry": {
    "type": "Point",
    "coordinates": [
     -58.221738,
     -33.524139
    ]
   },
   "properties": {
    "kind": "network",
    "ssid": "",
    "bssid": "ap-acc75885974f",
    "security": "psk",
    "open": false,
    "frequency_mhz": null,
    "channel": null,
    "best_signal_dbm": -68,
    "best_signal_percent": 64,
    "seen": 24,
    "connected": false,
    "first_seen": "2026-09-22T19:22:11-03:00",
    "last_seen": "2026-09-22T19:45:33-03:00",
    "best_seen": "2026-09-22T19:22:16-03:00",
    "placed_by": "estimate",
    "spread_m": 31,
    "sightings": 24,
    "barely_pinned": true
   }
  },
  {
   "type": "Feature",
   "geometry": {
    "type": "Point",
    "coordinates": [
     -58.221439,
     -33.524201
    ]
   },
   "properties": {
    "kind": "network",
    "ssid": "",
    "bssid": "ap-3207a7444da5",
    "security": "psk",
    "open": false,
    "frequency_mhz": null,
    "channel": null,
    "best_signal_dbm": -68,
    "best_signal_percent": 64,
    "seen": 7,
    "connected": false,
    "first_seen": "2026-09-22T19:22:16-03:00",
    "last_seen": "2026-09-22T19:22:46-03:00",
    "best_seen": "2026-09-22T19:22:16-03:00",
    "placed_by": "estimate",
    "spread_m": 11,
    "sightings": 7,
    "barely_pinned": true
   }
  },
  {
   "type": "Feature",
   "geometry": {
    "type": "Point",
    "coordinates": [
     -58.221424,
     -33.524194
    ]
   },
   "properties": {
    "kind": "network",
    "ssid": "",
    "bssid": "ap-f0a75916023c",
    "security": "psk",
    "open": false,
    "frequency_mhz": null,
    "channel": null,
    "best_signal_dbm": -90,
    "best_signal_percent": 20,
    "seen": 6,
    "connected": false,
    "first_seen": "2026-09-22T19:22:16-03:00",
    "last_seen": "2026-09-22T19:22:41-03:00",
    "best_seen": "2026-09-22T19:22:16-03:00",
    "placed_by": "estimate",
    "spread_m": 9,
    "sightings": 6,
    "barely_pinned": true
   }
  },
  {
   "type": "Feature",
   "geometry": {
    "type": "Point",
    "coordinates": [
     -58.221424,
     -33.524194
    ]
   },
   "properties": {
    "kind": "network",
    "ssid": "",
    "bssid": "ap-c6aff156d865",
    "security": "psk",
    "open": false,
    "frequency_mhz": 2432,
    "channel": 5,
    "best_signal_dbm": -92,
    "best_signal_percent": 16,
    "seen": 6,
    "connected": false,
    "first_seen": "2026-09-22T19:22:16-03:00",
    "last_seen": "2026-09-22T19:22:41-03:00",
    "best_seen": "2026-09-22T19:22:16-03:00",
    "placed_by": "estimate",
    "spread_m": 9,
    "sightings": 6,
    "barely_pinned": true
   }
  },
  {
   "type": "Feature",
   "geometry": {
    "type": "Point",
    "coordinates": [
     -58.221605,
     -33.524209
    ]
   },
   "properties": {
    "kind": "network",
    "ssid": "",
    "bssid": "ap-3549333995b7",
    "security": "psk",
    "open": false,
    "frequency_mhz": 2452,
    "channel": 9,
    "best_signal_dbm": -82,
    "best_signal_percent": 36,
    "seen": 13,
    "connected": false,
    "first_seen": "2026-09-22T19:22:21-03:00",
    "last_seen": "2026-09-22T19:44:57-03:00",
    "best_seen": "2026-09-22T19:22:21-03:00",
    "placed_by": "estimate",
    "spread_m": 25,
    "sightings": 13,
    "barely_pinned": true
   }
  },
  {
   "type": "Feature",
   "geometry": {
    "type": "Point",
    "coordinates": [
     -58.221318,
     -33.524144
    ]
   },
   "properties": {
    "kind": "network",
    "ssid": "",
    "bssid": "ap-3e26ea4a0d74",
    "security": "psk",
    "open": false,
    "frequency_mhz": null,
    "channel": null,
    "best_signal_dbm": -89,
    "best_signal_percent": 22,
    "seen": 7,
    "connected": false,
    "first_seen": "2026-09-22T19:22:21-03:00",
    "last_seen": "2026-09-22T19:22:52-03:00",
    "best_seen": "2026-09-22T19:22:27-03:00",
    "placed_by": "estimate",
    "spread_m": 10,
    "sightings": 7,
    "barely_pinned": true
   }
  },
  {
   "type": "Feature",
   "geometry": {
    "type": "Point",
    "coordinates": [
     -58.221134,
     -33.524058
    ]
   },
   "properties": {
    "kind": "network",
    "ssid": "",
    "bssid": "ap-8b6476d49f99",
    "security": "psk",
    "open": false,
    "frequency_mhz": null,
    "channel": null,
    "best_signal_dbm": -85,
    "best_signal_percent": 30,
    "seen": 12,
    "connected": false,
    "first_seen": "2026-09-22T19:22:27-03:00",
    "last_seen": "2026-09-22T19:23:21-03:00",
    "best_seen": "2026-09-22T19:22:27-03:00",
    "placed_by": "estimate",
    "spread_m": 24,
    "sightings": 12,
    "barely_pinned": true
   }
  },
  {
   "type": "Feature",
   "geometry": {
    "type": "Point",
    "coordinates": [
     -58.22129,
     -33.524131
    ]
   },
   "properties": {
    "kind": "network",
    "ssid": "",
    "bssid": "ap-2192ca257058",
    "security": "psk",
    "open": false,
    "frequency_mhz": null,
    "channel": null,
    "best_signal_dbm": -95,
    "best_signal_percent": 10,
    "seen": 6,
    "connected": false,
    "first_seen": "2026-09-22T19:22:27-03:00",
    "last_seen": "2026-09-22T19:22:52-03:00",
    "best_seen": "2026-09-22T19:22:27-03:00",
    "placed_by": "estimate",
    "spread_m": 10,
    "sightings": 6,
    "barely_pinned": true
   }
  },
  {
   "type": "Feature",
   "geometry": {
    "type": "Point",
    "coordinates": [
     -58.22129,
     -33.524131
    ]
   },
   "properties": {
    "kind": "network",
    "ssid": "",
    "bssid": "ap-5e3edd0a25ec",
    "security": "psk",
    "open": false,
    "frequency_mhz": null,
    "channel": null,
    "best_signal_dbm": -95,
    "best_signal_percent": 10,
    "seen": 6,
    "connected": false,
    "first_seen": "2026-09-22T19:22:27-03:00",
    "last_seen": "2026-09-22T19:22:52-03:00",
    "best_seen": "2026-09-22T19:22:27-03:00",
    "placed_by": "estimate",
    "spread_m": 10,
    "sightings": 6,
    "barely_pinned": true
   }
  },
  {
   "type": "Feature",
   "geometry": {
    "type": "Point",
    "coordinates": [
     -58.221396,
     -33.524142
    ]
   },
   "properties": {
    "kind": "network",
    "ssid": "",
    "bssid": "ap-0396927c4b28",
    "security": "open",
    "open": true,
    "frequency_mhz": 2437,
    "channel": 6,
    "best_signal_dbm": -78,
    "best_signal_percent": 44,
    "seen": 30,
    "connected": false,
    "first_seen": "2026-09-22T19:22:21-03:00",
    "last_seen": "2026-09-22T19:44:57-03:00",
    "best_seen": "2026-09-22T19:22:31-03:00",
    "placed_by": "estimate",
    "spread_m": 30,
    "sightings": 30,
    "barely_pinned": true
   }
  },
  {
   "type": "Feature",
   "geometry": {
    "type": "Point",
    "coordinates": [
     -58.220966,
     -33.52398
    ]
   },
   "properties": {
    "kind": "network",
    "ssid": "",
    "bssid": "ap-e08d024aafbf",
    "security": "psk",
    "open": false,
    "frequency_mhz": null,
    "channel": null,
    "best_signal_dbm": -81,
    "best_signal_percent": 38,
    "seen": 6,
    "connected": false,
    "first_seen": "2026-09-22T19:22:46-03:00",
    "last_seen": "2026-09-22T19:23:11-03:00",
    "best_seen": "2026-09-22T19:22:46-03:00",
    "placed_by": "estimate",
    "spread_m": 14,
    "sightings": 6,
    "barely_pinned": true
   }
  },
  {
   "type": "Feature",
   "geometry": {
    "type": "Point",
    "coordinates": [
     -58.221121,
     -33.524046
    ]
   },
   "properties": {
    "kind": "network",
    "ssid": "",
    "bssid": "ap-1eaa087056b1",
    "security": "psk",
    "open": false,
    "frequency_mhz": 2452,
    "channel": 9,
    "best_signal_dbm": -66,
    "best_signal_percent": 68,
    "seen": 33,
    "connected": false,
    "first_seen": "2026-09-22T19:22:16-03:00",
    "last_seen": "2026-09-22T19:44:38-03:00",
    "best_seen": "2026-09-22T19:22:52-03:00",
    "placed_by": "estimate",
    "spread_m": 38,
    "sightings": 33,
    "barely_pinned": false
   }
  },
  {
   "type": "Feature",
   "geometry": {
    "type": "Point",
    "coordinates": [
     -58.221152,
     -33.524065
    ]
   },
   "properties": {
    "kind": "network",
    "ssid": "",
    "bssid": "ap-3f19644c5738",
    "security": "psk",
    "open": false,
    "frequency_mhz": null,
    "channel": null,
    "best_signal_dbm": -66,
    "best_signal_percent": 68,
    "seen": 17,
    "connected": false,
    "first_seen": "2026-09-22T19:22:46-03:00",
    "last_seen": "2026-09-22T19:44:32-03:00",
    "best_seen": "2026-09-22T19:22:52-03:00",
    "placed_by": "estimate",
    "spread_m": 31,
    "sightings": 17,
    "barely_pinned": true
   }
  },
  {
   "type": "Feature",
   "geometry": {
    "type": "Point",
    "coordinates": [
     -58.220873,
     -33.523908
    ]
   },
   "properties": {
    "kind": "network",
    "ssid": "",
    "bssid": "ap-2f5aa54f0aeb",
    "security": "psk",
    "open": false,
    "frequency_mhz": 2442,
    "channel": 7,
    "best_signal_dbm": -53,
    "best_signal_percent": 94,
    "seen": 46,
    "connected": false,
    "first_seen": "2026-09-22T19:22:52-03:00",
    "last_seen": "2026-09-22T19:44:57-03:00",
    "best_seen": "2026-09-22T19:23:01-03:00",
    "placed_by": "estimate",
    "spread_m": 40,
    "sightings": 46,
    "barely_pinned": true
   }
  },
  {
   "type": "Feature",
   "geometry": {
    "type": "Point",
    "coordinates": [
     -58.220619,
     -33.523813
    ]
   },
   "properties": {
    "kind": "network",
    "ssid": "",
    "bssid": "ap-4cc6eb76e846",
    "security": "psk",
    "open": false,
    "frequency_mhz": null,
    "channel": null,
    "best_signal_dbm": -88,
    "best_signal_percent": 24,
    "seen": 6,
    "connected": false,
    "first_seen": "2026-09-22T19:23:11-03:00",
    "last_seen": "2026-09-22T19:23:36-03:00",
    "best_seen": "2026-09-22T19:23:11-03:00",
    "placed_by": "estimate",
    "spread_m": 11,
    "sightings": 6,
    "barely_pinned": true
   }
  },
  {
   "type": "Feature",
   "geometry": {
    "type": "Point",
    "coordinates": [
     -58.220803,
     -33.523888
    ]
   },
   "properties": {
    "kind": "network",
    "ssid": "",
    "bssid": "ap-e0ccd43ea4f8",
    "security": "psk",
    "open": false,
    "frequency_mhz": null,
    "channel": null,
    "best_signal_dbm": -60,
    "best_signal_percent": 80,
    "seen": 40,
    "connected": false,
    "first_seen": "2026-09-22T19:22:41-03:00",
    "last_seen": "2026-09-22T19:44:30-03:00",
    "best_seen": "2026-09-22T19:23:17-03:00",
    "placed_by": "estimate",
    "spread_m": 39,
    "sightings": 40,
    "barely_pinned": true
   }
  },
  {
   "type": "Feature",
   "geometry": {
    "type": "Point",
    "coordinates": [
     -58.220726,
     -33.523816
    ]
   },
   "properties": {
    "kind": "network",
    "ssid": "",
    "bssid": "ap-d130d69915bf",
    "security": "psk",
    "open": false,
    "frequency_mhz": null,
    "channel": null,
    "best_signal_dbm": -44,
    "best_signal_percent": 100,
    "seen": 62,
    "connected": false,
    "first_seen": "2026-09-22T19:22:56-03:00",
    "last_seen": "2026-09-22T19:44:57-03:00",
    "best_seen": "2026-09-22T19:23:17-03:00",
    "placed_by": "estimate",
    "spread_m": 35,
    "sightings": 62,
    "barely_pinned": false
   }
  },
  {
   "type": "Feature",
   "geometry": {
    "type": "Point",
    "coordinates": [
     -58.220943,
     -33.523968
    ]
   },
   "properties": {
    "kind": "network",
    "ssid": "",
    "bssid": "ap-83cb46342d49",
    "security": "psk",
    "open": false,
    "frequency_mhz": null,
    "channel": null,
    "best_signal_dbm": -81,
    "best_signal_percent": 38,
    "seen": 12,
    "connected": false,
    "first_seen": "2026-09-22T19:23:01-03:00",
    "last_seen": "2026-09-22T19:44:03-03:00",
    "best_seen": "2026-09-22T19:23:17-03:00",
    "placed_by": "estimate",
    "spread_m": 22,
    "sightings": 12,
    "barely_pinned": true
   }
  },
  {
   "type": "Feature",
   "geometry": {
    "type": "Point",
    "coordinates": [
     -58.220791,
     -33.523889
    ]
   },
   "properties": {
    "kind": "network",
    "ssid": "",
    "bssid": "ap-36f8ee90f958",
    "security": "psk",
    "open": false,
    "frequency_mhz": null,
    "channel": null,
    "best_signal_dbm": -81,
    "best_signal_percent": 38,
    "seen": 30,
    "connected": false,
    "first_seen": "2026-09-22T19:23:06-03:00",
    "last_seen": "2026-09-22T19:44:17-03:00",
    "best_seen": "2026-09-22T19:23:17-03:00",
    "placed_by": "estimate",
    "spread_m": 35,
    "sightings": 30,
    "barely_pinned": true
   }
  },
  {
   "type": "Feature",
   "geometry": {
    "type": "Point",
    "coordinates": [
     -58.220593,
     -33.5238
    ]
   },
   "properties": {
    "kind": "network",
    "ssid": "",
    "bssid": "ap-754aa9c5148b",
    "security": "psk",
    "open": false,
    "frequency_mhz": null,
    "channel": null,
    "best_signal_dbm": -81,
    "best_signal_percent": 38,
    "seen": 9,
    "connected": false,
    "first_seen": "2026-09-22T19:23:06-03:00",
    "last_seen": "2026-09-22T19:23:46-03:00",
    "best_seen": "2026-09-22T19:23:17-03:00",
    "placed_by": "estimate",
    "spread_m": 17,
    "sightings": 9,
    "barely_pinned": true
   }
  },
  {
   "type": "Feature",
   "geometry": {
    "type": "Point",
    "coordinates": [
     -58.220512,
     -33.523759
    ]
   },
   "properties": {
    "kind": "network",
    "ssid": "",
    "bssid": "ap-4baaf5c6f03a",
    "security": "psk",
    "open": false,
    "frequency_mhz": 2447,
    "channel": 8,
    "best_signal_dbm": -83,
    "best_signal_percent": 34,
    "seen": 7,
    "connected": false,
    "first_seen": "2026-09-22T19:23:17-03:00",
    "last_seen": "2026-09-22T19:23:46-03:00",
    "best_seen": "2026-09-22T19:23:17-03:00",
    "placed_by": "estimate",
    "spread_m": 14,
    "sightings": 7,
    "barely_pinned": true
   }
  },
  {
   "type": "Feature",
   "geometry": {
    "type": "Point",
    "coordinates": [
     -58.220513,
     -33.52376
    ]
   },
   "properties": {
    "kind": "network",
    "ssid": "",
    "bssid": "ap-1c36bf1b1b7d",
    "security": "psk",
    "open": false,
    "frequency_mhz": null,
    "channel": null,
    "best_signal_dbm": -69,
    "best_signal_percent": 62,
    "seen": 8,
    "connected": false,
    "first_seen": "2026-09-22T19:23:11-03:00",
    "last_seen": "2026-09-22T19:23:46-03:00",
    "best_seen": "2026-09-22T19:23:21-03:00",
    "placed_by": "estimate",
    "spread_m": 14,
    "sightings": 8,
    "barely_pinned": true
   }
  },
  {
   "type": "Feature",
   "geometry": {
    "type": "Point",
    "coordinates": [
     -58.220702,
     -33.523846
    ]
   },
   "properties": {
    "kind": "network",
    "ssid": "",
    "bssid": "ap-470cdf7d2f1a",
    "security": "psk",
    "open": false,
    "frequency_mhz": null,
    "channel": null,
    "best_signal_dbm": -74,
    "best_signal_percent": 52,
    "seen": 26,
    "connected": false,
    "first_seen": "2026-09-22T19:23:31-03:00",
    "last_seen": "2026-09-22T19:44:30-03:00",
    "best_seen": "2026-09-22T19:23:31-03:00",
    "placed_by": "estimate",
    "spread_m": 47,
    "sightings": 26,
    "barely_pinned": true
   }
  },
  {
   "type": "Feature",
   "geometry": {
    "type": "Point",
    "coordinates": [
     -58.220595,
     -33.523795
    ]
   },
   "properties": {
    "kind": "network",
    "ssid": "",
    "bssid": "ap-08a81a3d6713",
    "security": "psk",
    "open": false,
    "frequency_mhz": 2432,
    "channel": 5,
    "best_signal_dbm": -68,
    "best_signal_percent": 64,
    "seen": 40,
    "connected": false,
    "first_seen": "2026-09-22T19:23:01-03:00",
    "last_seen": "2026-09-22T19:44:32-03:00",
    "best_seen": "2026-09-22T19:23:36-03:00",
    "placed_by": "estimate",
    "spread_m": 53,
    "sightings": 40,
    "barely_pinned": true
   }
  },
  {
   "type": "Feature",
   "geometry": {
    "type": "Point",
    "coordinates": [
     -58.220605,
     -33.523802
    ]
   },
   "properties": {
    "kind": "network",
    "ssid": "",
    "bssid": "ap-3786045fcad4",
    "security": "psk",
    "open": false,
    "frequency_mhz": null,
    "channel": null,
    "best_signal_dbm": -68,
    "best_signal_percent": 64,
    "seen": 20,
    "connected": false,
    "first_seen": "2026-09-22T19:23:26-03:00",
    "last_seen": "2026-09-22T19:44:03-03:00",
    "best_seen": "2026-09-22T19:23:36-03:00",
    "placed_by": "estimate",
    "spread_m": 39,
    "sightings": 20,
    "barely_pinned": true
   }
  },
  {
   "type": "Feature",
   "geometry": {
    "type": "Point",
    "coordinates": [
     -58.220237,
     -33.523621
    ]
   },
   "properties": {
    "kind": "network",
    "ssid": "",
    "bssid": "ap-35986215dbcd",
    "security": "psk",
    "open": false,
    "frequency_mhz": null,
    "channel": null,
    "best_signal_dbm": -90,
    "best_signal_percent": 20,
    "seen": 6,
    "connected": false,
    "first_seen": "2026-09-22T19:23:36-03:00",
    "last_seen": "2026-09-22T19:24:01-03:00",
    "best_seen": "2026-09-22T19:23:36-03:00",
    "placed_by": "estimate",
    "spread_m": 14,
    "sightings": 6,
    "barely_pinned": true
   }
  },
  {
   "type": "Feature",
   "geometry": {
    "type": "Point",
    "coordinates": [
     -58.220493,
     -33.523745
    ]
   },
   "properties": {
    "kind": "network",
    "ssid": "",
    "bssid": "ap-b504a05b043a",
    "security": "psk",
    "open": false,
    "frequency_mhz": null,
    "channel": null,
    "best_signal_dbm": -61,
    "best_signal_percent": 78,
    "seen": 20,
    "connected": false,
    "first_seen": "2026-09-22T19:23:26-03:00",
    "last_seen": "2026-09-22T19:44:17-03:00",
    "best_seen": "2026-09-22T19:23:42-03:00",
    "placed_by": "estimate",
    "spread_m": 43,
    "sightings": 20,
    "barely_pinned": true
   }
  },
  {
   "type": "Feature",
   "geometry": {
    "type": "Point",
    "coordinates": [
     -58.220156,
     -33.523581
    ]
   },
   "properties": {
    "kind": "network",
    "ssid": "",
    "bssid": "ap-d33df48a2584",
    "security": "psk",
    "open": false,
    "frequency_mhz": null,
    "channel": null,
    "best_signal_dbm": -61,
    "best_signal_percent": 78,
    "seen": 14,
    "connected": false,
    "first_seen": "2026-09-22T19:23:31-03:00",
    "last_seen": "2026-09-22T19:24:36-03:00",
    "best_seen": "2026-09-22T19:23:42-03:00",
    "placed_by": "estimate",
    "spread_m": 21,
    "sightings": 14,
    "barely_pinned": true
   }
  },
  {
   "type": "Feature",
   "geometry": {
    "type": "Point",
    "coordinates": [
     -58.220189,
     -33.523597
    ]
   },
   "properties": {
    "kind": "network",
    "ssid": "",
    "bssid": "ap-d13feb40e313",
    "security": "psk",
    "open": false,
    "frequency_mhz": null,
    "channel": null,
    "best_signal_dbm": -61,
    "best_signal_percent": 78,
    "seen": 11,
    "connected": false,
    "first_seen": "2026-09-22T19:23:31-03:00",
    "last_seen": "2026-09-22T19:24:23-03:00",
    "best_seen": "2026-09-22T19:23:42-03:00",
    "placed_by": "estimate",
    "spread_m": 19,
    "sightings": 11,
    "barely_pinned": true
   }
  },
  {
   "type": "Feature",
   "geometry": {
    "type": "Point",
    "coordinates": [
     -58.220451,
     -33.523725
    ]
   },
   "properties": {
    "kind": "network",
    "ssid": "",
    "bssid": "ap-98c5c2042978",
    "security": "psk",
    "open": false,
    "frequency_mhz": 2457,
    "channel": 10,
    "best_signal_dbm": -61,
    "best_signal_percent": 78,
    "seen": 28,
    "connected": false,
    "first_seen": "2026-09-22T19:23:42-03:00",
    "last_seen": "2026-09-22T19:44:17-03:00",
    "best_seen": "2026-09-22T19:23:42-03:00",
    "placed_by": "estimate",
    "spread_m": 53,
    "sightings": 28,
    "barely_pinned": true
   }
  },
  {
   "type": "Feature",
   "geometry": {
    "type": "Point",
    "coordinates": [
     -58.220117,
     -33.523561
    ]
   },
   "properties": {
    "kind": "network",
    "ssid": "",
    "bssid": "ap-213741a335d8",
    "security": "psk",
    "open": false,
    "frequency_mhz": 2452,
    "channel": 9,
    "best_signal_dbm": -74,
    "best_signal_percent": 52,
    "seen": 9,
    "connected": false,
    "first_seen": "2026-09-22T19:23:42-03:00",
    "last_seen": "2026-09-22T19:24:23-03:00",
    "best_seen": "2026-09-22T19:23:42-03:00",
    "placed_by": "estimate",
    "spread_m": 17,
    "sightings": 9,
    "barely_pinned": true
   }
  },
  {
   "type": "Feature",
   "geometry": {
    "type": "Point",
    "coordinates": [
     -58.219952,
     -33.523479
    ]
   },
   "properties": {
    "kind": "network",
    "ssid": "",
    "bssid": "ap-2956e4898bd4",
    "security": "psk",
    "open": false,
    "frequency_mhz": null,
    "channel": null,
    "best_signal_dbm": -74,
    "best_signal_percent": 52,
    "seen": 13,
    "connected": false,
    "first_seen": "2026-09-22T19:23:46-03:00",
    "last_seen": "2026-09-22T19:24:47-03:00",
    "best_seen": "2026-09-22T19:23:51-03:00",
    "placed_by": "estimate",
    "spread_m": 20,
    "sightings": 13,
    "barely_pinned": true
   }
  },
  {
   "type": "Feature",
   "geometry": {
    "type": "Point",
    "coordinates": [
     -58.22,
     -33.523503
    ]
   },
   "properties": {
    "kind": "network",
    "ssid": "",
    "bssid": "ap-7ab83b9dc6e8",
    "security": "psk",
    "open": false,
    "frequency_mhz": null,
    "channel": null,
    "best_signal_dbm": -74,
    "best_signal_percent": 52,
    "seen": 7,
    "connected": false,
    "first_seen": "2026-09-22T19:23:51-03:00",
    "last_seen": "2026-09-22T19:24:23-03:00",
    "best_seen": "2026-09-22T19:23:51-03:00",
    "placed_by": "estimate",
    "spread_m": 12,
    "sightings": 7,
    "barely_pinned": true
   }
  },
  {
   "type": "Feature",
   "geometry": {
    "type": "Point",
    "coordinates": [
     -58.220438,
     -33.523633
    ]
   },
   "properties": {
    "kind": "network",
    "ssid": "",
    "bssid": "ap-ca800d44f797",
    "security": "psk",
    "open": false,
    "frequency_mhz": null,
    "channel": null,
    "best_signal_dbm": -70,
    "best_signal_percent": 60,
    "seen": 46,
    "connected": false,
    "first_seen": "2026-09-22T19:23:21-03:00",
    "last_seen": "2026-09-22T19:44:57-03:00",
    "best_seen": "2026-09-22T19:23:56-03:00",
    "placed_by": "estimate",
    "spread_m": 69,
    "sightings": 46,
    "barely_pinned": true
   }
  },
  {
   "type": "Feature",
   "geometry": {
    "type": "Point",
    "coordinates": [
     -58.219901,
     -33.523454
    ]
   },
   "properties": {
    "kind": "network",
    "ssid": "",
    "bssid": "ap-922d50019a00",
    "security": "open",
    "open": true,
    "frequency_mhz": 2442,
    "channel": 7,
    "best_signal_dbm": -84,
    "best_signal_percent": 32,
    "seen": 9,
    "connected": false,
    "first_seen": "2026-09-22T19:23:56-03:00",
    "last_seen": "2026-09-22T19:24:36-03:00",
    "best_seen": "2026-09-22T19:23:56-03:00",
    "placed_by": "estimate",
    "spread_m": 16,
    "sightings": 9,
    "barely_pinned": true
   }
  },
  {
   "type": "Feature",
   "geometry": {
    "type": "Point",
    "coordinates": [
     -58.219891,
     -33.523449
    ]
   },
   "properties": {
    "kind": "network",
    "ssid": "",
    "bssid": "ap-852b02a1a6bb",
    "security": "psk",
    "open": false,
    "frequency_mhz": null,
    "channel": null,
    "best_signal_dbm": -73,
    "best_signal_percent": 54,
    "seen": 11,
    "connected": false,
    "first_seen": "2026-09-22T19:23:51-03:00",
    "last_seen": "2026-09-22T19:24:41-03:00",
    "best_seen": "2026-09-22T19:24:01-03:00",
    "placed_by": "estimate",
    "spread_m": 18,
    "sightings": 11,
    "barely_pinned": true
   }
  },
  {
   "type": "Feature",
   "geometry": {
    "type": "Point",
    "coordinates": [
     -58.220116,
     -33.52356
    ]
   },
   "properties": {
    "kind": "network",
    "ssid": "",
    "bssid": "ap-69ed0480d22b",
    "security": "psk",
    "open": false,
    "frequency_mhz": 2442,
    "channel": 7,
    "best_signal_dbm": -73,
    "best_signal_percent": 54,
    "seen": 16,
    "connected": false,
    "first_seen": "2026-09-22T19:23:56-03:00",
    "last_seen": "2026-09-22T19:43:47-03:00",
    "best_seen": "2026-09-22T19:24:01-03:00",
    "placed_by": "estimate",
    "spread_m": 40,
    "sightings": 16,
    "barely_pinned": false
   }
  },
  {
   "type": "Feature",
   "geometry": {
    "type": "Point",
    "coordinates": [
     -58.219921,
     -33.523463
    ]
   },
   "properties": {
    "kind": "network",
    "ssid": "",
    "bssid": "ap-482b30e1a14e",
    "security": "psk",
    "open": false,
    "frequency_mhz": null,
    "channel": null,
    "best_signal_dbm": -78,
    "best_signal_percent": 44,
    "seen": 7,
    "connected": false,
    "first_seen": "2026-09-22T19:23:56-03:00",
    "last_seen": "2026-09-22T19:24:26-03:00",
    "best_seen": "2026-09-22T19:24:01-03:00",
    "placed_by": "estimate",
    "spread_m": 12,
    "sightings": 7,
    "barely_pinned": true
   }
  },
  {
   "type": "Feature",
   "geometry": {
    "type": "Point",
    "coordinates": [
     -58.219846,
     -33.52334
    ]
   },
   "properties": {
    "kind": "network",
    "ssid": "",
    "bssid": "ap-4eeefd3d6002",
    "security": "psk",
    "open": false,
    "frequency_mhz": null,
    "channel": null,
    "best_signal_dbm": -68,
    "best_signal_percent": 64,
    "seen": 21,
    "connected": false,
    "first_seen": "2026-09-22T19:24:01-03:00",
    "last_seen": "2026-09-22T19:36:08-03:00",
    "best_seen": "2026-09-22T19:24:07-03:00",
    "placed_by": "estimate",
    "spread_m": 21,
    "sightings": 21,
    "barely_pinned": true
   }
  },
  {
   "type": "Feature",
   "geometry": {
    "type": "Point",
    "coordinates": [
     -58.219821,
     -33.523312
    ]
   },
   "properties": {
    "kind": "network",
    "ssid": "",
    "bssid": "ap-36cbb2590737",
    "security": "psk",
    "open": false,
    "frequency_mhz": 2422,
    "channel": 3,
    "best_signal_dbm": -71,
    "best_signal_percent": 58,
    "seen": 25,
    "connected": false,
    "first_seen": "2026-09-22T19:24:01-03:00",
    "last_seen": "2026-09-22T19:36:12-03:00",
    "best_seen": "2026-09-22T19:24:11-03:00",
    "placed_by": "estimate",
    "spread_m": 23,
    "sightings": 25,
    "barely_pinned": true
   }
  },
  {
   "type": "Feature",
   "geometry": {
    "type": "Point",
    "coordinates": [
     -58.219897,
     -33.523244
    ]
   },
   "properties": {
    "kind": "network",
    "ssid": "",
    "bssid": "ap-de2a8e504b4f",
    "security": "psk",
    "open": false,
    "frequency_mhz": 2442,
    "channel": 7,
    "best_signal_dbm": -52,
    "best_signal_percent": 96,
    "seen": 31,
    "connected": false,
    "first_seen": "2026-09-22T19:24:07-03:00",
    "last_seen": "2026-09-22T19:36:42-03:00",
    "best_seen": "2026-09-22T19:24:11-03:00",
    "placed_by": "estimate",
    "spread_m": 30,
    "sightings": 31,
    "barely_pinned": false
   }
  },
  {
   "type": "Feature",
   "geometry": {
    "type": "Point",
    "coordinates": [
     -58.219978,
     -33.523239
    ]
   },
   "properties": {
    "kind": "network",
    "ssid": "",
    "bssid": "ap-1bfdb72b37f3",
    "security": "psk",
    "open": false,
    "frequency_mhz": 2417,
    "channel": 2,
    "best_signal_dbm": -70,
    "best_signal_percent": 60,
    "seen": 45,
    "connected": false,
    "first_seen": "2026-09-22T19:23:31-03:00",
    "last_seen": "2026-09-22T19:43:52-03:00",
    "best_seen": "2026-09-22T19:24:16-03:00",
    "placed_by": "estimate",
    "spread_m": 44,
    "sightings": 45,
    "barely_pinned": true
   }
  },
  {
   "type": "Feature",
   "geometry": {
    "type": "Point",
    "coordinates": [
     -58.219855,
     -33.523257
    ]
   },
   "properties": {
    "kind": "network",
    "ssid": "",
    "bssid": "ap-1e74fbd7c7d2",
    "security": "psk",
    "open": false,
    "frequency_mhz": null,
    "channel": null,
    "best_signal_dbm": -63,
    "best_signal_percent": 74,
    "seen": 32,
    "connected": false,
    "first_seen": "2026-09-22T19:23:56-03:00",
    "last_seen": "2026-09-22T19:36:37-03:00",
    "best_seen": "2026-09-22T19:24:16-03:00",
    "placed_by": "estimate",
    "spread_m": 32,
    "sightings": 32,
    "barely_pinned": true
   }
  },
  {
   "type": "Feature",
   "geometry": {
    "type": "Point",
    "coordinates": [
     -58.21983,
     -33.523295
    ]
   },
   "properties": {
    "kind": "network",
    "ssid": "",
    "bssid": "ap-444a9d0e37d0",
    "security": "psk",
    "open": false,
    "frequency_mhz": null,
    "channel": null,
    "best_signal_dbm": -75,
    "best_signal_percent": 50,
    "seen": 27,
    "connected": false,
    "first_seen": "2026-09-22T19:24:01-03:00",
    "last_seen": "2026-09-22T19:36:12-03:00",
    "best_seen": "2026-09-22T19:24:16-03:00",
    "placed_by": "estimate",
    "spread_m": 24,
    "sightings": 27,
    "barely_pinned": true
   }
  },
  {
   "type": "Feature",
   "geometry": {
    "type": "Point",
    "coordinates": [
     -58.219814,
     -33.5233
    ]
   },
   "properties": {
    "kind": "network",
    "ssid": "",
    "bssid": "ap-aab6957bab8c",
    "security": "psk",
    "open": false,
    "frequency_mhz": null,
    "channel": null,
    "best_signal_dbm": -78,
    "best_signal_percent": 44,
    "seen": 22,
    "connected": false,
    "first_seen": "2026-09-22T19:24:07-03:00",
    "last_seen": "2026-09-22T19:36:12-03:00",
    "best_seen": "2026-09-22T19:24:16-03:00",
    "placed_by": "estimate",
    "spread_m": 24,
    "sightings": 22,
    "barely_pinned": true
   }
  },
  {
   "type": "Feature",
   "geometry": {
    "type": "Point",
    "coordinates": [
     -58.219882,
     -33.523126
    ]
   },
   "properties": {
    "kind": "network",
    "ssid": "",
    "bssid": "ap-6acde54dca42",
    "security": "psk",
    "open": false,
    "frequency_mhz": 2427,
    "channel": 4,
    "best_signal_dbm": -72,
    "best_signal_percent": 56,
    "seen": 29,
    "connected": false,
    "first_seen": "2026-09-22T19:24:16-03:00",
    "last_seen": "2026-09-22T19:36:37-03:00",
    "best_seen": "2026-09-22T19:24:16-03:00",
    "placed_by": "estimate",
    "spread_m": 40,
    "sightings": 29,
    "barely_pinned": true
   }
  },
  {
   "type": "Feature",
   "geometry": {
    "type": "Point",
    "coordinates": [
     -58.219983,
     -33.523145
    ]
   },
   "properties": {
    "kind": "network",
    "ssid": "",
    "bssid": "ap-5a170dbb57ea",
    "security": "psk",
    "open": false,
    "frequency_mhz": null,
    "channel": null,
    "best_signal_dbm": -89,
    "best_signal_percent": 22,
    "seen": 21,
    "connected": false,
    "first_seen": "2026-09-22T19:24:16-03:00",
    "last_seen": "2026-09-22T19:36:37-03:00",
    "best_seen": "2026-09-22T19:24:16-03:00",
    "placed_by": "estimate",
    "spread_m": 33,
    "sightings": 21,
    "barely_pinned": true
   }
  },
  {
   "type": "Feature",
   "geometry": {
    "type": "Point",
    "coordinates": [
     -58.219654,
     -33.523332
    ]
   },
   "properties": {
    "kind": "network",
    "ssid": "",
    "bssid": "ap-51bf5d9e4405",
    "security": "psk",
    "open": false,
    "frequency_mhz": null,
    "channel": null,
    "best_signal_dbm": -92,
    "best_signal_percent": 16,
    "seen": 6,
    "connected": false,
    "first_seen": "2026-09-22T19:24:23-03:00",
    "last_seen": "2026-09-22T19:24:47-03:00",
    "best_seen": "2026-09-22T19:24:23-03:00",
    "placed_by": "estimate",
    "spread_m": 8,
    "sightings": 6,
    "barely_pinned": true
   }
  },
  {
   "type": "Feature",
   "geometry": {
    "type": "Point",
    "coordinates": [
     -58.219654,
     -33.523332
    ]
   },
   "properties": {
    "kind": "network",
    "ssid": "",
    "bssid": "ap-12fd41140fff",
    "security": "psk",
    "open": false,
    "frequency_mhz": null,
    "channel": null,
    "best_signal_dbm": -93,
    "best_signal_percent": 14,
    "seen": 6,
    "connected": false,
    "first_seen": "2026-09-22T19:24:23-03:00",
    "last_seen": "2026-09-22T19:24:47-03:00",
    "best_seen": "2026-09-22T19:24:23-03:00",
    "placed_by": "estimate",
    "spread_m": 8,
    "sightings": 6,
    "barely_pinned": true
   }
  },
  {
   "type": "Feature",
   "geometry": {
    "type": "Point",
    "coordinates": [
     -58.220132,
     -33.522821
    ]
   },
   "properties": {
    "kind": "network",
    "ssid": "",
    "bssid": "ap-f01d4dc93c40",
    "security": "psk",
    "open": false,
    "frequency_mhz": 2427,
    "channel": 4,
    "best_signal_dbm": -50,
    "best_signal_percent": 100,
    "seen": 71,
    "connected": false,
    "first_seen": "2026-09-22T19:13:04-03:00",
    "last_seen": "2026-09-22T19:39:01-03:00",
    "best_seen": "2026-09-22T19:24:26-03:00",
    "placed_by": "estimate",
    "spread_m": 79,
    "sightings": 71,
    "barely_pinned": true
   }
  },
  {
   "type": "Feature",
   "geometry": {
    "type": "Point",
    "coordinates": [
     -58.219991,
     -33.523059
    ]
   },
   "properties": {
    "kind": "network",
    "ssid": "",
    "bssid": "ap-05adf88473a9",
    "security": "psk",
    "open": false,
    "frequency_mhz": null,
    "channel": null,
    "best_signal_dbm": -50,
    "best_signal_percent": 100,
    "seen": 36,
    "connected": false,
    "first_seen": "2026-09-22T19:13:10-03:00",
    "last_seen": "2026-09-22T19:36:53-03:00",
    "best_seen": "2026-09-22T19:24:26-03:00",
    "placed_by": "estimate",
    "spread_m": 47,
    "sightings": 36,
    "barely_pinned": false
   }
  },
  {
   "type": "Feature",
   "geometry": {
    "type": "Point",
    "coordinates": [
     -58.219676,
     -33.523275
    ]
   },
   "properties": {
    "kind": "network",
    "ssid": "",
    "bssid": "ap-6c542e1dd144",
    "security": "psk",
    "open": false,
    "frequency_mhz": null,
    "channel": null,
    "best_signal_dbm": -51,
    "best_signal_percent": 98,
    "seen": 41,
    "connected": false,
    "first_seen": "2026-09-22T19:23:46-03:00",
    "last_seen": "2026-09-22T19:36:23-03:00",
    "best_seen": "2026-09-22T19:24:36-03:00",
    "placed_by": "estimate",
    "spread_m": 28,
    "sightings": 41,
    "barely_pinned": false
   }
  },
  {
   "type": "Feature",
   "geometry": {
    "type": "Point",
    "coordinates": [
     -58.219637,
     -33.523274
    ]
   },
   "properties": {
    "kind": "network",
    "ssid": "",
    "bssid": "ap-cc279a13280d",
    "security": "psk",
    "open": false,
    "frequency_mhz": null,
    "channel": null,
    "best_signal_dbm": -51,
    "best_signal_percent": 98,
    "seen": 35,
    "connected": false,
    "first_seen": "2026-09-22T19:24:07-03:00",
    "last_seen": "2026-09-22T19:36:12-03:00",
    "best_seen": "2026-09-22T19:24:36-03:00",
    "placed_by": "estimate",
    "spread_m": 28,
    "sightings": 35,
    "barely_pinned": false
   }
  },
  {
   "type": "Feature",
   "geometry": {
    "type": "Point",
    "coordinates": [
     -58.219534,
     -33.523223
    ]
   },
   "properties": {
    "kind": "network",
    "ssid": "",
    "bssid": "ap-3f818a3b3362",
    "security": "psk",
    "open": false,
    "frequency_mhz": null,
    "channel": null,
    "best_signal_dbm": -74,
    "best_signal_percent": 52,
    "seen": 26,
    "connected": false,
    "first_seen": "2026-09-22T19:24:31-03:00",
    "last_seen": "2026-09-22T19:35:58-03:00",
    "best_seen": "2026-09-22T19:24:41-03:00",
    "placed_by": "estimate",
    "spread_m": 34,
    "sightings": 26,
    "barely_pinned": true
   }
  },
  {
   "type": "Feature",
   "geometry": {
    "type": "Point",
    "coordinates": [
     -58.219614,
     -33.523228
    ]
   },
   "properties": {
    "kind": "network",
    "ssid": "",
    "bssid": "ap-de30e4c7158d",
    "security": "psk",
    "open": false,
    "frequency_mhz": null,
    "channel": null,
    "best_signal_dbm": -74,
    "best_signal_percent": 52,
    "seen": 26,
    "connected": false,
    "first_seen": "2026-09-22T19:24:31-03:00",
    "last_seen": "2026-09-22T19:36:08-03:00",
    "best_seen": "2026-09-22T19:24:41-03:00",
    "placed_by": "estimate",
    "spread_m": 31,
    "sightings": 26,
    "barely_pinned": true
   }
  },
  {
   "type": "Feature",
   "geometry": {
    "type": "Point",
    "coordinates": [
     -58.219656,
     -33.523294
    ]
   },
   "properties": {
    "kind": "network",
    "ssid": "",
    "bssid": "ap-dbe14b658359",
    "security": "psk",
    "open": false,
    "frequency_mhz": null,
    "channel": null,
    "best_signal_dbm": -75,
    "best_signal_percent": 50,
    "seen": 14,
    "connected": false,
    "first_seen": "2026-09-22T19:24:31-03:00",
    "last_seen": "2026-09-22T19:35:48-03:00",
    "best_seen": "2026-09-22T19:24:41-03:00",
    "placed_by": "estimate",
    "spread_m": 19,
    "sightings": 14,
    "barely_pinned": true
   }
  },
  {
   "type": "Feature",
   "geometry": {
    "type": "Point",
    "coordinates": [
     -58.219584,
     -33.523184
    ]
   },
   "properties": {
    "kind": "network",
    "ssid": "",
    "bssid": "ap-3e00304fe1bd",
    "security": "psk",
    "open": false,
    "frequency_mhz": null,
    "channel": null,
    "best_signal_dbm": -75,
    "best_signal_percent": 50,
    "seen": 24,
    "connected": false,
    "first_seen": "2026-09-22T19:24:36-03:00",
    "last_seen": "2026-09-22T19:36:12-03:00",
    "best_seen": "2026-09-22T19:24:41-03:00",
    "placed_by": "estimate",
    "spread_m": 38,
    "sightings": 24,
    "barely_pinned": false
   }
  },
  {
   "type": "Feature",
   "geometry": {
    "type": "Point",
    "coordinates": [
     -58.219423,
     -33.523219
    ]
   },
   "properties": {
    "kind": "network",
    "ssid": "",
    "bssid": "ap-21047ea1b184",
    "security": "psk",
    "open": false,
    "frequency_mhz": null,
    "channel": null,
    "best_signal_dbm": -75,
    "best_signal_percent": 50,
    "seen": 6,
    "connected": false,
    "first_seen": "2026-09-22T19:24:41-03:00",
    "last_seen": "2026-09-22T19:25:06-03:00",
    "best_seen": "2026-09-22T19:24:41-03:00",
    "placed_by": "estimate",
    "spread_m": 11,
    "sightings": 6,
    "barely_pinned": true
   }
  },
  {
   "type": "Feature",
   "geometry": {
    "type": "Point",
    "coordinates": [
     -58.219493,
     -33.523245
    ]
   },
   "properties": {
    "kind": "network",
    "ssid": "",
    "bssid": "ap-f2d8582f0cfc",
    "security": "psk",
    "open": false,
    "frequency_mhz": 2422,
    "channel": 3,
    "best_signal_dbm": -65,
    "best_signal_percent": 70,
    "seen": 19,
    "connected": false,
    "first_seen": "2026-09-22T19:24:41-03:00",
    "last_seen": "2026-09-22T19:35:38-03:00",
    "best_seen": "2026-09-22T19:24:47-03:00",
    "placed_by": "estimate",
    "spread_m": 26,
    "sightings": 19,
    "barely_pinned": true
   }
  },
  {
   "type": "Feature",
   "geometry": {
    "type": "Point",
    "coordinates": [
     -58.219494,
     -33.523244
    ]
   },
   "properties": {
    "kind": "network",
    "ssid": "",
    "bssid": "ap-40386ce4ed7e",
    "security": "psk",
    "open": false,
    "frequency_mhz": null,
    "channel": null,
    "best_signal_dbm": -65,
    "best_signal_percent": 70,
    "seen": 15,
    "connected": false,
    "first_seen": "2026-09-22T19:24:47-03:00",
    "last_seen": "2026-09-22T19:35:38-03:00",
    "best_seen": "2026-09-22T19:24:47-03:00",
    "placed_by": "estimate",
    "spread_m": 30,
    "sightings": 15,
    "barely_pinned": true
   }
  },
  {
   "type": "Feature",
   "geometry": {
    "type": "Point",
    "coordinates": [
     -58.219066,
     -33.52302
    ]
   },
   "properties": {
    "kind": "network",
    "ssid": "",
    "bssid": "ap-09d8e48fc6ca",
    "security": "psk",
    "open": false,
    "frequency_mhz": 2412,
    "channel": 1,
    "best_signal_dbm": -63,
    "best_signal_percent": 74,
    "seen": 39,
    "connected": false,
    "first_seen": "2026-09-22T19:24:56-03:00",
    "last_seen": "2026-09-22T19:35:48-03:00",
    "best_seen": "2026-09-22T19:25:12-03:00",
    "placed_by": "estimate",
    "spread_m": 29,
    "sightings": 39,
    "barely_pinned": false
   }
  },
  {
   "type": "Feature",
   "geometry": {
    "type": "Point",
    "coordinates": [
     -58.219136,
     -33.52307
    ]
   },
   "properties": {
    "kind": "network",
    "ssid": "",
    "bssid": "ap-3bbfe938da98",
    "security": "psk",
    "open": false,
    "frequency_mhz": null,
    "channel": null,
    "best_signal_dbm": -74,
    "best_signal_percent": 52,
    "seen": 25,
    "connected": false,
    "first_seen": "2026-09-22T19:25:01-03:00",
    "last_seen": "2026-09-22T19:35:44-03:00",
    "best_seen": "2026-09-22T19:25:12-03:00",
    "placed_by": "estimate",
    "spread_m": 27,
    "sightings": 25,
    "barely_pinned": true
   }
  },
  {
   "type": "Feature",
   "geometry": {
    "type": "Point",
    "coordinates": [
     -58.219035,
     -33.523031
    ]
   },
   "properties": {
    "kind": "network",
    "ssid": "",
    "bssid": "ap-9f6e33827486",
    "security": "psk",
    "open": false,
    "frequency_mhz": null,
    "channel": null,
    "best_signal_dbm": -81,
    "best_signal_percent": 38,
    "seen": 13,
    "connected": false,
    "first_seen": "2026-09-22T19:25:06-03:00",
    "last_seen": "2026-09-22T19:35:08-03:00",
    "best_seen": "2026-09-22T19:25:12-03:00",
    "placed_by": "estimate",
    "spread_m": 20,
    "sightings": 13,
    "barely_pinned": true
   }
  },
  {
   "type": "Feature",
   "geometry": {
    "type": "Point",
    "coordinates": [
     -58.218978,
     -33.522992
    ]
   },
   "properties": {
    "kind": "network",
    "ssid": "",
    "bssid": "ap-616b0db5216f",
    "security": "psk",
    "open": false,
    "frequency_mhz": null,
    "channel": null,
    "best_signal_dbm": -63,
    "best_signal_percent": 74,
    "seen": 38,
    "connected": false,
    "first_seen": "2026-09-22T19:25:01-03:00",
    "last_seen": "2026-09-22T19:35:38-03:00",
    "best_seen": "2026-09-22T19:25:16-03:00",
    "placed_by": "estimate",
    "spread_m": 37,
    "sightings": 38,
    "barely_pinned": false
   }
  },
  {
   "type": "Feature",
   "geometry": {
    "type": "Point",
    "coordinates": [
     -58.218549,
     -33.522797
    ]
   },
   "properties": {
    "kind": "network",
    "ssid": "",
    "bssid": "ap-980eb0c18c0f",
    "security": "psk",
    "open": false,
    "frequency_mhz": null,
    "channel": null,
    "best_signal_dbm": -71,
    "best_signal_percent": 58,
    "seen": 18,
    "connected": false,
    "first_seen": "2026-09-22T19:25:37-03:00",
    "last_seen": "2026-09-22T19:34:54-03:00",
    "best_seen": "2026-09-22T19:25:41-03:00",
    "placed_by": "estimate",
    "spread_m": 30,
    "sightings": 18,
    "barely_pinned": true
   }
  },
  {
   "type": "Feature",
   "geometry": {
    "type": "Point",
    "coordinates": [
     -58.218743,
     -33.522869
    ]
   },
   "properties": {
    "kind": "network",
    "ssid": "",
    "bssid": "ap-da46223862d2",
    "security": "psk",
    "open": false,
    "frequency_mhz": 2447,
    "channel": 8,
    "best_signal_dbm": -62,
    "best_signal_percent": 76,
    "seen": 36,
    "connected": false,
    "first_seen": "2026-09-22T19:25:12-03:00",
    "last_seen": "2026-09-22T19:35:38-03:00",
    "best_seen": "2026-09-22T19:25:46-03:00",
    "placed_by": "estimate",
    "spread_m": 46,
    "sightings": 36,
    "barely_pinned": true
   }
  },
  {
   "type": "Feature",
   "geometry": {
    "type": "Point",
    "coordinates": [
     -58.21868,
     -33.522863
    ]
   },
   "properties": {
    "kind": "network",
    "ssid": "",
    "bssid": "ap-e56555fe57fa",
    "security": "psk",
    "open": false,
    "frequency_mhz": null,
    "channel": null,
    "best_signal_dbm": -86,
    "best_signal_percent": 28,
    "seen": 15,
    "connected": false,
    "first_seen": "2026-09-22T19:25:31-03:00",
    "last_seen": "2026-09-22T19:35:08-03:00",
    "best_seen": "2026-09-22T19:25:46-03:00",
    "placed_by": "estimate",
    "spread_m": 36,
    "sightings": 15,
    "barely_pinned": true
   }
  },
  {
   "type": "Feature",
   "geometry": {
    "type": "Point",
    "coordinates": [
     -58.218638,
     -33.522833
    ]
   },
   "properties": {
    "kind": "network",
    "ssid": "",
    "bssid": "ap-d42104e832ea",
    "security": "psk",
    "open": false,
    "frequency_mhz": 2427,
    "channel": 4,
    "best_signal_dbm": -62,
    "best_signal_percent": 76,
    "seen": 22,
    "connected": false,
    "first_seen": "2026-09-22T19:25:37-03:00",
    "last_seen": "2026-09-22T19:34:58-03:00",
    "best_seen": "2026-09-22T19:25:46-03:00",
    "placed_by": "estimate",
    "spread_m": 40,
    "sightings": 22,
    "barely_pinned": true
   }
  },
  {
   "type": "Feature",
   "geometry": {
    "type": "Point",
    "coordinates": [
     -58.218364,
     -33.522712
    ]
   },
   "properties": {
    "kind": "network",
    "ssid": "",
    "bssid": "ap-d369172c69db",
    "security": "psk",
    "open": false,
    "frequency_mhz": null,
    "channel": null,
    "best_signal_dbm": -55,
    "best_signal_percent": 90,
    "seen": 11,
    "connected": false,
    "first_seen": "2026-09-22T19:25:41-03:00",
    "last_seen": "2026-09-22T19:26:31-03:00",
    "best_seen": "2026-09-22T19:25:51-03:00",
    "placed_by": "estimate",
    "spread_m": 18,
    "sightings": 11,
    "barely_pinned": true
   }
  },
  {
   "type": "Feature",
   "geometry": {
    "type": "Point",
    "coordinates": [
     -58.218368,
     -33.522716
    ]
   },
   "properties": {
    "kind": "network",
    "ssid": "",
    "bssid": "ap-12eb638dae4f",
    "security": "psk",
    "open": false,
    "frequency_mhz": null,
    "channel": null,
    "best_signal_dbm": -55,
    "best_signal_percent": 90,
    "seen": 8,
    "connected": false,
    "first_seen": "2026-09-22T19:25:46-03:00",
    "last_seen": "2026-09-22T19:26:21-03:00",
    "best_seen": "2026-09-22T19:25:51-03:00",
    "placed_by": "estimate",
    "spread_m": 17,
    "sightings": 8,
    "barely_pinned": true
   }
  },
  {
   "type": "Feature",
   "geometry": {
    "type": "Point",
    "coordinates": [
     -58.218571,
     -33.522778
    ]
   },
   "properties": {
    "kind": "network",
    "ssid": "",
    "bssid": "ap-de61743ac6ef",
    "security": "psk",
    "open": false,
    "frequency_mhz": 2432,
    "channel": 5,
    "best_signal_dbm": -55,
    "best_signal_percent": 90,
    "seen": 27,
    "connected": false,
    "first_seen": "2026-09-22T19:25:46-03:00",
    "last_seen": "2026-09-22T19:35:28-03:00",
    "best_seen": "2026-09-22T19:25:51-03:00",
    "placed_by": "estimate",
    "spread_m": 38,
    "sightings": 27,
    "barely_pinned": false
   }
  },
  {
   "type": "Feature",
   "geometry": {
    "type": "Point",
    "coordinates": [
     -58.218286,
     -33.522677
    ]
   },
   "properties": {
    "kind": "network",
    "ssid": "",
    "bssid": "ap-9fe02ca0072c",
    "security": "psk",
    "open": false,
    "frequency_mhz": null,
    "channel": null,
    "best_signal_dbm": -88,
    "best_signal_percent": 24,
    "seen": 6,
    "connected": false,
    "first_seen": "2026-09-22T19:25:51-03:00",
    "last_seen": "2026-09-22T19:26:16-03:00",
    "best_seen": "2026-09-22T19:25:51-03:00",
    "placed_by": "estimate",
    "spread_m": 11,
    "sightings": 6,
    "barely_pinned": true
   }
  },
  {
   "type": "Feature",
   "geometry": {
    "type": "Point",
    "coordinates": [
     -58.218675,
     -33.522832
    ]
   },
   "properties": {
    "kind": "network",
    "ssid": "",
    "bssid": "ap-2ee729aaf1b0",
    "security": "psk",
    "open": false,
    "frequency_mhz": null,
    "channel": null,
    "best_signal_dbm": -72,
    "best_signal_percent": 56,
    "seen": 27,
    "connected": false,
    "first_seen": "2026-09-22T19:25:31-03:00",
    "last_seen": "2026-09-22T19:35:19-03:00",
    "best_seen": "2026-09-22T19:25:56-03:00",
    "placed_by": "estimate",
    "spread_m": 54,
    "sightings": 27,
    "barely_pinned": true
   }
  },
  {
   "type": "Feature",
   "geometry": {
    "type": "Point",
    "coordinates": [
     -58.218215,
     -33.522617
    ]
   },
   "properties": {
    "kind": "network",
    "ssid": "",
    "bssid": "ap-8fce57477df3",
    "security": "psk",
    "open": false,
    "frequency_mhz": null,
    "channel": null,
    "best_signal_dbm": -72,
    "best_signal_percent": 56,
    "seen": 11,
    "connected": false,
    "first_seen": "2026-09-22T19:25:51-03:00",
    "last_seen": "2026-09-22T19:26:41-03:00",
    "best_seen": "2026-09-22T19:25:56-03:00",
    "placed_by": "estimate",
    "spread_m": 15,
    "sightings": 11,
    "barely_pinned": true
   }
  },
  {
   "type": "Feature",
   "geometry": {
    "type": "Point",
    "coordinates": [
     -58.218484,
     -33.52276
    ]
   },
   "properties": {
    "kind": "network",
    "ssid": "",
    "bssid": "ap-f6f32dc0a988",
    "security": "psk",
    "open": false,
    "frequency_mhz": 2422,
    "channel": 3,
    "best_signal_dbm": -77,
    "best_signal_percent": 46,
    "seen": 20,
    "connected": false,
    "first_seen": "2026-09-22T19:25:31-03:00",
    "last_seen": "2026-09-22T19:34:54-03:00",
    "best_seen": "2026-09-22T19:26:02-03:00",
    "placed_by": "estimate",
    "spread_m": 37,
    "sightings": 20,
    "barely_pinned": true
   }
  },
  {
   "type": "Feature",
   "geometry": {
    "type": "Point",
    "coordinates": [
     -58.218406,
     -33.522677
    ]
   },
   "properties": {
    "kind": "network",
    "ssid": "",
    "bssid": "ap-9a64b23f4d2c",
    "security": "psk",
    "open": false,
    "frequency_mhz": 2452,
    "channel": 9,
    "best_signal_dbm": -55,
    "best_signal_percent": 90,
    "seen": 27,
    "connected": false,
    "first_seen": "2026-09-22T19:25:56-03:00",
    "last_seen": "2026-09-22T19:35:38-03:00",
    "best_seen": "2026-09-22T19:26:02-03:00",
    "placed_by": "estimate",
    "spread_m": 40,
    "sightings": 27,
    "barely_pinned": false
   }
  },
  {
   "type": "Feature",
   "geometry": {
    "type": "Point",
    "coordinates": [
     -58.218193,
     -33.5226
    ]
   },
   "properties": {
    "kind": "network",
    "ssid": "",
    "bssid": "ap-c04043ffbd9a",
    "security": "psk",
    "open": false,
    "frequency_mhz": null,
    "channel": null,
    "best_signal_dbm": -55,
    "best_signal_percent": 90,
    "seen": 11,
    "connected": false,
    "first_seen": "2026-09-22T19:25:56-03:00",
    "last_seen": "2026-09-22T19:26:46-03:00",
    "best_seen": "2026-09-22T19:26:02-03:00",
    "placed_by": "estimate",
    "spread_m": 13,
    "sightings": 11,
    "barely_pinned": true
   }
  },
  {
   "type": "Feature",
   "geometry": {
    "type": "Point",
    "coordinates": [
     -58.218137,
     -33.522595
    ]
   },
   "properties": {
    "kind": "network",
    "ssid": "",
    "bssid": "ap-d36ee34ce22d",
    "security": "psk",
    "open": false,
    "frequency_mhz": 2442,
    "channel": 7,
    "best_signal_dbm": -87,
    "best_signal_percent": 26,
    "seen": 7,
    "connected": false,
    "first_seen": "2026-09-22T19:26:02-03:00",
    "last_seen": "2026-09-22T19:26:31-03:00",
    "best_seen": "2026-09-22T19:26:02-03:00",
    "placed_by": "estimate",
    "spread_m": 10,
    "sightings": 7,
    "barely_pinned": true
   }
  },
  {
   "type": "Feature",
   "geometry": {
    "type": "Point",
    "coordinates": [
     -58.218099,
     -33.522515
    ]
   },
   "properties": {
    "kind": "network",
    "ssid": "",
    "bssid": "ap-02d9a4c2c91b",
    "security": "psk",
    "open": false,
    "frequency_mhz": 2417,
    "channel": 2,
    "best_signal_dbm": -85,
    "best_signal_percent": 30,
    "seen": 8,
    "connected": false,
    "first_seen": "2026-09-22T19:26:11-03:00",
    "last_seen": "2026-09-22T19:26:46-03:00",
    "best_seen": "2026-09-22T19:26:11-03:00",
    "placed_by": "estimate",
    "spread_m": 11,
    "sightings": 8,
    "barely_pinned": true
   }
  },
  {
   "type": "Feature",
   "geometry": {
    "type": "Point",
    "coordinates": [
     -58.218192,
     -33.522589
    ]
   },
   "properties": {
    "kind": "network",
    "ssid": "",
    "bssid": "ap-059848d21060",
    "security": "psk",
    "open": false,
    "frequency_mhz": 2462,
    "channel": 11,
    "best_signal_dbm": -77,
    "best_signal_percent": 46,
    "seen": 12,
    "connected": false,
    "first_seen": "2026-09-22T19:25:51-03:00",
    "last_seen": "2026-09-22T19:26:46-03:00",
    "best_seen": "2026-09-22T19:26:16-03:00",
    "placed_by": "estimate",
    "spread_m": 16,
    "sightings": 12,
    "barely_pinned": true
   }
  },
  {
   "type": "Feature",
   "geometry": {
    "type": "Point",
    "coordinates": [
     -58.218816,
     -33.522861
    ]
   },
   "properties": {
    "kind": "network",
    "ssid": "",
    "bssid": "ap-01fc89e4cd0d",
    "security": "psk",
    "open": false,
    "frequency_mhz": null,
    "channel": null,
    "best_signal_dbm": -76,
    "best_signal_percent": 48,
    "seen": 27,
    "connected": false,
    "first_seen": "2026-09-22T19:25:31-03:00",
    "last_seen": "2026-09-22T19:35:38-03:00",
    "best_seen": "2026-09-22T19:26:27-03:00",
    "placed_by": "estimate",
    "spread_m": 66,
    "sightings": 27,
    "barely_pinned": true
   }
  },
  {
   "type": "Feature",
   "geometry": {
    "type": "Point",
    "coordinates": [
     -58.218283,
     -33.522448
    ]
   },
   "properties": {
    "kind": "network",
    "ssid": "",
    "bssid": "ap-ed57845de608",
    "security": "psk",
    "open": false,
    "frequency_mhz": null,
    "channel": null,
    "best_signal_dbm": -52,
    "best_signal_percent": 96,
    "seen": 29,
    "connected": false,
    "first_seen": "2026-09-22T19:25:51-03:00",
    "last_seen": "2026-09-22T19:35:02-03:00",
    "best_seen": "2026-09-22T19:26:27-03:00",
    "placed_by": "estimate",
    "spread_m": 40,
    "sightings": 29,
    "barely_pinned": false
   }
  },
  {
   "type": "Feature",
   "geometry": {
    "type": "Point",
    "coordinates": [
     -58.21874,
     -33.522836
    ]
   },
   "properties": {
    "kind": "network",
    "ssid": "",
    "bssid": "ap-48e9820b065e",
    "security": "psk",
    "open": false,
    "frequency_mhz": null,
    "channel": null,
    "best_signal_dbm": -76,
    "best_signal_percent": 48,
    "seen": 28,
    "connected": false,
    "first_seen": "2026-09-22T19:25:56-03:00",
    "last_seen": "2026-09-22T19:35:38-03:00",
    "best_seen": "2026-09-22T19:26:27-03:00",
    "placed_by": "estimate",
    "spread_m": 70,
    "sightings": 28,
    "barely_pinned": true
   }
  },
  {
   "type": "Feature",
   "geometry": {
    "type": "Point",
    "coordinates": [
     -58.218753,
     -33.522839
    ]
   },
   "properties": {
    "kind": "network",
    "ssid": "",
    "bssid": "ap-ef81fe97e1e1",
    "security": "psk",
    "open": false,
    "frequency_mhz": null,
    "channel": null,
    "best_signal_dbm": -76,
    "best_signal_percent": 48,
    "seen": 28,
    "connected": false,
    "first_seen": "2026-09-22T19:25:56-03:00",
    "last_seen": "2026-09-22T19:35:38-03:00",
    "best_seen": "2026-09-22T19:26:27-03:00",
    "placed_by": "estimate",
    "spread_m": 70,
    "sightings": 28,
    "barely_pinned": true
   }
  },
  {
   "type": "Feature",
   "geometry": {
    "type": "Point",
    "coordinates": [
     -58.218577,
     -33.522751
    ]
   },
   "properties": {
    "kind": "network",
    "ssid": "",
    "bssid": "ap-20c938f97e31",
    "security": "psk",
    "open": false,
    "frequency_mhz": null,
    "channel": null,
    "best_signal_dbm": -75,
    "best_signal_percent": 50,
    "seen": 22,
    "connected": false,
    "first_seen": "2026-09-22T19:25:56-03:00",
    "last_seen": "2026-09-22T19:35:08-03:00",
    "best_seen": "2026-09-22T19:26:27-03:00",
    "placed_by": "estimate",
    "spread_m": 58,
    "sightings": 22,
    "barely_pinned": true
   }
  },
  {
   "type": "Feature",
   "geometry": {
    "type": "Point",
    "coordinates": [
     -58.218269,
     -33.522163
    ]
   },
   "properties": {
    "kind": "network",
    "ssid": "",
    "bssid": "ap-8f6403537bcb",
    "security": "psk",
    "open": false,
    "frequency_mhz": 2432,
    "channel": 5,
    "best_signal_dbm": -61,
    "best_signal_percent": 78,
    "seen": 24,
    "connected": false,
    "first_seen": "2026-09-22T19:26:21-03:00",
    "last_seen": "2026-09-22T19:28:16-03:00",
    "best_seen": "2026-09-22T19:26:27-03:00",
    "placed_by": "estimate",
    "spread_m": 41,
    "sightings": 24,
    "barely_pinned": true
   }
  },
  {
   "type": "Feature",
   "geometry": {
    "type": "Point",
    "coordinates": [
     -58.218112,
     -33.522384
    ]
   },
   "properties": {
    "kind": "network",
    "ssid": "",
    "bssid": "ap-32af7638843f",
    "security": "psk",
    "open": false,
    "frequency_mhz": 2422,
    "channel": 3,
    "best_signal_dbm": -79,
    "best_signal_percent": 42,
    "seen": 7,
    "connected": false,
    "first_seen": "2026-09-22T19:26:27-03:00",
    "last_seen": "2026-09-22T19:26:56-03:00",
    "best_seen": "2026-09-22T19:26:27-03:00",
    "placed_by": "estimate",
    "spread_m": 12,
    "sightings": 7,
    "barely_pinned": true
   }
  },
  {
   "type": "Feature",
   "geometry": {
    "type": "Point",
    "coordinates": [
     -58.218379,
     -33.522406
    ]
   },
   "properties": {
    "kind": "network",
    "ssid": "",
    "bssid": "ap-d6c2d1bd7a74",
    "security": "psk",
    "open": false,
    "frequency_mhz": null,
    "channel": null,
    "best_signal_dbm": -65,
    "best_signal_percent": 70,
    "seen": 29,
    "connected": false,
    "first_seen": "2026-09-22T19:26:02-03:00",
    "last_seen": "2026-09-22T19:35:23-03:00",
    "best_seen": "2026-09-22T19:26:31-03:00",
    "placed_by": "estimate",
    "spread_m": 52,
    "sightings": 29,
    "barely_pinned": false
   }
  },
  {
   "type": "Feature",
   "geometry": {
    "type": "Point",
    "coordinates": [
     -58.21837,
     -33.522453
    ]
   },
   "properties": {
    "kind": "network",
    "ssid": "",
    "bssid": "ap-1cb73977d169",
    "security": "psk",
    "open": false,
    "frequency_mhz": 2447,
    "channel": 8,
    "best_signal_dbm": -47,
    "best_signal_percent": 100,
    "seen": 39,
    "connected": false,
    "first_seen": "2026-09-22T19:26:06-03:00",
    "last_seen": "2026-09-22T19:35:23-03:00",
    "best_seen": "2026-09-22T19:26:31-03:00",
    "placed_by": "estimate",
    "spread_m": 53,
    "sightings": 39,
    "barely_pinned": false
   }
  },
  {
   "type": "Feature",
   "geometry": {
    "type": "Point",
    "coordinates": [
     -58.218193,
     -33.522275
    ]
   },
   "properties": {
    "kind": "network",
    "ssid": "",
    "bssid": "ap-326de66de88f",
    "security": "psk",
    "open": false,
    "frequency_mhz": null,
    "channel": null,
    "best_signal_dbm": -72,
    "best_signal_percent": 56,
    "seen": 16,
    "connected": false,
    "first_seen": "2026-09-22T19:26:21-03:00",
    "last_seen": "2026-09-22T19:27:36-03:00",
    "best_seen": "2026-09-22T19:26:31-03:00",
    "placed_by": "estimate",
    "spread_m": 26,
    "sightings": 16,
    "barely_pinned": true
   }
  },
  {
   "type": "Feature",
   "geometry": {
    "type": "Point",
    "coordinates": [
     -58.218147,
     -33.522333
    ]
   },
   "properties": {
    "kind": "network",
    "ssid": "",
    "bssid": "ap-113567951ce4",
    "security": "psk",
    "open": false,
    "frequency_mhz": null,
    "channel": null,
    "best_signal_dbm": -79,
    "best_signal_percent": 42,
    "seen": 9,
    "connected": false,
    "first_seen": "2026-09-22T19:26:27-03:00",
    "last_seen": "2026-09-22T19:27:06-03:00",
    "best_seen": "2026-09-22T19:26:31-03:00",
    "placed_by": "estimate",
    "spread_m": 18,
    "sightings": 9,
    "barely_pinned": true
   }
  },
  {
   "type": "Feature",
   "geometry": {
    "type": "Point",
    "coordinates": [
     -58.21822,
     -33.522228
    ]
   },
   "properties": {
    "kind": "network",
    "ssid": "",
    "bssid": "ap-215eba0038ff",
    "security": "psk",
    "open": false,
    "frequency_mhz": null,
    "channel": null,
    "best_signal_dbm": -71,
    "best_signal_percent": 58,
    "seen": 16,
    "connected": false,
    "first_seen": "2026-09-22T19:26:27-03:00",
    "last_seen": "2026-09-22T19:27:42-03:00",
    "best_seen": "2026-09-22T19:26:31-03:00",
    "placed_by": "estimate",
    "spread_m": 29,
    "sightings": 16,
    "barely_pinned": true
   }
  },
  {
   "type": "Feature",
   "geometry": {
    "type": "Point",
    "coordinates": [
     -58.218119,
     -33.522372
    ]
   },
   "properties": {
    "kind": "network",
    "ssid": "",
    "bssid": "ap-0db9be82dce4",
    "security": "psk",
    "open": false,
    "frequency_mhz": null,
    "channel": null,
    "best_signal_dbm": -79,
    "best_signal_percent": 42,
    "seen": 7,
    "connected": false,
    "first_seen": "2026-09-22T19:26:27-03:00",
    "last_seen": "2026-09-22T19:26:56-03:00",
    "best_seen": "2026-09-22T19:26:31-03:00",
    "placed_by": "estimate",
    "spread_m": 11,
    "sightings": 7,
    "barely_pinned": true
   }
  },
  {
   "type": "Feature",
   "geometry": {
    "type": "Point",
    "coordinates": [
     -58.218131,
     -33.522356
    ]
   },
   "properties": {
    "kind": "network",
    "ssid": "",
    "bssid": "ap-fe59746786b0",
    "security": "psk",
    "open": false,
    "frequency_mhz": null,
    "channel": null,
    "best_signal_dbm": -71,
    "best_signal_percent": 58,
    "seen": 8,
    "connected": false,
    "first_seen": "2026-09-22T19:26:31-03:00",
    "last_seen": "2026-09-22T19:27:06-03:00",
    "best_seen": "2026-09-22T19:26:31-03:00",
    "placed_by": "estimate",
    "spread_m": 14,
    "sightings": 8,
    "barely_pinned": true
   }
  },
  {
   "type": "Feature",
   "geometry": {
    "type": "Point",
    "coordinates": [
     -58.21826,
     -33.522187
    ]
   },
   "properties": {
    "kind": "network",
    "ssid": "",
    "bssid": "ap-5d6ff199960f",
    "security": "psk",
    "open": false,
    "frequency_mhz": null,
    "channel": null,
    "best_signal_dbm": -59,
    "best_signal_percent": 82,
    "seen": 24,
    "connected": false,
    "first_seen": "2026-09-22T19:26:11-03:00",
    "last_seen": "2026-09-22T19:28:21-03:00",
    "best_seen": "2026-09-22T19:26:36-03:00",
    "placed_by": "estimate",
    "spread_m": 35,
    "sightings": 24,
    "barely_pinned": true
   }
  },
  {
   "type": "Feature",
   "geometry": {
    "type": "Point",
    "coordinates": [
     -58.218244,
     -33.522201
    ]
   },
   "properties": {
    "kind": "network",
    "ssid": "",
    "bssid": "ap-e070bd86bf7c",
    "security": "psk",
    "open": false,
    "frequency_mhz": null,
    "channel": null,
    "best_signal_dbm": -59,
    "best_signal_percent": 82,
    "seen": 22,
    "connected": false,
    "first_seen": "2026-09-22T19:26:16-03:00",
    "last_seen": "2026-09-22T19:28:01-03:00",
    "best_seen": "2026-09-22T19:26:36-03:00",
    "placed_by": "estimate",
    "spread_m": 32,
    "sightings": 22,
    "barely_pinned": true
   }
  },
  {
   "type": "Feature",
   "geometry": {
    "type": "Point",
    "coordinates": [
     -58.218416,
     -33.52242
    ]
   },
   "properties": {
    "kind": "network",
    "ssid": "",
    "bssid": "ap-b8d53654a2f1",
    "security": "psk",
    "open": false,
    "frequency_mhz": 2457,
    "channel": 10,
    "best_signal_dbm": -61,
    "best_signal_percent": 78,
    "seen": 26,
    "connected": false,
    "first_seen": "2026-09-22T19:26:21-03:00",
    "last_seen": "2026-09-22T19:35:23-03:00",
    "best_seen": "2026-09-22T19:26:36-03:00",
    "placed_by": "estimate",
    "spread_m": 53,
    "sightings": 26,
    "barely_pinned": false
   }
  },
  {
   "type": "Feature",
   "geometry": {
    "type": "Point",
    "coordinates": [
     -58.218243,
     -33.522195
    ]
   },
   "properties": {
    "kind": "network",
    "ssid": "",
    "bssid": "ap-fd8a4601f58a",
    "security": "psk",
    "open": false,
    "frequency_mhz": null,
    "channel": null,
    "best_signal_dbm": -59,
    "best_signal_percent": 82,
    "seen": 18,
    "connected": false,
    "first_seen": "2026-09-22T19:26:27-03:00",
    "last_seen": "2026-09-22T19:27:51-03:00",
    "best_seen": "2026-09-22T19:26:36-03:00",
    "placed_by": "estimate",
    "spread_m": 30,
    "sightings": 18,
    "barely_pinned": true
   }
  },
  {
   "type": "Feature",
   "geometry": {
    "type": "Point",
    "coordinates": [
     -58.218243,
     -33.522195
    ]
   },
   "properties": {
    "kind": "network",
    "ssid": "",
    "bssid": "ap-faf67b8fd823",
    "security": "psk",
    "open": false,
    "frequency_mhz": null,
    "channel": null,
    "best_signal_dbm": -59,
    "best_signal_percent": 82,
    "seen": 16,
    "connected": false,
    "first_seen": "2026-09-22T19:26:31-03:00",
    "last_seen": "2026-09-22T19:27:46-03:00",
    "best_seen": "2026-09-22T19:26:36-03:00",
    "placed_by": "estimate",
    "spread_m": 27,
    "sightings": 16,
    "barely_pinned": true
   }
  },
  {
   "type": "Feature",
   "geometry": {
    "type": "Point",
    "coordinates": [
     -58.218268,
     -33.522159
    ]
   },
   "properties": {
    "kind": "network",
    "ssid": "",
    "bssid": "ap-9aa0ac51a7d5",
    "security": "open",
    "open": true,
    "frequency_mhz": 2452,
    "channel": 9,
    "best_signal_dbm": -71,
    "best_signal_percent": 58,
    "seen": 20,
    "connected": false,
    "first_seen": "2026-09-22T19:26:27-03:00",
    "last_seen": "2026-09-22T19:28:11-03:00",
    "best_seen": "2026-09-22T19:26:41-03:00",
    "placed_by": "estimate",
    "spread_m": 30,
    "sightings": 20,
    "barely_pinned": false
   }
  },
  {
   "type": "Feature",
   "geometry": {
    "type": "Point",
    "coordinates": [
     -58.218211,
     -33.52224
    ]
   },
   "properties": {
    "kind": "network",
    "ssid": "",
    "bssid": "ap-2c98eab91c3a",
    "security": "psk",
    "open": false,
    "frequency_mhz": 2427,
    "channel": 4,
    "best_signal_dbm": -91,
    "best_signal_percent": 18,
    "seen": 6,
    "connected": false,
    "first_seen": "2026-09-22T19:26:41-03:00",
    "last_seen": "2026-09-22T19:27:06-03:00",
    "best_seen": "2026-09-22T19:26:41-03:00",
    "placed_by": "estimate",
    "spread_m": 13,
    "sightings": 6,
    "barely_pinned": true
   }
  },
  {
   "type": "Feature",
   "geometry": {
    "type": "Point",
    "coordinates": [
     -58.218253,
     -33.52218
    ]
   },
   "properties": {
    "kind": "network",
    "ssid": "",
    "bssid": "ap-0a337e92b337",
    "security": "psk",
    "open": false,
    "frequency_mhz": 2442,
    "channel": 7,
    "best_signal_dbm": -83,
    "best_signal_percent": 34,
    "seen": 6,
    "connected": false,
    "first_seen": "2026-09-22T19:26:46-03:00",
    "last_seen": "2026-09-22T19:27:11-03:00",
    "best_seen": "2026-09-22T19:26:46-03:00",
    "placed_by": "estimate",
    "spread_m": 12,
    "sightings": 6,
    "barely_pinned": true
   }
  },
  {
   "type": "Feature",
   "geometry": {
    "type": "Point",
    "coordinates": [
     -58.218315,
     -33.522091
    ]
   },
   "properties": {
    "kind": "network",
    "ssid": "",
    "bssid": "ap-7c09dfda5487",
    "security": "psk",
    "open": false,
    "frequency_mhz": 2447,
    "channel": 8,
    "best_signal_dbm": -91,
    "best_signal_percent": 18,
    "seen": 7,
    "connected": false,
    "first_seen": "2026-09-22T19:26:52-03:00",
    "last_seen": "2026-09-22T19:27:21-03:00",
    "best_seen": "2026-09-22T19:26:52-03:00",
    "placed_by": "estimate",
    "spread_m": 12,
    "sightings": 7,
    "barely_pinned": true
   }
  },
  {
   "type": "Feature",
   "geometry": {
    "type": "Point",
    "coordinates": [
     -58.218485,
     -33.521854
    ]
   },
   "properties": {
    "kind": "network",
    "ssid": "",
    "bssid": "ap-0c79d62d72df",
    "security": "psk",
    "open": false,
    "frequency_mhz": null,
    "channel": null,
    "best_signal_dbm": -63,
    "best_signal_percent": 74,
    "seen": 37,
    "connected": false,
    "first_seen": "2026-09-22T19:26:11-03:00",
    "last_seen": "2026-09-22T19:29:38-03:00",
    "best_seen": "2026-09-22T19:26:56-03:00",
    "placed_by": "estimate",
    "spread_m": 46,
    "sightings": 37,
    "barely_pinned": false
   }
  },
  {
   "type": "Feature",
   "geometry": {
    "type": "Point",
    "coordinates": [
     -58.218304,
     -33.522111
    ]
   },
   "properties": {
    "kind": "network",
    "ssid": "",
    "bssid": "ap-818a0eec0033",
    "security": "psk",
    "open": false,
    "frequency_mhz": null,
    "channel": null,
    "best_signal_dbm": -55,
    "best_signal_percent": 90,
    "seen": 26,
    "connected": false,
    "first_seen": "2026-09-22T19:26:16-03:00",
    "last_seen": "2026-09-22T19:28:36-03:00",
    "best_seen": "2026-09-22T19:26:56-03:00",
    "placed_by": "estimate",
    "spread_m": 31,
    "sightings": 26,
    "barely_pinned": false
   }
  },
  {
   "type": "Feature",
   "geometry": {
    "type": "Point",
    "coordinates": [
     -58.218277,
     -33.522145
    ]
   },
   "properties": {
    "kind": "network",
    "ssid": "",
    "bssid": "ap-99cee826a1e2",
    "security": "psk",
    "open": false,
    "frequency_mhz": null,
    "channel": null,
    "best_signal_dbm": -55,
    "best_signal_percent": 90,
    "seen": 12,
    "connected": false,
    "first_seen": "2026-09-22T19:26:41-03:00",
    "last_seen": "2026-09-22T19:27:36-03:00",
    "best_seen": "2026-09-22T19:26:56-03:00",
    "placed_by": "estimate",
    "spread_m": 17,
    "sightings": 12,
    "barely_pinned": true
   }
  },
  {
   "type": "Feature",
   "geometry": {
    "type": "Point",
    "coordinates": [
     -58.218393,
     -33.521979
    ]
   },
   "properties": {
    "kind": "network",
    "ssid": "",
    "bssid": "ap-5c8a3670b690",
    "security": "psk",
    "open": false,
    "frequency_mhz": 2447,
    "channel": 8,
    "best_signal_dbm": -63,
    "best_signal_percent": 74,
    "seen": 14,
    "connected": false,
    "first_seen": "2026-09-22T19:26:52-03:00",
    "last_seen": "2026-09-22T19:27:56-03:00",
    "best_seen": "2026-09-22T19:26:56-03:00",
    "placed_by": "estimate",
    "spread_m": 21,
    "sightings": 14,
    "barely_pinned": true
   }
  },
  {
   "type": "Feature",
   "geometry": {
    "type": "Point",
    "coordinates": [
     -58.218351,
     -33.52204
    ]
   },
   "properties": {
    "kind": "network",
    "ssid": "",
    "bssid": "ap-8a4ecb1c7499",
    "security": "psk",
    "open": false,
    "frequency_mhz": null,
    "channel": null,
    "best_signal_dbm": -63,
    "best_signal_percent": 74,
    "seen": 10,
    "connected": false,
    "first_seen": "2026-09-22T19:26:52-03:00",
    "last_seen": "2026-09-22T19:27:36-03:00",
    "best_seen": "2026-09-22T19:26:56-03:00",
    "placed_by": "estimate",
    "spread_m": 14,
    "sightings": 10,
    "barely_pinned": true
   }
  },
  {
   "type": "Feature",
   "geometry": {
    "type": "Point",
    "coordinates": [
     -58.218343,
     -33.522051
    ]
   },
   "properties": {
    "kind": "network",
    "ssid": "",
    "bssid": "ap-5f741b1998f7",
    "security": "psk",
    "open": false,
    "frequency_mhz": 2417,
    "channel": 2,
    "best_signal_dbm": -84,
    "best_signal_percent": 32,
    "seen": 7,
    "connected": false,
    "first_seen": "2026-09-22T19:26:56-03:00",
    "last_seen": "2026-09-22T19:27:26-03:00",
    "best_seen": "2026-09-22T19:26:56-03:00",
    "placed_by": "estimate",
    "spread_m": 13,
    "sightings": 7,
    "barely_pinned": true
   }
  },
  {
   "type": "Feature",
   "geometry": {
    "type": "Point",
    "coordinates": [
     -58.218334,
     -33.522064
    ]
   },
   "properties": {
    "kind": "network",
    "ssid": "",
    "bssid": "ap-f037833774c0",
    "security": "psk",
    "open": false,
    "frequency_mhz": null,
    "channel": null,
    "best_signal_dbm": -88,
    "best_signal_percent": 24,
    "seen": 6,
    "connected": false,
    "first_seen": "2026-09-22T19:26:56-03:00",
    "last_seen": "2026-09-22T19:27:21-03:00",
    "best_seen": "2026-09-22T19:26:56-03:00",
    "placed_by": "estimate",
    "spread_m": 10,
    "sightings": 6,
    "barely_pinned": true
   }
  },
  {
   "type": "Feature",
   "geometry": {
    "type": "Point",
    "coordinates": [
     -58.218551,
     -33.521797
    ]
   },
   "properties": {
    "kind": "network",
    "ssid": "",
    "bssid": "ap-05d305e06bd8",
    "security": "psk",
    "open": false,
    "frequency_mhz": null,
    "channel": null,
    "best_signal_dbm": -65,
    "best_signal_percent": 70,
    "seen": 34,
    "connected": false,
    "first_seen": "2026-09-22T19:16:34-03:00",
    "last_seen": "2026-09-22T19:28:51-03:00",
    "best_seen": "2026-09-22T19:27:11-03:00",
    "placed_by": "estimate",
    "spread_m": 36,
    "sightings": 34,
    "barely_pinned": true
   }
  },
  {
   "type": "Feature",
   "geometry": {
    "type": "Point",
    "coordinates": [
     -58.218489,
     -33.52184
    ]
   },
   "properties": {
    "kind": "network",
    "ssid": "",
    "bssid": "ap-8d980a1b282c",
    "security": "open",
    "open": true,
    "frequency_mhz": 2412,
    "channel": 1,
    "best_signal_dbm": -68,
    "best_signal_percent": 64,
    "seen": 10,
    "connected": false,
    "first_seen": "2026-09-22T19:27:11-03:00",
    "last_seen": "2026-09-22T19:27:56-03:00",
    "best_seen": "2026-09-22T19:27:17-03:00",
    "placed_by": "estimate",
    "spread_m": 17,
    "sightings": 10,
    "barely_pinned": true
   }
  },
  {
   "type": "Feature",
   "geometry": {
    "type": "Point",
    "coordinates": [
     -58.21863,
     -33.521723
    ]
   },
   "properties": {
    "kind": "network",
    "ssid": "",
    "bssid": "ap-74425a985e3f",
    "security": "psk",
    "open": false,
    "frequency_mhz": null,
    "channel": null,
    "best_signal_dbm": -69,
    "best_signal_percent": 62,
    "seen": 19,
    "connected": false,
    "first_seen": "2026-09-22T19:16:34-03:00",
    "last_seen": "2026-09-22T19:28:11-03:00",
    "best_seen": "2026-09-22T19:27:26-03:00",
    "placed_by": "estimate",
    "spread_m": 21,
    "sightings": 19,
    "barely_pinned": true
   }
  },
  {
   "type": "Feature",
   "geometry": {
    "type": "Point",
    "coordinates": [
     -58.218805,
     -33.521487
    ]
   },
   "properties": {
    "kind": "network",
    "ssid": "",
    "bssid": "ap-be08cac2de24",
    "security": "psk",
    "open": false,
    "frequency_mhz": null,
    "channel": null,
    "best_signal_dbm": -62,
    "best_signal_percent": 76,
    "seen": 56,
    "connected": false,
    "first_seen": "2026-09-22T19:15:40-03:00",
    "last_seen": "2026-09-22T19:30:22-03:00",
    "best_seen": "2026-09-22T19:27:31-03:00",
    "placed_by": "estimate",
    "spread_m": 51,
    "sightings": 56,
    "barely_pinned": true
   }
  },
  {
   "type": "Feature",
   "geometry": {
    "type": "Point",
    "coordinates": [
     -58.218764,
     -33.521684
    ]
   },
   "properties": {
    "kind": "network",
    "ssid": "",
    "bssid": "ap-6d8d5c5a30cc",
    "security": "psk",
    "open": false,
    "frequency_mhz": null,
    "channel": null,
    "best_signal_dbm": -65,
    "best_signal_percent": 70,
    "seen": 27,
    "connected": false,
    "first_seen": "2026-09-22T19:16:34-03:00",
    "last_seen": "2026-09-22T19:28:41-03:00",
    "best_seen": "2026-09-22T19:27:31-03:00",
    "placed_by": "estimate",
    "spread_m": 27,
    "sightings": 27,
    "barely_pinned": true
   }
  },
  {
   "type": "Feature",
   "geometry": {
    "type": "Point",
    "coordinates": [
     -58.218736,
     -33.521749
    ]
   },
   "properties": {
    "kind": "network",
    "ssid": "",
    "bssid": "ap-c17d239509b9",
    "security": "psk",
    "open": false,
    "frequency_mhz": null,
    "channel": null,
    "best_signal_dbm": -65,
    "best_signal_percent": 70,
    "seen": 26,
    "connected": false,
    "first_seen": "2026-09-22T19:16:36-03:00",
    "last_seen": "2026-09-22T19:28:26-03:00",
    "best_seen": "2026-09-22T19:27:31-03:00",
    "placed_by": "estimate",
    "spread_m": 27,
    "sightings": 26,
    "barely_pinned": true
   }
  },
  {
   "type": "Feature",
   "geometry": {
    "type": "Point",
    "coordinates": [
     -58.218429,
     -33.521979
    ]
   },
   "properties": {
    "kind": "network",
    "ssid": "",
    "bssid": "ap-595c5d64be25",
    "security": "psk",
    "open": false,
    "frequency_mhz": null,
    "channel": null,
    "best_signal_dbm": -92,
    "best_signal_percent": 16,
    "seen": 12,
    "connected": false,
    "first_seen": "2026-09-22T19:26:11-03:00",
    "last_seen": "2026-09-22T19:28:07-03:00",
    "best_seen": "2026-09-22T19:27:42-03:00",
    "placed_by": "estimate",
    "spread_m": 60,
    "sightings": 12,
    "barely_pinned": true
   }
  },
  {
   "type": "Feature",
   "geometry": {
    "type": "Point",
    "coordinates": [
     -58.218875,
     -33.521712
    ]
   },
   "properties": {
    "kind": "network",
    "ssid": "",
    "bssid": "ap-0446c034d237",
    "security": "psk",
    "open": false,
    "frequency_mhz": null,
    "channel": null,
    "best_signal_dbm": -85,
    "best_signal_percent": 30,
    "seen": 18,
    "connected": false,
    "first_seen": "2026-09-22T19:16:34-03:00",
    "last_seen": "2026-09-22T19:28:11-03:00",
    "best_seen": "2026-09-22T19:27:46-03:00",
    "placed_by": "estimate",
    "spread_m": 25,
    "sightings": 18,
    "barely_pinned": true
   }
  },
  {
   "type": "Feature",
   "geometry": {
    "type": "Point",
    "coordinates": [
     -58.218948,
     -33.521718
    ]
   },
   "properties": {
    "kind": "network",
    "ssid": "",
    "bssid": "ap-4ea2ca00f41c",
    "security": "psk",
    "open": false,
    "frequency_mhz": 2442,
    "channel": 7,
    "best_signal_dbm": -62,
    "best_signal_percent": 76,
    "seen": 41,
    "connected": false,
    "first_seen": "2026-09-22T19:16:14-03:00",
    "last_seen": "2026-09-22T19:28:41-03:00",
    "best_seen": "2026-09-22T19:27:51-03:00",
    "placed_by": "estimate",
    "spread_m": 37,
    "sightings": 41,
    "barely_pinned": false
   }
  },
  {
   "type": "Feature",
   "geometry": {
    "type": "Point",
    "coordinates": [
     -58.218782,
     -33.521623
    ]
   },
   "properties": {
    "kind": "network",
    "ssid": "",
    "bssid": "ap-aabe26a592be",
    "security": "psk",
    "open": false,
    "frequency_mhz": null,
    "channel": null,
    "best_signal_dbm": -87,
    "best_signal_percent": 26,
    "seen": 13,
    "connected": false,
    "first_seen": "2026-09-22T19:16:34-03:00",
    "last_seen": "2026-09-22T19:28:16-03:00",
    "best_seen": "2026-09-22T19:27:51-03:00",
    "placed_by": "estimate",
    "spread_m": 16,
    "sightings": 13,
    "barely_pinned": true
   }
  },
  {
   "type": "Feature",
   "geometry": {
    "type": "Point",
    "coordinates": [
     -58.218938,
     -33.521198
    ]
   },
   "properties": {
    "kind": "network",
    "ssid": "",
    "bssid": "ap-4922bb93e21a",
    "security": "psk",
    "open": false,
    "frequency_mhz": 2472,
    "channel": 13,
    "best_signal_dbm": -88,
    "best_signal_percent": 24,
    "seen": 7,
    "connected": false,
    "first_seen": "2026-09-22T19:28:16-03:00",
    "last_seen": "2026-09-22T19:28:46-03:00",
    "best_seen": "2026-09-22T19:28:16-03:00",
    "placed_by": "estimate",
    "spread_m": 14,
    "sightings": 7,
    "barely_pinned": true
   }
  },
  {
   "type": "Feature",
   "geometry": {
    "type": "Point",
    "coordinates": [
     -58.218916,
     -33.521272
    ]
   },
   "properties": {
    "kind": "network",
    "ssid": "",
    "bssid": "ap-98f22d0f0814",
    "security": "psk",
    "open": false,
    "frequency_mhz": 2457,
    "channel": 10,
    "best_signal_dbm": -47,
    "best_signal_percent": 100,
    "seen": 53,
    "connected": false,
    "first_seen": "2026-09-22T19:15:19-03:00",
    "last_seen": "2026-09-22T19:29:52-03:00",
    "best_seen": "2026-09-22T19:28:21-03:00",
    "placed_by": "estimate",
    "spread_m": 25,
    "sightings": 53,
    "barely_pinned": false
   }
  },
  {
   "type": "Feature",
   "geometry": {
    "type": "Point",
    "coordinates": [
     -58.218909,
     -33.521287
    ]
   },
   "properties": {
    "kind": "network",
    "ssid": "",
    "bssid": "ap-b6dc2fefc454",
    "security": "psk",
    "open": false,
    "frequency_mhz": null,
    "channel": null,
    "best_signal_dbm": -52,
    "best_signal_percent": 96,
    "seen": 27,
    "connected": false,
    "first_seen": "2026-09-22T19:15:49-03:00",
    "last_seen": "2026-09-22T19:29:01-03:00",
    "best_seen": "2026-09-22T19:28:21-03:00",
    "placed_by": "estimate",
    "spread_m": 20,
    "sightings": 27,
    "barely_pinned": false
   }
  },
  {
   "type": "Feature",
   "geometry": {
    "type": "Point",
    "coordinates": [
     -58.21889,
     -33.521298
    ]
   },
   "properties": {
    "kind": "network",
    "ssid": "",
    "bssid": "ap-0c9acc079613",
    "security": "psk",
    "open": false,
    "frequency_mhz": 2417,
    "channel": 2,
    "best_signal_dbm": -71,
    "best_signal_percent": 58,
    "seen": 18,
    "connected": false,
    "first_seen": "2026-09-22T19:15:54-03:00",
    "last_seen": "2026-09-22T19:28:51-03:00",
    "best_seen": "2026-09-22T19:28:21-03:00",
    "placed_by": "estimate",
    "spread_m": 21,
    "sightings": 18,
    "barely_pinned": true
   }
  },
  {
   "type": "Feature",
   "geometry": {
    "type": "Point",
    "coordinates": [
     -58.219211,
     -33.521436
    ]
   },
   "properties": {
    "kind": "network",
    "ssid": "",
    "bssid": "ap-cdab6a601c39",
    "security": "psk",
    "open": false,
    "frequency_mhz": null,
    "channel": null,
    "best_signal_dbm": -80,
    "best_signal_percent": 40,
    "seen": 44,
    "connected": false,
    "first_seen": "2026-09-22T19:15:59-03:00",
    "last_seen": "2026-09-22T19:29:52-03:00",
    "best_seen": "2026-09-22T19:28:21-03:00",
    "placed_by": "estimate",
    "spread_m": 69,
    "sightings": 44,
    "barely_pinned": true
   }
  },
  {
   "type": "Feature",
   "geometry": {
    "type": "Point",
    "coordinates": [
     -58.219107,
     -33.520968
    ]
   },
   "properties": {
    "kind": "network",
    "ssid": "",
    "bssid": "ap-4ce4c3875c7c",
    "security": "psk",
    "open": false,
    "frequency_mhz": 2457,
    "channel": 10,
    "best_signal_dbm": -59,
    "best_signal_percent": 82,
    "seen": 34,
    "connected": false,
    "first_seen": "2026-09-22T19:15:10-03:00",
    "last_seen": "2026-09-22T19:29:52-03:00",
    "best_seen": "2026-09-22T19:28:51-03:00",
    "placed_by": "estimate",
    "spread_m": 26,
    "sightings": 34,
    "barely_pinned": false
   }
  },
  {
   "type": "Feature",
   "geometry": {
    "type": "Point",
    "coordinates": [
     -58.219132,
     -33.520926
    ]
   },
   "properties": {
    "kind": "network",
    "ssid": "",
    "bssid": "ap-4e9a889cbe54",
    "security": "psk",
    "open": false,
    "frequency_mhz": null,
    "channel": null,
    "best_signal_dbm": -59,
    "best_signal_percent": 82,
    "seen": 29,
    "connected": false,
    "first_seen": "2026-09-22T19:15:15-03:00",
    "last_seen": "2026-09-22T19:29:52-03:00",
    "best_seen": "2026-09-22T19:28:51-03:00",
    "placed_by": "estimate",
    "spread_m": 21,
    "sightings": 29,
    "barely_pinned": false
   }
  },
  {
   "type": "Feature",
   "geometry": {
    "type": "Point",
    "coordinates": [
     -58.219257,
     -33.52074
    ]
   },
   "properties": {
    "kind": "network",
    "ssid": "",
    "bssid": "ap-deab10e4d85e",
    "security": "psk",
    "open": false,
    "frequency_mhz": null,
    "channel": null,
    "best_signal_dbm": -83,
    "best_signal_percent": 34,
    "seen": 8,
    "connected": false,
    "first_seen": "2026-09-22T19:28:51-03:00",
    "last_seen": "2026-09-22T19:29:27-03:00",
    "best_seen": "2026-09-22T19:28:51-03:00",
    "placed_by": "estimate",
    "spread_m": 11,
    "sightings": 8,
    "barely_pinned": true
   }
  },
  {
   "type": "Feature",
   "geometry": {
    "type": "Point",
    "coordinates": [
     -58.219275,
     -33.520714
    ]
   },
   "properties": {
    "kind": "network",
    "ssid": "",
    "bssid": "ap-2af24e9eb12f",
    "security": "psk",
    "open": false,
    "frequency_mhz": null,
    "channel": null,
    "best_signal_dbm": -83,
    "best_signal_percent": 34,
    "seen": 9,
    "connected": false,
    "first_seen": "2026-09-22T19:28:51-03:00",
    "last_seen": "2026-09-22T19:29:32-03:00",
    "best_seen": "2026-09-22T19:28:51-03:00",
    "placed_by": "estimate",
    "spread_m": 14,
    "sightings": 9,
    "barely_pinned": true
   }
  },
  {
   "type": "Feature",
   "geometry": {
    "type": "Point",
    "coordinates": [
     -58.219329,
     -33.520771
    ]
   },
   "properties": {
    "kind": "network",
    "ssid": "",
    "bssid": "ap-38760b71a8fc",
    "security": "psk",
    "open": false,
    "frequency_mhz": 2462,
    "channel": 11,
    "best_signal_dbm": -64,
    "best_signal_percent": 72,
    "seen": 52,
    "connected": false,
    "first_seen": "2026-09-22T19:04:34-03:00",
    "last_seen": "2026-09-22T19:30:57-03:00",
    "best_seen": "2026-09-22T19:28:57-03:00",
    "placed_by": "estimate",
    "spread_m": 42,
    "sightings": 52,
    "barely_pinned": true
   }
  },
  {
   "type": "Feature",
   "geometry": {
    "type": "Point",
    "coordinates": [
     -58.219185,
     -33.520845
    ]
   },
   "properties": {
    "kind": "network",
    "ssid": "",
    "bssid": "ap-622860715858",
    "security": "psk",
    "open": false,
    "frequency_mhz": null,
    "channel": null,
    "best_signal_dbm": -64,
    "best_signal_percent": 72,
    "seen": 25,
    "connected": false,
    "first_seen": "2026-09-22T19:15:19-03:00",
    "last_seen": "2026-09-22T19:29:52-03:00",
    "best_seen": "2026-09-22T19:28:57-03:00",
    "placed_by": "estimate",
    "spread_m": 24,
    "sightings": 25,
    "barely_pinned": false
   }
  },
  {
   "type": "Feature",
   "geometry": {
    "type": "Point",
    "coordinates": [
     -58.219246,
     -33.520755
    ]
   },
   "properties": {
    "kind": "network",
    "ssid": "",
    "bssid": "ap-a8e56086ff57",
    "security": "psk",
    "open": false,
    "frequency_mhz": null,
    "channel": null,
    "best_signal_dbm": -64,
    "best_signal_percent": 72,
    "seen": 7,
    "connected": false,
    "first_seen": "2026-09-22T19:28:57-03:00",
    "last_seen": "2026-09-22T19:29:27-03:00",
    "best_seen": "2026-09-22T19:28:57-03:00",
    "placed_by": "estimate",
    "spread_m": 8,
    "sightings": 7,
    "barely_pinned": true
   }
  },
  {
   "type": "Feature",
   "geometry": {
    "type": "Point",
    "coordinates": [
     -58.219178,
     -33.520852
    ]
   },
   "properties": {
    "kind": "network",
    "ssid": "",
    "bssid": "ap-259a3f7e65af",
    "security": "psk",
    "open": false,
    "frequency_mhz": 2427,
    "channel": 4,
    "best_signal_dbm": -73,
    "best_signal_percent": 54,
    "seen": 14,
    "connected": false,
    "first_seen": "2026-09-22T19:15:44-03:00",
    "last_seen": "2026-09-22T19:29:38-03:00",
    "best_seen": "2026-09-22T19:29:01-03:00",
    "placed_by": "estimate",
    "spread_m": 30,
    "sightings": 14,
    "barely_pinned": true
   }
  },
  {
   "type": "Feature",
   "geometry": {
    "type": "Point",
    "coordinates": [
     -58.219505,
     -33.520403
    ]
   },
   "properties": {
    "kind": "network",
    "ssid": "",
    "bssid": "ap-ac821a851d7d",
    "security": "psk",
    "open": false,
    "frequency_mhz": 5805,
    "channel": 161,
    "best_signal_dbm": -75,
    "best_signal_percent": 50,
    "seen": 10,
    "connected": false,
    "first_seen": "2026-09-22T19:29:25-03:00",
    "last_seen": "2026-09-22T19:30:07-03:00",
    "best_seen": "2026-09-22T19:29:25-03:00",
    "placed_by": "estimate",
    "spread_m": 19,
    "sightings": 10,
    "barely_pinned": true
   }
  },
  {
   "type": "Feature",
   "geometry": {
    "type": "Point",
    "coordinates": [
     -58.219515,
     -33.52039
    ]
   },
   "properties": {
    "kind": "network",
    "ssid": "",
    "bssid": "ap-03e10342617e",
    "security": "psk",
    "open": false,
    "frequency_mhz": null,
    "channel": null,
    "best_signal_dbm": -77,
    "best_signal_percent": 46,
    "seen": 10,
    "connected": false,
    "first_seen": "2026-09-22T19:29:25-03:00",
    "last_seen": "2026-09-22T19:30:07-03:00",
    "best_seen": "2026-09-22T19:29:27-03:00",
    "placed_by": "estimate",
    "spread_m": 19,
    "sightings": 10,
    "barely_pinned": true
   }
  },
  {
   "type": "Feature",
   "geometry": {
    "type": "Point",
    "coordinates": [
     -58.219684,
     -33.520333
    ]
   },
   "properties": {
    "kind": "network",
    "ssid": "",
    "bssid": "ap-6360d17d4381",
    "security": "psk",
    "open": false,
    "frequency_mhz": 2442,
    "channel": 7,
    "best_signal_dbm": -62,
    "best_signal_percent": 76,
    "seen": 24,
    "connected": false,
    "first_seen": "2026-09-22T19:04:34-03:00",
    "last_seen": "2026-09-22T19:30:32-03:00",
    "best_seen": "2026-09-22T19:29:32-03:00",
    "placed_by": "estimate",
    "spread_m": 25,
    "sightings": 24,
    "barely_pinned": true
   }
  },
  {
   "type": "Feature",
   "geometry": {
    "type": "Point",
    "coordinates": [
     -58.21952,
     -33.520483
    ]
   },
   "properties": {
    "kind": "network",
    "ssid": "",
    "bssid": "ap-66db4c2bfad5",
    "security": "psk",
    "open": false,
    "frequency_mhz": null,
    "channel": null,
    "best_signal_dbm": -69,
    "best_signal_percent": 62,
    "seen": 27,
    "connected": false,
    "first_seen": "2026-09-22T19:04:34-03:00",
    "last_seen": "2026-09-22T19:30:22-03:00",
    "best_seen": "2026-09-22T19:29:38-03:00",
    "placed_by": "estimate",
    "spread_m": 38,
    "sightings": 27,
    "barely_pinned": false
   }
  },
  {
   "type": "Feature",
   "geometry": {
    "type": "Point",
    "coordinates": [
     -58.219784,
     -33.520281
    ]
   },
   "properties": {
    "kind": "network",
    "ssid": "",
    "bssid": "ap-54f063f02796",
    "security": "psk",
    "open": false,
    "frequency_mhz": null,
    "channel": null,
    "best_signal_dbm": -78,
    "best_signal_percent": 44,
    "seen": 22,
    "connected": false,
    "first_seen": "2026-09-22T19:04:34-03:00",
    "last_seen": "2026-09-22T19:30:28-03:00",
    "best_seen": "2026-09-22T19:29:38-03:00",
    "placed_by": "estimate",
    "spread_m": 23,
    "sightings": 22,
    "barely_pinned": true
   }
  },
  {
   "type": "Feature",
   "geometry": {
    "type": "Point",
    "coordinates": [
     -58.219599,
     -33.520283
    ]
   },
   "properties": {
    "kind": "network",
    "ssid": "",
    "bssid": "ap-cbc0b4a964d8",
    "security": "psk",
    "open": false,
    "frequency_mhz": null,
    "channel": null,
    "best_signal_dbm": -78,
    "best_signal_percent": 44,
    "seen": 7,
    "connected": false,
    "first_seen": "2026-09-22T19:29:38-03:00",
    "last_seen": "2026-09-22T19:30:07-03:00",
    "best_seen": "2026-09-22T19:29:38-03:00",
    "placed_by": "estimate",
    "spread_m": 14,
    "sightings": 7,
    "barely_pinned": true
   }
  },
  {
   "type": "Feature",
   "geometry": {
    "type": "Point",
    "coordinates": [
     -58.219551,
     -33.520454
    ]
   },
   "properties": {
    "kind": "network",
    "ssid": "",
    "bssid": "ap-5a75944bb2e0",
    "security": "psk",
    "open": false,
    "frequency_mhz": 2452,
    "channel": 9,
    "best_signal_dbm": -59,
    "best_signal_percent": 82,
    "seen": 32,
    "connected": false,
    "first_seen": "2026-09-22T19:04:34-03:00",
    "last_seen": "2026-09-22T19:30:37-03:00",
    "best_seen": "2026-09-22T19:29:42-03:00",
    "placed_by": "estimate",
    "spread_m": 38,
    "sightings": 32,
    "barely_pinned": false
   }
  },
  {
   "type": "Feature",
   "geometry": {
    "type": "Point",
    "coordinates": [
     -58.21968,
     -33.520324
    ]
   },
   "properties": {
    "kind": "network",
    "ssid": "",
    "bssid": "ap-dc90f0fe3d35",
    "security": "psk",
    "open": false,
    "frequency_mhz": null,
    "channel": null,
    "best_signal_dbm": -62,
    "best_signal_percent": 76,
    "seen": 23,
    "connected": false,
    "first_seen": "2026-09-22T19:04:34-03:00",
    "last_seen": "2026-09-22T19:30:37-03:00",
    "best_seen": "2026-09-22T19:29:42-03:00",
    "placed_by": "estimate",
    "spread_m": 25,
    "sightings": 23,
    "barely_pinned": true
   }
  },
  {
   "type": "Feature",
   "geometry": {
    "type": "Point",
    "coordinates": [
     -58.219667,
     -33.520321
    ]
   },
   "properties": {
    "kind": "network",
    "ssid": "",
    "bssid": "ap-0a0c02515566",
    "security": "psk",
    "open": false,
    "frequency_mhz": null,
    "channel": null,
    "best_signal_dbm": -77,
    "best_signal_percent": 46,
    "seen": 22,
    "connected": false,
    "first_seen": "2026-09-22T19:04:34-03:00",
    "last_seen": "2026-09-22T19:30:17-03:00",
    "best_seen": "2026-09-22T19:29:42-03:00",
    "placed_by": "estimate",
    "spread_m": 25,
    "sightings": 22,
    "barely_pinned": true
   }
  },
  {
   "type": "Feature",
   "geometry": {
    "type": "Point",
    "coordinates": [
     -58.219975,
     -33.520289
    ]
   },
   "properties": {
    "kind": "network",
    "ssid": "",
    "bssid": "ap-afe7496188a8",
    "security": "psk",
    "open": false,
    "frequency_mhz": 2457,
    "channel": 10,
    "best_signal_dbm": -78,
    "best_signal_percent": 44,
    "seen": 28,
    "connected": false,
    "first_seen": "2026-09-22T19:04:34-03:00",
    "last_seen": "2026-09-22T19:30:47-03:00",
    "best_seen": "2026-09-22T19:29:47-03:00",
    "placed_by": "estimate",
    "spread_m": 26,
    "sightings": 28,
    "barely_pinned": true
   }
  },
  {
   "type": "Feature",
   "geometry": {
    "type": "Point",
    "coordinates": [
     -58.219837,
     -33.520233
    ]
   },
   "properties": {
    "kind": "network",
    "ssid": "",
    "bssid": "ap-5650eff61ecb",
    "security": "psk",
    "open": false,
    "frequency_mhz": null,
    "channel": null,
    "best_signal_dbm": -78,
    "best_signal_percent": 44,
    "seen": 16,
    "connected": false,
    "first_seen": "2026-09-22T19:04:39-03:00",
    "last_seen": "2026-09-22T19:30:32-03:00",
    "best_seen": "2026-09-22T19:29:47-03:00",
    "placed_by": "estimate",
    "spread_m": 15,
    "sightings": 16,
    "barely_pinned": true
   }
  },
  {
   "type": "Feature",
   "geometry": {
    "type": "Point",
    "coordinates": [
     -58.219758,
     -33.520227
    ]
   },
   "properties": {
    "kind": "network",
    "ssid": "",
    "bssid": "ap-a449fa4c9064",
    "security": "psk",
    "open": false,
    "frequency_mhz": 2457,
    "channel": 10,
    "best_signal_dbm": -78,
    "best_signal_percent": 44,
    "seen": 8,
    "connected": false,
    "first_seen": "2026-09-22T19:29:47-03:00",
    "last_seen": "2026-09-22T19:30:22-03:00",
    "best_seen": "2026-09-22T19:29:47-03:00",
    "placed_by": "estimate",
    "spread_m": 15,
    "sightings": 8,
    "barely_pinned": true
   }
  },
  {
   "type": "Feature",
   "geometry": {
    "type": "Point",
    "coordinates": [
     -58.219894,
     -33.52023
    ]
   },
   "properties": {
    "kind": "network",
    "ssid": "",
    "bssid": "ap-4cc93cb99de9",
    "security": "psk",
    "open": false,
    "frequency_mhz": 2417,
    "channel": 2,
    "best_signal_dbm": -73,
    "best_signal_percent": 54,
    "seen": 17,
    "connected": false,
    "first_seen": "2026-09-22T19:04:34-03:00",
    "last_seen": "2026-09-22T19:30:37-03:00",
    "best_seen": "2026-09-22T19:30:03-03:00",
    "placed_by": "estimate",
    "spread_m": 14,
    "sightings": 17,
    "barely_pinned": true
   }
  },
  {
   "type": "Feature",
   "geometry": {
    "type": "Point",
    "coordinates": [
     -58.219848,
     -33.520378
    ]
   },
   "properties": {
    "kind": "network",
    "ssid": "",
    "bssid": "ap-ce99b11b4912",
    "security": "psk",
    "open": false,
    "frequency_mhz": 2457,
    "channel": 10,
    "best_signal_dbm": -72,
    "best_signal_percent": 56,
    "seen": 27,
    "connected": false,
    "first_seen": "2026-09-22T19:04:34-03:00",
    "last_seen": "2026-09-22T19:30:47-03:00",
    "best_seen": "2026-09-22T19:30:03-03:00",
    "placed_by": "estimate",
    "spread_m": 39,
    "sightings": 27,
    "barely_pinned": false
   }
  },
  {
   "type": "Feature",
   "geometry": {
    "type": "Point",
    "coordinates": [
     -58.220035,
     -33.52029
    ]
   },
   "properties": {
    "kind": "network",
    "ssid": "",
    "bssid": "ap-588d7da2b6f5",
    "security": "psk",
    "open": false,
    "frequency_mhz": null,
    "channel": null,
    "best_signal_dbm": -65,
    "best_signal_percent": 70,
    "seen": 20,
    "connected": false,
    "first_seen": "2026-09-22T19:04:34-03:00",
    "last_seen": "2026-09-22T19:30:53-03:00",
    "best_seen": "2026-09-22T19:30:12-03:00",
    "placed_by": "estimate",
    "spread_m": 15,
    "sightings": 20,
    "barely_pinned": true
   }
  },
  {
   "type": "Feature",
   "geometry": {
    "type": "Point",
    "coordinates": [
     -58.220166,
     -33.520363
    ]
   },
   "properties": {
    "kind": "network",
    "ssid": "",
    "bssid": "ap-b1f6433770aa",
    "security": "psk",
    "open": false,
    "frequency_mhz": 2427,
    "channel": 4,
    "best_signal_dbm": -65,
    "best_signal_percent": 70,
    "seen": 39,
    "connected": false,
    "first_seen": "2026-09-22T19:04:34-03:00",
    "last_seen": "2026-09-22T19:31:22-03:00",
    "best_seen": "2026-09-22T19:30:12-03:00",
    "placed_by": "estimate",
    "spread_m": 30,
    "sightings": 39,
    "barely_pinned": true
   }
  },
  {
   "type": "Feature",
   "geometry": {
    "type": "Point",
    "coordinates": [
     -58.220106,
     -33.520357
    ]
   },
   "properties": {
    "kind": "network",
    "ssid": "",
    "bssid": "ap-b8c63152ce0b",
    "security": "psk",
    "open": false,
    "frequency_mhz": null,
    "channel": null,
    "best_signal_dbm": -84,
    "best_signal_percent": 32,
    "seen": 36,
    "connected": false,
    "first_seen": "2026-09-22T19:04:34-03:00",
    "last_seen": "2026-09-22T19:31:27-03:00",
    "best_seen": "2026-09-22T19:30:12-03:00",
    "placed_by": "estimate",
    "spread_m": 31,
    "sightings": 36,
    "barely_pinned": true
   }
  },
  {
   "type": "Feature",
   "geometry": {
    "type": "Point",
    "coordinates": [
     -58.220204,
     -33.520425
    ]
   },
   "properties": {
    "kind": "network",
    "ssid": "",
    "bssid": "ap-252af1e4451d",
    "security": "psk",
    "open": false,
    "frequency_mhz": null,
    "channel": null,
    "best_signal_dbm": -54,
    "best_signal_percent": 92,
    "seen": 51,
    "connected": false,
    "first_seen": "2026-09-22T19:04:34-03:00",
    "last_seen": "2026-09-22T19:31:32-03:00",
    "best_seen": "2026-09-22T19:30:22-03:00",
    "placed_by": "estimate",
    "spread_m": 35,
    "sightings": 51,
    "barely_pinned": false
   }
  },
  {
   "type": "Feature",
   "geometry": {
    "type": "Point",
    "coordinates": [
     -58.220159,
     -33.520361
    ]
   },
   "properties": {
    "kind": "network",
    "ssid": "",
    "bssid": "ap-75b9c3cc3450",
    "security": "psk",
    "open": false,
    "frequency_mhz": null,
    "channel": null,
    "best_signal_dbm": -54,
    "best_signal_percent": 92,
    "seen": 30,
    "connected": false,
    "first_seen": "2026-09-22T19:04:39-03:00",
    "last_seen": "2026-09-22T19:31:22-03:00",
    "best_seen": "2026-09-22T19:30:22-03:00",
    "placed_by": "estimate",
    "spread_m": 24,
    "sightings": 30,
    "barely_pinned": true
   }
  },
  {
   "type": "Feature",
   "geometry": {
    "type": "Point",
    "coordinates": [
     -58.220382,
     -33.520486
    ]
   },
   "properties": {
    "kind": "network",
    "ssid": "",
    "bssid": "ap-141ccea0ee53",
    "security": "psk",
    "open": false,
    "frequency_mhz": 2457,
    "channel": 10,
    "best_signal_dbm": -68,
    "best_signal_percent": 64,
    "seen": 27,
    "connected": false,
    "first_seen": "2026-09-22T19:05:05-03:00",
    "last_seen": "2026-09-22T19:31:32-03:00",
    "best_seen": "2026-09-22T19:30:32-03:00",
    "placed_by": "estimate",
    "spread_m": 22,
    "sightings": 27,
    "barely_pinned": true
   }
  },
  {
   "type": "Feature",
   "geometry": {
    "type": "Point",
    "coordinates": [
     -58.220322,
     -33.52046
    ]
   },
   "properties": {
    "kind": "network",
    "ssid": "",
    "bssid": "ap-c1038f00f096",
    "security": "psk",
    "open": false,
    "frequency_mhz": null,
    "channel": null,
    "best_signal_dbm": -68,
    "best_signal_percent": 64,
    "seen": 26,
    "connected": false,
    "first_seen": "2026-09-22T19:04:59-03:00",
    "last_seen": "2026-09-22T19:31:32-03:00",
    "best_seen": "2026-09-22T19:30:37-03:00",
    "placed_by": "estimate",
    "spread_m": 20,
    "sightings": 26,
    "barely_pinned": true
   }
  },
  {
   "type": "Feature",
   "geometry": {
    "type": "Point",
    "coordinates": [
     -58.220521,
     -33.52056
    ]
   },
   "properties": {
    "kind": "network",
    "ssid": "",
    "bssid": "ap-4b3e2cbe9cbc",
    "security": "psk",
    "open": false,
    "frequency_mhz": null,
    "channel": null,
    "best_signal_dbm": -82,
    "best_signal_percent": 36,
    "seen": 25,
    "connected": false,
    "first_seen": "2026-09-22T19:05:11-03:00",
    "last_seen": "2026-09-22T19:31:22-03:00",
    "best_seen": "2026-09-22T19:30:57-03:00",
    "placed_by": "estimate",
    "spread_m": 18,
    "sightings": 25,
    "barely_pinned": true
   }
  },
  {
   "type": "Feature",
   "geometry": {
    "type": "Point",
    "coordinates": [
     -58.220549,
     -33.520698
    ]
   },
   "properties": {
    "kind": "network",
    "ssid": "",
    "bssid": "ap-435f67afa0e7",
    "security": "psk",
    "open": false,
    "frequency_mhz": 2472,
    "channel": 13,
    "best_signal_dbm": -71,
    "best_signal_percent": 58,
    "seen": 24,
    "connected": false,
    "first_seen": "2026-09-22T19:05:25-03:00",
    "last_seen": "2026-09-22T19:31:47-03:00",
    "best_seen": "2026-09-22T19:30:57-03:00",
    "placed_by": "estimate",
    "spread_m": 24,
    "sightings": 24,
    "barely_pinned": true
   }
  },
  {
   "type": "Feature",
   "geometry": {
    "type": "Point",
    "coordinates": [
     -58.220412,
     -33.520818
    ]
   },
   "properties": {
    "kind": "network",
    "ssid": "",
    "bssid": "ap-dfa852cc78a0",
    "security": "psk",
    "open": false,
    "frequency_mhz": null,
    "channel": null,
    "best_signal_dbm": -94,
    "best_signal_percent": 12,
    "seen": 6,
    "connected": false,
    "first_seen": "2026-09-22T19:31:18-03:00",
    "last_seen": "2026-09-22T19:31:43-03:00",
    "best_seen": "2026-09-22T19:31:18-03:00",
    "placed_by": "estimate",
    "spread_m": 12,
    "sightings": 6,
    "barely_pinned": true
   }
  },
  {
   "type": "Feature",
   "geometry": {
    "type": "Point",
    "coordinates": [
     -58.220513,
     -33.520738
    ]
   },
   "properties": {
    "kind": "network",
    "ssid": "",
    "bssid": "ap-456af8edb535",
    "security": "psk",
    "open": false,
    "frequency_mhz": null,
    "channel": null,
    "best_signal_dbm": -80,
    "best_signal_percent": 40,
    "seen": 21,
    "connected": false,
    "first_seen": "2026-09-22T19:05:36-03:00",
    "last_seen": "2026-09-22T19:32:02-03:00",
    "best_seen": "2026-09-22T19:31:22-03:00",
    "placed_by": "estimate",
    "spread_m": 25,
    "sightings": 21,
    "barely_pinned": true
   }
  },
  {
   "type": "Feature",
   "geometry": {
    "type": "Point",
    "coordinates": [
     -58.220316,
     -33.520958
    ]
   },
   "properties": {
    "kind": "network",
    "ssid": "",
    "bssid": "ap-997ec1c94530",
    "security": "psk",
    "open": false,
    "frequency_mhz": null,
    "channel": null,
    "best_signal_dbm": -90,
    "best_signal_percent": 20,
    "seen": 14,
    "connected": false,
    "first_seen": "2026-09-22T19:31:07-03:00",
    "last_seen": "2026-09-22T19:32:12-03:00",
    "best_seen": "2026-09-22T19:31:27-03:00",
    "placed_by": "estimate",
    "spread_m": 26,
    "sightings": 14,
    "barely_pinned": true
   }
  },
  {
   "type": "Feature",
   "geometry": {
    "type": "Point",
    "coordinates": [
     -58.22024,
     -33.521068
    ]
   },
   "properties": {
    "kind": "network",
    "ssid": "",
    "bssid": "ap-65c5152823fe",
    "security": "psk",
    "open": false,
    "frequency_mhz": 2432,
    "channel": 5,
    "best_signal_dbm": -73,
    "best_signal_percent": 54,
    "seen": 11,
    "connected": false,
    "first_seen": "2026-09-22T19:31:32-03:00",
    "last_seen": "2026-09-22T19:32:22-03:00",
    "best_seen": "2026-09-22T19:31:32-03:00",
    "placed_by": "estimate",
    "spread_m": 19,
    "sightings": 11,
    "barely_pinned": true
   }
  },
  {
   "type": "Feature",
   "geometry": {
    "type": "Point",
    "coordinates": [
     -58.220287,
     -33.521
    ]
   },
   "properties": {
    "kind": "network",
    "ssid": "",
    "bssid": "ap-f35c1a4099ac",
    "security": "psk",
    "open": false,
    "frequency_mhz": null,
    "channel": null,
    "best_signal_dbm": -73,
    "best_signal_percent": 54,
    "seen": 7,
    "connected": false,
    "first_seen": "2026-09-22T19:31:32-03:00",
    "last_seen": "2026-09-22T19:32:02-03:00",
    "best_seen": "2026-09-22T19:31:32-03:00",
    "placed_by": "estimate",
    "spread_m": 11,
    "sightings": 7,
    "barely_pinned": true
   }
  },
  {
   "type": "Feature",
   "geometry": {
    "type": "Point",
    "coordinates": [
     -58.220284,
     -33.521004
    ]
   },
   "properties": {
    "kind": "network",
    "ssid": "",
    "bssid": "ap-0a401431f6f4",
    "security": "psk",
    "open": false,
    "frequency_mhz": null,
    "channel": null,
    "best_signal_dbm": -89,
    "best_signal_percent": 22,
    "seen": 6,
    "connected": false,
    "first_seen": "2026-09-22T19:31:32-03:00",
    "last_seen": "2026-09-22T19:31:57-03:00",
    "best_seen": "2026-09-22T19:31:32-03:00",
    "placed_by": "estimate",
    "spread_m": 12,
    "sightings": 6,
    "barely_pinned": true
   }
  },
  {
   "type": "Feature",
   "geometry": {
    "type": "Point",
    "coordinates": [
     -58.220284,
     -33.521004
    ]
   },
   "properties": {
    "kind": "network",
    "ssid": "",
    "bssid": "ap-2992a3bd896d",
    "security": "psk",
    "open": false,
    "frequency_mhz": 2442,
    "channel": 7,
    "best_signal_dbm": -91,
    "best_signal_percent": 18,
    "seen": 6,
    "connected": false,
    "first_seen": "2026-09-22T19:31:32-03:00",
    "last_seen": "2026-09-22T19:31:57-03:00",
    "best_seen": "2026-09-22T19:31:32-03:00",
    "placed_by": "estimate",
    "spread_m": 12,
    "sightings": 6,
    "barely_pinned": true
   }
  },
  {
   "type": "Feature",
   "geometry": {
    "type": "Point",
    "coordinates": [
     -58.220246,
     -33.52088
    ]
   },
   "properties": {
    "kind": "network",
    "ssid": "",
    "bssid": "ap-0a294b27fdd7",
    "security": "psk",
    "open": false,
    "frequency_mhz": 2447,
    "channel": 8,
    "best_signal_dbm": -83,
    "best_signal_percent": 34,
    "seen": 39,
    "connected": false,
    "first_seen": "2026-09-22T19:05:05-03:00",
    "last_seen": "2026-09-22T19:33:02-03:00",
    "best_seen": "2026-09-22T19:31:52-03:00",
    "placed_by": "estimate",
    "spread_m": 52,
    "sightings": 39,
    "barely_pinned": true
   }
  },
  {
   "type": "Feature",
   "geometry": {
    "type": "Point",
    "coordinates": [
     -58.219963,
     -33.521283
    ]
   },
   "properties": {
    "kind": "network",
    "ssid": "",
    "bssid": "ap-ee8b5d6f70f6",
    "security": "psk",
    "open": false,
    "frequency_mhz": null,
    "channel": null,
    "best_signal_dbm": -70,
    "best_signal_percent": 60,
    "seen": 29,
    "connected": false,
    "first_seen": "2026-09-22T19:15:19-03:00",
    "last_seen": "2026-09-22T19:33:17-03:00",
    "best_seen": "2026-09-22T19:31:52-03:00",
    "placed_by": "estimate",
    "spread_m": 44,
    "sightings": 29,
    "barely_pinned": true
   }
  },
  {
   "type": "Feature",
   "geometry": {
    "type": "Point",
    "coordinates": [
     -58.220139,
     -33.521214
    ]
   },
   "properties": {
    "kind": "network",
    "ssid": "",
    "bssid": "ap-73c1df00973d",
    "security": "psk",
    "open": false,
    "frequency_mhz": null,
    "channel": null,
    "best_signal_dbm": -70,
    "best_signal_percent": 60,
    "seen": 13,
    "connected": false,
    "first_seen": "2026-09-22T19:31:37-03:00",
    "last_seen": "2026-09-22T19:32:37-03:00",
    "best_seen": "2026-09-22T19:31:52-03:00",
    "placed_by": "estimate",
    "spread_m": 22,
    "sightings": 13,
    "barely_pinned": true
   }
  },
  {
   "type": "Feature",
   "geometry": {
    "type": "Point",
    "coordinates": [
     -58.220198,
     -33.52113
    ]
   },
   "properties": {
    "kind": "network",
    "ssid": "",
    "bssid": "ap-751ae06a20d0",
    "security": "psk",
    "open": false,
    "frequency_mhz": null,
    "channel": null,
    "best_signal_dbm": -83,
    "best_signal_percent": 34,
    "seen": 6,
    "connected": false,
    "first_seen": "2026-09-22T19:31:43-03:00",
    "last_seen": "2026-09-22T19:32:08-03:00",
    "best_seen": "2026-09-22T19:31:52-03:00",
    "placed_by": "estimate",
    "spread_m": 11,
    "sightings": 6,
    "barely_pinned": true
   }
  },
  {
   "type": "Feature",
   "geometry": {
    "type": "Point",
    "coordinates": [
     -58.21988,
     -33.521476
    ]
   },
   "properties": {
    "kind": "network",
    "ssid": "",
    "bssid": "ap-a8e35dddf45a",
    "security": "psk",
    "open": false,
    "frequency_mhz": null,
    "channel": null,
    "best_signal_dbm": -63,
    "best_signal_percent": 74,
    "seen": 47,
    "connected": false,
    "first_seen": "2026-09-22T19:14:09-03:00",
    "last_seen": "2026-09-22T19:34:07-03:00",
    "best_seen": "2026-09-22T19:31:57-03:00",
    "placed_by": "estimate",
    "spread_m": 56,
    "sightings": 47,
    "barely_pinned": true
   }
  },
  {
   "type": "Feature",
   "geometry": {
    "type": "Point",
    "coordinates": [
     -58.219901,
     -33.521491
    ]
   },
   "properties": {
    "kind": "network",
    "ssid": "",
    "bssid": "ap-b3f3a1d5217e",
    "security": "psk",
    "open": false,
    "frequency_mhz": null,
    "channel": null,
    "best_signal_dbm": -63,
    "best_signal_percent": 74,
    "seen": 47,
    "connected": false,
    "first_seen": "2026-09-22T19:14:09-03:00",
    "last_seen": "2026-09-22T19:34:13-03:00",
    "best_seen": "2026-09-22T19:31:57-03:00",
    "placed_by": "estimate",
    "spread_m": 54,
    "sightings": 47,
    "barely_pinned": true
   }
  },
  {
   "type": "Feature",
   "geometry": {
    "type": "Point",
    "coordinates": [
     -58.21999,
     -33.521344
    ]
   },
   "properties": {
    "kind": "network",
    "ssid": "",
    "bssid": "ap-d49c43c9102e",
    "security": "psk",
    "open": false,
    "frequency_mhz": 2427,
    "channel": 4,
    "best_signal_dbm": -52,
    "best_signal_percent": 96,
    "seen": 37,
    "connected": false,
    "first_seen": "2026-09-22T19:14:09-03:00",
    "last_seen": "2026-09-22T19:33:37-03:00",
    "best_seen": "2026-09-22T19:32:02-03:00",
    "placed_by": "estimate",
    "spread_m": 38,
    "sightings": 37,
    "barely_pinned": true
   }
  },
  {
   "type": "Feature",
   "geometry": {
    "type": "Point",
    "coordinates": [
     -58.220042,
     -33.521372
    ]
   },
   "properties": {
    "kind": "network",
    "ssid": "",
    "bssid": "ap-7b6b9c1d3f8b",
    "security": "psk",
    "open": false,
    "frequency_mhz": null,
    "channel": null,
    "best_signal_dbm": -57,
    "best_signal_percent": 86,
    "seen": 45,
    "connected": false,
    "first_seen": "2026-09-22T19:13:35-03:00",
    "last_seen": "2026-09-22T19:38:45-03:00",
    "best_seen": "2026-09-22T19:32:27-03:00",
    "placed_by": "estimate",
    "spread_m": 35,
    "sightings": 45,
    "barely_pinned": false
   }
  },
  {
   "type": "Feature",
   "geometry": {
    "type": "Point",
    "coordinates": [
     -58.219926,
     -33.521432
    ]
   },
   "properties": {
    "kind": "network",
    "ssid": "",
    "bssid": "ap-6fbd7e9e2c99",
    "security": "psk",
    "open": false,
    "frequency_mhz": null,
    "channel": null,
    "best_signal_dbm": -57,
    "best_signal_percent": 86,
    "seen": 56,
    "connected": false,
    "first_seen": "2026-09-22T19:14:02-03:00",
    "last_seen": "2026-09-22T19:38:18-03:00",
    "best_seen": "2026-09-22T19:32:27-03:00",
    "placed_by": "estimate",
    "spread_m": 38,
    "sightings": 56,
    "barely_pinned": false
   }
  },
  {
   "type": "Feature",
   "geometry": {
    "type": "Point",
    "coordinates": [
     -58.21982,
     -33.521443
    ]
   },
   "properties": {
    "kind": "network",
    "ssid": "",
    "bssid": "ap-0540d9e12945",
    "security": "psk",
    "open": false,
    "frequency_mhz": 2457,
    "channel": 10,
    "best_signal_dbm": -48,
    "best_signal_percent": 100,
    "seen": 42,
    "connected": false,
    "first_seen": "2026-09-22T19:14:02-03:00",
    "last_seen": "2026-09-22T19:33:32-03:00",
    "best_seen": "2026-09-22T19:32:27-03:00",
    "placed_by": "estimate",
    "spread_m": 37,
    "sightings": 42,
    "barely_pinned": false
   }
  },
  {
   "type": "Feature",
   "geometry": {
    "type": "Point",
    "coordinates": [
     -58.21971,
     -33.521838
    ]
   },
   "properties": {
    "kind": "network",
    "ssid": "",
    "bssid": "ap-b1bdfe29789d",
    "security": "psk",
    "open": false,
    "frequency_mhz": null,
    "channel": null,
    "best_signal_dbm": -80,
    "best_signal_percent": 40,
    "seen": 9,
    "connected": false,
    "first_seen": "2026-09-22T19:32:37-03:00",
    "last_seen": "2026-09-22T19:33:17-03:00",
    "best_seen": "2026-09-22T19:32:37-03:00",
    "placed_by": "estimate",
    "spread_m": 21,
    "sightings": 9,
    "barely_pinned": true
   }
  },
  {
   "type": "Feature",
   "geometry": {
    "type": "Point",
    "coordinates": [
     -58.219665,
     -33.521824
    ]
   },
   "properties": {
    "kind": "network",
    "ssid": "",
    "bssid": "ap-e334b05c885f",
    "security": "psk",
    "open": false,
    "frequency_mhz": null,
    "channel": null,
    "best_signal_dbm": -50,
    "best_signal_percent": 100,
    "seen": 38,
    "connected": false,
    "first_seen": "2026-09-22T19:14:09-03:00",
    "last_seen": "2026-09-22T19:33:52-03:00",
    "best_seen": "2026-09-22T19:32:47-03:00",
    "placed_by": "estimate",
    "spread_m": 39,
    "sightings": 38,
    "barely_pinned": false
   }
  },
  {
   "type": "Feature",
   "geometry": {
    "type": "Point",
    "coordinates": [
     -58.219603,
     -33.521946
    ]
   },
   "properties": {
    "kind": "network",
    "ssid": "",
    "bssid": "ap-555ff0a18c65",
    "security": "psk",
    "open": false,
    "frequency_mhz": 2422,
    "channel": 3,
    "best_signal_dbm": -50,
    "best_signal_percent": 100,
    "seen": 53,
    "connected": false,
    "first_seen": "2026-09-22T19:14:20-03:00",
    "last_seen": "2026-09-22T19:34:43-03:00",
    "best_seen": "2026-09-22T19:32:47-03:00",
    "placed_by": "estimate",
    "spread_m": 48,
    "sightings": 53,
    "barely_pinned": true
   }
  },
  {
   "type": "Feature",
   "geometry": {
    "type": "Point",
    "coordinates": [
     -58.219572,
     -33.522213
    ]
   },
   "properties": {
    "kind": "network",
    "ssid": "",
    "bssid": "ap-d7efcf3722f0",
    "security": "psk",
    "open": false,
    "frequency_mhz": null,
    "channel": null,
    "best_signal_dbm": -75,
    "best_signal_percent": 50,
    "seen": 25,
    "connected": false,
    "first_seen": "2026-09-22T19:17:25-03:00",
    "last_seen": "2026-09-22T19:34:02-03:00",
    "best_seen": "2026-09-22T19:33:07-03:00",
    "placed_by": "estimate",
    "spread_m": 23,
    "sightings": 25,
    "barely_pinned": true
   }
  },
  {
   "type": "Feature",
   "geometry": {
    "type": "Point",
    "coordinates": [
     -58.219539,
     -33.522284
    ]
   },
   "properties": {
    "kind": "network",
    "ssid": "",
    "bssid": "ap-5e4a1e014bf3",
    "security": "psk",
    "open": false,
    "frequency_mhz": null,
    "channel": null,
    "best_signal_dbm": -75,
    "best_signal_percent": 50,
    "seen": 26,
    "connected": false,
    "first_seen": "2026-09-22T19:17:37-03:00",
    "last_seen": "2026-09-22T19:34:07-03:00",
    "best_seen": "2026-09-22T19:33:12-03:00",
    "placed_by": "estimate",
    "spread_m": 29,
    "sightings": 26,
    "barely_pinned": true
   }
  },
  {
   "type": "Feature",
   "geometry": {
    "type": "Point",
    "coordinates": [
     -58.21932,
     -33.522401
    ]
   },
   "properties": {
    "kind": "network",
    "ssid": "",
    "bssid": "ap-f7621c46eac1",
    "security": "psk",
    "open": false,
    "frequency_mhz": null,
    "channel": null,
    "best_signal_dbm": -87,
    "best_signal_percent": 26,
    "seen": 6,
    "connected": false,
    "first_seen": "2026-09-22T19:33:27-03:00",
    "last_seen": "2026-09-22T19:33:52-03:00",
    "best_seen": "2026-09-22T19:33:27-03:00",
    "placed_by": "estimate",
    "spread_m": 12,
    "sightings": 6,
    "barely_pinned": true
   }
  },
  {
   "type": "Feature",
   "geometry": {
    "type": "Point",
    "coordinates": [
     -58.219626,
     -33.522193
    ]
   },
   "properties": {
    "kind": "network",
    "ssid": "",
    "bssid": "ap-66bc3048d558",
    "security": "psk",
    "open": false,
    "frequency_mhz": null,
    "channel": null,
    "best_signal_dbm": -66,
    "best_signal_percent": 68,
    "seen": 57,
    "connected": false,
    "first_seen": "2026-09-22T19:14:15-03:00",
    "last_seen": "2026-09-22T19:37:08-03:00",
    "best_seen": "2026-09-22T19:33:32-03:00",
    "placed_by": "estimate",
    "spread_m": 48,
    "sightings": 57,
    "barely_pinned": true
   }
  },
  {
   "type": "Feature",
   "geometry": {
    "type": "Point",
    "coordinates": [
     -58.219428,
     -33.522414
    ]
   },
   "properties": {
    "kind": "network",
    "ssid": "",
    "bssid": "ap-eb508a822f34",
    "security": "psk",
    "open": false,
    "frequency_mhz": 2442,
    "channel": 7,
    "best_signal_dbm": -50,
    "best_signal_percent": 100,
    "seen": 44,
    "connected": false,
    "first_seen": "2026-09-22T19:17:20-03:00",
    "last_seen": "2026-09-22T19:34:58-03:00",
    "best_seen": "2026-09-22T19:33:32-03:00",
    "placed_by": "estimate",
    "spread_m": 38,
    "sightings": 44,
    "barely_pinned": false
   }
  },
  {
   "type": "Feature",
   "geometry": {
    "type": "Point",
    "coordinates": [
     -58.219308,
     -33.52249
    ]
   },
   "properties": {
    "kind": "network",
    "ssid": "",
    "bssid": "ap-d552be7f975f",
    "security": "psk",
    "open": false,
    "frequency_mhz": 2417,
    "channel": 2,
    "best_signal_dbm": -54,
    "best_signal_percent": 92,
    "seen": 22,
    "connected": false,
    "first_seen": "2026-09-22T19:17:37-03:00",
    "last_seen": "2026-09-22T19:34:43-03:00",
    "best_seen": "2026-09-22T19:33:37-03:00",
    "placed_by": "estimate",
    "spread_m": 27,
    "sightings": 22,
    "barely_pinned": false
   }
  },
  {
   "type": "Feature",
   "geometry": {
    "type": "Point",
    "coordinates": [
     -58.219339,
     -33.522454
    ]
   },
   "properties": {
    "kind": "network",
    "ssid": "",
    "bssid": "ap-25c36a223ea3",
    "security": "psk",
    "open": false,
    "frequency_mhz": null,
    "channel": null,
    "best_signal_dbm": -57,
    "best_signal_percent": 86,
    "seen": 18,
    "connected": false,
    "first_seen": "2026-09-22T19:17:46-03:00",
    "last_seen": "2026-09-22T19:34:22-03:00",
    "best_seen": "2026-09-22T19:33:37-03:00",
    "placed_by": "estimate",
    "spread_m": 24,
    "sightings": 18,
    "barely_pinned": false
   }
  },
  {
   "type": "Feature",
   "geometry": {
    "type": "Point",
    "coordinates": [
     -58.219261,
     -33.522589
    ]
   },
   "properties": {
    "kind": "network",
    "ssid": "",
    "bssid": "ap-7b513f8ef944",
    "security": "psk",
    "open": false,
    "frequency_mhz": null,
    "channel": null,
    "best_signal_dbm": -55,
    "best_signal_percent": 90,
    "seen": 25,
    "connected": false,
    "first_seen": "2026-09-22T19:17:37-03:00",
    "last_seen": "2026-09-22T19:34:58-03:00",
    "best_seen": "2026-09-22T19:33:48-03:00",
    "placed_by": "estimate",
    "spread_m": 32,
    "sightings": 25,
    "barely_pinned": false
   }
  },
  {
   "type": "Feature",
   "geometry": {
    "type": "Point",
    "coordinates": [
     -58.219259,
     -33.522583
    ]
   },
   "properties": {
    "kind": "network",
    "ssid": "",
    "bssid": "ap-de403120e72a",
    "security": "psk",
    "open": false,
    "frequency_mhz": null,
    "channel": null,
    "best_signal_dbm": -55,
    "best_signal_percent": 90,
    "seen": 23,
    "connected": false,
    "first_seen": "2026-09-22T19:17:37-03:00",
    "last_seen": "2026-09-22T19:34:54-03:00",
    "best_seen": "2026-09-22T19:33:48-03:00",
    "placed_by": "estimate",
    "spread_m": 31,
    "sightings": 23,
    "barely_pinned": false
   }
  },
  {
   "type": "Feature",
   "geometry": {
    "type": "Point",
    "coordinates": [
     -58.219099,
     -33.522787
    ]
   },
   "properties": {
    "kind": "network",
    "ssid": "",
    "bssid": "ap-696d9d2bf9c7",
    "security": "psk",
    "open": false,
    "frequency_mhz": null,
    "channel": null,
    "best_signal_dbm": -76,
    "best_signal_percent": 48,
    "seen": 12,
    "connected": false,
    "first_seen": "2026-09-22T19:33:48-03:00",
    "last_seen": "2026-09-22T19:34:43-03:00",
    "best_seen": "2026-09-22T19:33:48-03:00",
    "placed_by": "estimate",
    "spread_m": 21,
    "sightings": 12,
    "barely_pinned": true
   }
  },
  {
   "type": "Feature",
   "geometry": {
    "type": "Point",
    "coordinates": [
     -58.219129,
     -33.522722
    ]
   },
   "properties": {
    "kind": "network",
    "ssid": "",
    "bssid": "ap-7a3681ddeed0",
    "security": "psk",
    "open": false,
    "frequency_mhz": 2427,
    "channel": 4,
    "best_signal_dbm": -63,
    "best_signal_percent": 74,
    "seen": 16,
    "connected": false,
    "first_seen": "2026-09-22T19:33:27-03:00",
    "last_seen": "2026-09-22T19:34:43-03:00",
    "best_seen": "2026-09-22T19:33:57-03:00",
    "placed_by": "estimate",
    "spread_m": 21,
    "sightings": 16,
    "barely_pinned": false
   }
  },
  {
   "type": "Feature",
   "geometry": {
    "type": "Point",
    "coordinates": [
     -58.219118,
     -33.522777
    ]
   },
   "properties": {
    "kind": "network",
    "ssid": "",
    "bssid": "ap-d814d6a227a5",
    "security": "psk",
    "open": false,
    "frequency_mhz": null,
    "channel": null,
    "best_signal_dbm": -68,
    "best_signal_percent": 64,
    "seen": 16,
    "connected": false,
    "first_seen": "2026-09-22T19:33:42-03:00",
    "last_seen": "2026-09-22T19:34:58-03:00",
    "best_seen": "2026-09-22T19:33:57-03:00",
    "placed_by": "estimate",
    "spread_m": 22,
    "sightings": 16,
    "barely_pinned": true
   }
  },
  {
   "type": "Feature",
   "geometry": {
    "type": "Point",
    "coordinates": [
     -58.2191,
     -33.522865
    ]
   },
   "properties": {
    "kind": "network",
    "ssid": "",
    "bssid": "ap-215e3c42c403",
    "security": "psk",
    "open": false,
    "frequency_mhz": 2457,
    "channel": 10,
    "best_signal_dbm": -54,
    "best_signal_percent": 92,
    "seen": 15,
    "connected": false,
    "first_seen": "2026-09-22T19:33:48-03:00",
    "last_seen": "2026-09-22T19:34:58-03:00",
    "best_seen": "2026-09-22T19:34:02-03:00",
    "placed_by": "estimate",
    "spread_m": 20,
    "sightings": 15,
    "barely_pinned": true
   }
  },
  {
   "type": "Feature",
   "geometry": {
    "type": "Point",
    "coordinates": [
     -58.219049,
     -33.522893
    ]
   },
   "properties": {
    "kind": "network",
    "ssid": "",
    "bssid": "ap-c9287aae54d4",
    "security": "psk",
    "open": false,
    "frequency_mhz": null,
    "channel": null,
    "best_signal_dbm": -58,
    "best_signal_percent": 84,
    "seen": 21,
    "connected": false,
    "first_seen": "2026-09-22T19:25:26-03:00",
    "last_seen": "2026-09-22T19:34:58-03:00",
    "best_seen": "2026-09-22T19:34:07-03:00",
    "placed_by": "estimate",
    "spread_m": 22,
    "sightings": 21,
    "barely_pinned": true
   }
  },
  {
   "type": "Feature",
   "geometry": {
    "type": "Point",
    "coordinates": [
     -58.219083,
     -33.52281
    ]
   },
   "properties": {
    "kind": "network",
    "ssid": "",
    "bssid": "ap-eeba74e9fb20",
    "security": "psk",
    "open": false,
    "frequency_mhz": null,
    "channel": null,
    "best_signal_dbm": -66,
    "best_signal_percent": 68,
    "seen": 13,
    "connected": false,
    "first_seen": "2026-09-22T19:33:57-03:00",
    "last_seen": "2026-09-22T19:34:58-03:00",
    "best_seen": "2026-09-22T19:34:07-03:00",
    "placed_by": "estimate",
    "spread_m": 14,
    "sightings": 13,
    "barely_pinned": true
   }
  },
  {
   "type": "Feature",
   "geometry": {
    "type": "Point",
    "coordinates": [
     -58.218982,
     -33.5229
    ]
   },
   "properties": {
    "kind": "network",
    "ssid": "",
    "bssid": "ap-8b7a893db9cd",
    "security": "psk",
    "open": false,
    "frequency_mhz": null,
    "channel": null,
    "best_signal_dbm": -72,
    "best_signal_percent": 56,
    "seen": 18,
    "connected": false,
    "first_seen": "2026-09-22T19:25:26-03:00",
    "last_seen": "2026-09-22T19:34:58-03:00",
    "best_seen": "2026-09-22T19:34:13-03:00",
    "placed_by": "estimate",
    "spread_m": 22,
    "sightings": 18,
    "barely_pinned": true
   }
  },
  {
   "type": "Feature",
   "geometry": {
    "type": "Point",
    "coordinates": [
     -58.218978,
     -33.522909
    ]
   },
   "properties": {
    "kind": "network",
    "ssid": "",
    "bssid": "ap-d0a7ea69808a",
    "security": "psk",
    "open": false,
    "frequency_mhz": null,
    "channel": null,
    "best_signal_dbm": -63,
    "best_signal_percent": 74,
    "seen": 17,
    "connected": false,
    "first_seen": "2026-09-22T19:25:31-03:00",
    "last_seen": "2026-09-22T19:34:58-03:00",
    "best_seen": "2026-09-22T19:34:13-03:00",
    "placed_by": "estimate",
    "spread_m": 21,
    "sightings": 17,
    "barely_pinned": true
   }
  },
  {
   "type": "Feature",
   "geometry": {
    "type": "Point",
    "coordinates": [
     -58.219081,
     -33.522909
    ]
   },
   "properties": {
    "kind": "network",
    "ssid": "",
    "bssid": "ap-447f4d7df485",
    "security": "psk",
    "open": false,
    "frequency_mhz": null,
    "channel": null,
    "best_signal_dbm": -72,
    "best_signal_percent": 56,
    "seen": 12,
    "connected": false,
    "first_seen": "2026-09-22T19:34:02-03:00",
    "last_seen": "2026-09-22T19:34:58-03:00",
    "best_seen": "2026-09-22T19:34:13-03:00",
    "placed_by": "estimate",
    "spread_m": 17,
    "sightings": 12,
    "barely_pinned": true
   }
  },
  {
   "type": "Feature",
   "geometry": {
    "type": "Point",
    "coordinates": [
     -58.21903,
     -33.522951
    ]
   },
   "properties": {
    "kind": "network",
    "ssid": "",
    "bssid": "ap-46c3ee359cab",
    "security": "psk",
    "open": false,
    "frequency_mhz": null,
    "channel": null,
    "best_signal_dbm": -91,
    "best_signal_percent": 18,
    "seen": 7,
    "connected": false,
    "first_seen": "2026-09-22T19:34:13-03:00",
    "last_seen": "2026-09-22T19:34:43-03:00",
    "best_seen": "2026-09-22T19:34:13-03:00",
    "placed_by": "estimate",
    "spread_m": 12,
    "sightings": 7,
    "barely_pinned": true
   }
  },
  {
   "type": "Feature",
   "geometry": {
    "type": "Point",
    "coordinates": [
     -58.21887,
     -33.522911
    ]
   },
   "properties": {
    "kind": "network",
    "ssid": "",
    "bssid": "ap-ef2df8c7c624",
    "security": "psk",
    "open": false,
    "frequency_mhz": null,
    "channel": null,
    "best_signal_dbm": -77,
    "best_signal_percent": 46,
    "seen": 16,
    "connected": false,
    "first_seen": "2026-09-22T19:25:31-03:00",
    "last_seen": "2026-09-22T19:34:58-03:00",
    "best_seen": "2026-09-22T19:34:17-03:00",
    "placed_by": "estimate",
    "spread_m": 26,
    "sightings": 16,
    "barely_pinned": true
   }
  },
  {
   "type": "Feature",
   "geometry": {
    "type": "Point",
    "coordinates": [
     -58.218944,
     -33.522952
    ]
   },
   "properties": {
    "kind": "network",
    "ssid": "",
    "bssid": "ap-59dc04ea5767",
    "security": "psk",
    "open": false,
    "frequency_mhz": 2442,
    "channel": 7,
    "best_signal_dbm": -69,
    "best_signal_percent": 62,
    "seen": 24,
    "connected": false,
    "first_seen": "2026-09-22T19:25:16-03:00",
    "last_seen": "2026-09-22T19:34:58-03:00",
    "best_seen": "2026-09-22T19:34:22-03:00",
    "placed_by": "estimate",
    "spread_m": 25,
    "sightings": 24,
    "barely_pinned": true
   }
  },
  {
   "type": "Feature",
   "geometry": {
    "type": "Point",
    "coordinates": [
     -58.219086,
     -33.523023
    ]
   },
   "properties": {
    "kind": "network",
    "ssid": "",
    "bssid": "ap-dc49df143d12",
    "security": "psk",
    "open": false,
    "frequency_mhz": null,
    "channel": null,
    "best_signal_dbm": -71,
    "best_signal_percent": 58,
    "seen": 9,
    "connected": false,
    "first_seen": "2026-09-22T19:34:17-03:00",
    "last_seen": "2026-09-22T19:34:58-03:00",
    "best_seen": "2026-09-22T19:34:22-03:00",
    "placed_by": "estimate",
    "spread_m": 12,
    "sightings": 9,
    "barely_pinned": true
   }
  },
  {
   "type": "Feature",
   "geometry": {
    "type": "Point",
    "coordinates": [
     -58.219103,
     -33.522978
    ]
   },
   "properties": {
    "kind": "network",
    "ssid": "",
    "bssid": "ap-f22bb8753d3f",
    "security": "psk",
    "open": false,
    "frequency_mhz": null,
    "channel": null,
    "best_signal_dbm": -80,
    "best_signal_percent": 40,
    "seen": 13,
    "connected": false,
    "first_seen": "2026-09-22T19:33:57-03:00",
    "last_seen": "2026-09-22T19:34:58-03:00",
    "best_seen": "2026-09-22T19:34:31-03:00",
    "placed_by": "estimate",
    "spread_m": 17,
    "sightings": 13,
    "barely_pinned": true
   }
  },
  {
   "type": "Feature",
   "geometry": {
    "type": "Point",
    "coordinates": [
     -58.219645,
     -33.523233
    ]
   },
   "properties": {
    "kind": "network",
    "ssid": "",
    "bssid": "ap-ca1e591c2558",
    "security": "psk",
    "open": false,
    "frequency_mhz": 2452,
    "channel": 9,
    "best_signal_dbm": -72,
    "best_signal_percent": 56,
    "seen": 39,
    "connected": false,
    "first_seen": "2026-09-22T19:24:31-03:00",
    "last_seen": "2026-09-22T19:44:57-03:00",
    "best_seen": "2026-09-22T19:34:33-03:00",
    "placed_by": "estimate",
    "spread_m": 97,
    "sightings": 39,
    "barely_pinned": true
   }
  },
  {
   "type": "Feature",
   "geometry": {
    "type": "Point",
    "coordinates": [
     -58.219087,
     -33.522995
    ]
   },
   "properties": {
    "kind": "network",
    "ssid": "",
    "bssid": "ap-de3f47c8ecb0",
    "security": "psk",
    "open": false,
    "frequency_mhz": 2452,
    "channel": 9,
    "best_signal_dbm": -71,
    "best_signal_percent": 58,
    "seen": 34,
    "connected": false,
    "first_seen": "2026-09-22T19:26:02-03:00",
    "last_seen": "2026-09-22T19:44:57-03:00",
    "best_seen": "2026-09-22T19:34:33-03:00",
    "placed_by": "estimate",
    "spread_m": 81,
    "sightings": 34,
    "barely_pinned": false
   }
  },
  {
   "type": "Feature",
   "geometry": {
    "type": "Point",
    "coordinates": [
     -58.218972,
     -33.522999
    ]
   },
   "properties": {
    "kind": "network",
    "ssid": "",
    "bssid": "ap-85a0052fdb7c",
    "security": "psk",
    "open": false,
    "frequency_mhz": null,
    "channel": null,
    "best_signal_dbm": -69,
    "best_signal_percent": 62,
    "seen": 32,
    "connected": false,
    "first_seen": "2026-09-22T19:25:01-03:00",
    "last_seen": "2026-09-22T19:35:28-03:00",
    "best_seen": "2026-09-22T19:34:38-03:00",
    "placed_by": "estimate",
    "spread_m": 34,
    "sightings": 32,
    "barely_pinned": true
   }
  },
  {
   "type": "Feature",
   "geometry": {
    "type": "Point",
    "coordinates": [
     -58.219054,
     -33.523041
    ]
   },
   "properties": {
    "kind": "network",
    "ssid": "",
    "bssid": "ap-e54c3593c03b",
    "security": "psk",
    "open": false,
    "frequency_mhz": null,
    "channel": null,
    "best_signal_dbm": -69,
    "best_signal_percent": 62,
    "seen": 20,
    "connected": false,
    "first_seen": "2026-09-22T19:25:06-03:00",
    "last_seen": "2026-09-22T19:35:23-03:00",
    "best_seen": "2026-09-22T19:34:38-03:00",
    "placed_by": "estimate",
    "spread_m": 25,
    "sightings": 20,
    "barely_pinned": true
   }
  },
  {
   "type": "Feature",
   "geometry": {
    "type": "Point",
    "coordinates": [
     -58.218818,
     -33.522928
    ]
   },
   "properties": {
    "kind": "network",
    "ssid": "",
    "bssid": "ap-c0127dba60bb",
    "security": "psk",
    "open": false,
    "frequency_mhz": null,
    "channel": null,
    "best_signal_dbm": -84,
    "best_signal_percent": 32,
    "seen": 20,
    "connected": false,
    "first_seen": "2026-09-22T19:25:16-03:00",
    "last_seen": "2026-09-22T19:35:02-03:00",
    "best_seen": "2026-09-22T19:34:38-03:00",
    "placed_by": "estimate",
    "spread_m": 37,
    "sightings": 20,
    "barely_pinned": true
   }
  },
  {
   "type": "Feature",
   "geometry": {
    "type": "Point",
    "coordinates": [
     -58.219045,
     -33.523036
    ]
   },
   "properties": {
    "kind": "network",
    "ssid": "",
    "bssid": "ap-174bb9df9e25",
    "security": "psk",
    "open": false,
    "frequency_mhz": null,
    "channel": null,
    "best_signal_dbm": -68,
    "best_signal_percent": 64,
    "seen": 21,
    "connected": false,
    "first_seen": "2026-09-22T19:25:12-03:00",
    "last_seen": "2026-09-22T19:35:23-03:00",
    "best_seen": "2026-09-22T19:34:43-03:00",
    "placed_by": "estimate",
    "spread_m": 22,
    "sightings": 21,
    "barely_pinned": false
   }
  },
  {
   "type": "Feature",
   "geometry": {
    "type": "Point",
    "coordinates": [
     -58.219066,
     -33.522968
    ]
   },
   "properties": {
    "kind": "network",
    "ssid": "",
    "bssid": "ap-b16b98c7e1ba",
    "security": "psk",
    "open": false,
    "frequency_mhz": 2452,
    "channel": 9,
    "best_signal_dbm": -74,
    "best_signal_percent": 52,
    "seen": 23,
    "connected": false,
    "first_seen": "2026-09-22T19:26:31-03:00",
    "last_seen": "2026-09-22T19:35:48-03:00",
    "best_seen": "2026-09-22T19:34:43-03:00",
    "placed_by": "estimate",
    "spread_m": 60,
    "sightings": 23,
    "barely_pinned": true
   }
  },
  {
   "type": "Feature",
   "geometry": {
    "type": "Point",
    "coordinates": [
     -58.219224,
     -33.523124
    ]
   },
   "properties": {
    "kind": "network",
    "ssid": "",
    "bssid": "ap-75caad3be232",
    "security": "psk",
    "open": false,
    "frequency_mhz": 2452,
    "channel": 9,
    "best_signal_dbm": -76,
    "best_signal_percent": 48,
    "seen": 20,
    "connected": false,
    "first_seen": "2026-09-22T19:26:02-03:00",
    "last_seen": "2026-09-22T19:44:03-03:00",
    "best_seen": "2026-09-22T19:34:48-03:00",
    "placed_by": "estimate",
    "spread_m": 97,
    "sightings": 20,
    "barely_pinned": true
   }
  },
  {
   "type": "Feature",
   "geometry": {
    "type": "Point",
    "coordinates": [
     -58.219756,
     -33.523363
    ]
   },
   "properties": {
    "kind": "network",
    "ssid": "",
    "bssid": "ap-424e0eebf531",
    "security": "psk",
    "open": false,
    "frequency_mhz": null,
    "channel": null,
    "best_signal_dbm": -90,
    "best_signal_percent": 20,
    "seen": 7,
    "connected": false,
    "first_seen": "2026-09-22T19:35:08-03:00",
    "last_seen": "2026-09-22T19:35:38-03:00",
    "best_seen": "2026-09-22T19:35:08-03:00",
    "placed_by": "estimate",
    "spread_m": 11,
    "sightings": 7,
    "barely_pinned": true
   }
  },
  {
   "type": "Feature",
   "geometry": {
    "type": "Point",
    "coordinates": [
     -58.219876,
     -33.523344
    ]
   },
   "properties": {
    "kind": "network",
    "ssid": "",
    "bssid": "ap-6ce028855198",
    "security": "psk",
    "open": false,
    "frequency_mhz": 2432,
    "channel": 5,
    "best_signal_dbm": -92,
    "best_signal_percent": 16,
    "seen": 7,
    "connected": false,
    "first_seen": "2026-09-22T19:35:19-03:00",
    "last_seen": "2026-09-22T19:35:48-03:00",
    "best_seen": "2026-09-22T19:35:19-03:00",
    "placed_by": "estimate",
    "spread_m": 11,
    "sightings": 7,
    "barely_pinned": true
   }
  },
  {
   "type": "Feature",
   "geometry": {
    "type": "Point",
    "coordinates": [
     -58.219752,
     -33.523309
    ]
   },
   "properties": {
    "kind": "network",
    "ssid": "",
    "bssid": "ap-7107a682031a",
    "security": "psk",
    "open": false,
    "frequency_mhz": null,
    "channel": null,
    "best_signal_dbm": -63,
    "best_signal_percent": 74,
    "seen": 32,
    "connected": false,
    "first_seen": "2026-09-22T19:23:56-03:00",
    "last_seen": "2026-09-22T19:36:12-03:00",
    "best_seen": "2026-09-22T19:35:23-03:00",
    "placed_by": "estimate",
    "spread_m": 23,
    "sightings": 32,
    "barely_pinned": false
   }
  },
  {
   "type": "Feature",
   "geometry": {
    "type": "Point",
    "coordinates": [
     -58.219798,
     -33.52332
    ]
   },
   "properties": {
    "kind": "network",
    "ssid": "",
    "bssid": "ap-7fc49e2cac29",
    "security": "psk",
    "open": false,
    "frequency_mhz": null,
    "channel": null,
    "best_signal_dbm": -63,
    "best_signal_percent": 74,
    "seen": 24,
    "connected": false,
    "first_seen": "2026-09-22T19:24:07-03:00",
    "last_seen": "2026-09-22T19:36:12-03:00",
    "best_seen": "2026-09-22T19:35:23-03:00",
    "placed_by": "estimate",
    "spread_m": 20,
    "sightings": 24,
    "barely_pinned": false
   }
  },
  {
   "type": "Feature",
   "geometry": {
    "type": "Point",
    "coordinates": [
     -58.219527,
     -33.523211
    ]
   },
   "properties": {
    "kind": "network",
    "ssid": "",
    "bssid": "ap-72d257132065",
    "security": "psk",
    "open": false,
    "frequency_mhz": 2442,
    "channel": 7,
    "best_signal_dbm": -68,
    "best_signal_percent": 64,
    "seen": 48,
    "connected": false,
    "first_seen": "2026-09-22T19:24:23-03:00",
    "last_seen": "2026-09-22T19:43:52-03:00",
    "best_seen": "2026-09-22T19:35:28-03:00",
    "placed_by": "estimate",
    "spread_m": 49,
    "sightings": 48,
    "barely_pinned": true
   }
  },
  {
   "type": "Feature",
   "geometry": {
    "type": "Point",
    "coordinates": [
     -58.220091,
     -33.523083
    ]
   },
   "properties": {
    "kind": "network",
    "ssid": "",
    "bssid": "ap-a146604020c2",
    "security": "psk",
    "open": false,
    "frequency_mhz": 2447,
    "channel": 8,
    "best_signal_dbm": -82,
    "best_signal_percent": 36,
    "seen": 15,
    "connected": false,
    "first_seen": "2026-09-22T19:35:28-03:00",
    "last_seen": "2026-09-22T19:36:37-03:00",
    "best_seen": "2026-09-22T19:35:28-03:00",
    "placed_by": "estimate",
    "spread_m": 27,
    "sightings": 15,
    "barely_pinned": true
   }
  },
  {
   "type": "Feature",
   "geometry": {
    "type": "Point",
    "coordinates": [
     -58.219554,
     -33.523221
    ]
   },
   "properties": {
    "kind": "network",
    "ssid": "",
    "bssid": "ap-a05b952ecd28",
    "security": "psk",
    "open": false,
    "frequency_mhz": null,
    "channel": null,
    "best_signal_dbm": -68,
    "best_signal_percent": 64,
    "seen": 40,
    "connected": false,
    "first_seen": "2026-09-22T19:23:51-03:00",
    "last_seen": "2026-09-22T19:36:17-03:00",
    "best_seen": "2026-09-22T19:35:33-03:00",
    "placed_by": "estimate",
    "spread_m": 37,
    "sightings": 40,
    "barely_pinned": true
   }
  },
  {
   "type": "Feature",
   "geometry": {
    "type": "Point",
    "coordinates": [
     -58.2201,
     -33.523071
    ]
   },
   "properties": {
    "kind": "network",
    "ssid": "",
    "bssid": "ap-6aedbce62d6b",
    "security": "psk",
    "open": false,
    "frequency_mhz": null,
    "channel": null,
    "best_signal_dbm": -87,
    "best_signal_percent": 26,
    "seen": 12,
    "connected": false,
    "first_seen": "2026-09-22T19:35:33-03:00",
    "last_seen": "2026-09-22T19:36:28-03:00",
    "best_seen": "2026-09-22T19:35:33-03:00",
    "placed_by": "estimate",
    "spread_m": 23,
    "sightings": 12,
    "barely_pinned": true
   }
  },
  {
   "type": "Feature",
   "geometry": {
    "type": "Point",
    "coordinates": [
     -58.220089,
     -33.522994
    ]
   },
   "properties": {
    "kind": "network",
    "ssid": "",
    "bssid": "ap-afa9f7de4df2",
    "security": "psk",
    "open": false,
    "frequency_mhz": null,
    "channel": null,
    "best_signal_dbm": -67,
    "best_signal_percent": 66,
    "seen": 20,
    "connected": false,
    "first_seen": "2026-09-22T19:24:23-03:00",
    "last_seen": "2026-09-22T19:36:48-03:00",
    "best_seen": "2026-09-22T19:35:58-03:00",
    "placed_by": "estimate",
    "spread_m": 34,
    "sightings": 20,
    "barely_pinned": true
   }
  },
  {
   "type": "Feature",
   "geometry": {
    "type": "Point",
    "coordinates": [
     -58.220063,
     -33.523011
    ]
   },
   "properties": {
    "kind": "network",
    "ssid": "",
    "bssid": "ap-d424e3e7efb5",
    "security": "psk",
    "open": false,
    "frequency_mhz": 2452,
    "channel": 9,
    "best_signal_dbm": -67,
    "best_signal_percent": 66,
    "seen": 25,
    "connected": false,
    "first_seen": "2026-09-22T19:24:23-03:00",
    "last_seen": "2026-09-22T19:36:53-03:00",
    "best_seen": "2026-09-22T19:35:58-03:00",
    "placed_by": "estimate",
    "spread_m": 38,
    "sightings": 25,
    "barely_pinned": true
   }
  },
  {
   "type": "Feature",
   "geometry": {
    "type": "Point",
    "coordinates": [
     -58.220317,
     -33.522753
    ]
   },
   "properties": {
    "kind": "network",
    "ssid": "",
    "bssid": "ap-2980b2896c8d",
    "security": "psk",
    "open": false,
    "frequency_mhz": null,
    "channel": null,
    "best_signal_dbm": -84,
    "best_signal_percent": 32,
    "seen": 11,
    "connected": false,
    "first_seen": "2026-09-22T19:36:03-03:00",
    "last_seen": "2026-09-22T19:36:53-03:00",
    "best_seen": "2026-09-22T19:36:03-03:00",
    "placed_by": "estimate",
    "spread_m": 22,
    "sightings": 11,
    "barely_pinned": true
   }
  },
  {
   "type": "Feature",
   "geometry": {
    "type": "Point",
    "coordinates": [
     -58.220348,
     -33.522655
    ]
   },
   "properties": {
    "kind": "network",
    "ssid": "",
    "bssid": "ap-1c2f267d316a",
    "security": "psk",
    "open": false,
    "frequency_mhz": 2412,
    "channel": 1,
    "best_signal_dbm": -68,
    "best_signal_percent": 64,
    "seen": 33,
    "connected": false,
    "first_seen": "2026-09-22T19:24:23-03:00",
    "last_seen": "2026-09-22T19:37:48-03:00",
    "best_seen": "2026-09-22T19:36:08-03:00",
    "placed_by": "estimate",
    "spread_m": 53,
    "sightings": 33,
    "barely_pinned": true
   }
  },
  {
   "type": "Feature",
   "geometry": {
    "type": "Point",
    "coordinates": [
     -58.220285,
     -33.5228
    ]
   },
   "properties": {
    "kind": "network",
    "ssid": "",
    "bssid": "ap-2c6ddea374f2",
    "security": "psk",
    "open": false,
    "frequency_mhz": null,
    "channel": null,
    "best_signal_dbm": -76,
    "best_signal_percent": 48,
    "seen": 13,
    "connected": false,
    "first_seen": "2026-09-22T19:35:53-03:00",
    "last_seen": "2026-09-22T19:36:53-03:00",
    "best_seen": "2026-09-22T19:36:08-03:00",
    "placed_by": "estimate",
    "spread_m": 23,
    "sightings": 13,
    "barely_pinned": true
   }
  },
  {
   "type": "Feature",
   "geometry": {
    "type": "Point",
    "coordinates": [
     -58.220318,
     -33.522752
    ]
   },
   "properties": {
    "kind": "network",
    "ssid": "",
    "bssid": "ap-d336dba52648",
    "security": "psk",
    "open": false,
    "frequency_mhz": null,
    "channel": null,
    "best_signal_dbm": -69,
    "best_signal_percent": 62,
    "seen": 10,
    "connected": false,
    "first_seen": "2026-09-22T19:36:08-03:00",
    "last_seen": "2026-09-22T19:36:53-03:00",
    "best_seen": "2026-09-22T19:36:08-03:00",
    "placed_by": "estimate",
    "spread_m": 19,
    "sightings": 10,
    "barely_pinned": true
   }
  },
  {
   "type": "Feature",
   "geometry": {
    "type": "Point",
    "coordinates": [
     -58.220303,
     -33.522772
    ]
   },
   "properties": {
    "kind": "network",
    "ssid": "",
    "bssid": "ap-a52625794c2f",
    "security": "psk",
    "open": false,
    "frequency_mhz": null,
    "channel": null,
    "best_signal_dbm": -69,
    "best_signal_percent": 62,
    "seen": 9,
    "connected": false,
    "first_seen": "2026-09-22T19:36:08-03:00",
    "last_seen": "2026-09-22T19:36:48-03:00",
    "best_seen": "2026-09-22T19:36:08-03:00",
    "placed_by": "estimate",
    "spread_m": 18,
    "sightings": 9,
    "barely_pinned": true
   }
  },
  {
   "type": "Feature",
   "geometry": {
    "type": "Point",
    "coordinates": [
     -58.220321,
     -33.522746
    ]
   },
   "properties": {
    "kind": "network",
    "ssid": "",
    "bssid": "ap-6f04c639746b",
    "security": "psk",
    "open": false,
    "frequency_mhz": 2422,
    "channel": 3,
    "best_signal_dbm": -84,
    "best_signal_percent": 32,
    "seen": 6,
    "connected": false,
    "first_seen": "2026-09-22T19:36:12-03:00",
    "last_seen": "2026-09-22T19:36:37-03:00",
    "best_seen": "2026-09-22T19:36:12-03:00",
    "placed_by": "estimate",
    "spread_m": 11,
    "sightings": 6,
    "barely_pinned": true
   }
  },
  {
   "type": "Feature",
   "geometry": {
    "type": "Point",
    "coordinates": [
     -58.220321,
     -33.522746
    ]
   },
   "properties": {
    "kind": "network",
    "ssid": "",
    "bssid": "ap-c7a21dc0f700",
    "security": "psk",
    "open": false,
    "frequency_mhz": 2427,
    "channel": 4,
    "best_signal_dbm": -96,
    "best_signal_percent": 8,
    "seen": 6,
    "connected": false,
    "first_seen": "2026-09-22T19:36:12-03:00",
    "last_seen": "2026-09-22T19:36:37-03:00",
    "best_seen": "2026-09-22T19:36:12-03:00",
    "placed_by": "estimate",
    "spread_m": 11,
    "sightings": 6,
    "barely_pinned": true
   }
  },
  {
   "type": "Feature",
   "geometry": {
    "type": "Point",
    "coordinates": [
     -58.220579,
     -33.522432
    ]
   },
   "properties": {
    "kind": "network",
    "ssid": "",
    "bssid": "ap-7ada55503c4c",
    "security": "psk",
    "open": false,
    "frequency_mhz": null,
    "channel": null,
    "best_signal_dbm": -61,
    "best_signal_percent": 78,
    "seen": 37,
    "connected": false,
    "first_seen": "2026-09-22T19:13:04-03:00",
    "last_seen": "2026-09-22T19:37:52-03:00",
    "best_seen": "2026-09-22T19:36:17-03:00",
    "placed_by": "estimate",
    "spread_m": 42,
    "sightings": 37,
    "barely_pinned": true
   }
  },
  {
   "type": "Feature",
   "geometry": {
    "type": "Point",
    "coordinates": [
     -58.220584,
     -33.522482
    ]
   },
   "properties": {
    "kind": "network",
    "ssid": "",
    "bssid": "ap-d0afe93fb065",
    "security": "psk",
    "open": false,
    "frequency_mhz": 2462,
    "channel": 11,
    "best_signal_dbm": -61,
    "best_signal_percent": 78,
    "seen": 42,
    "connected": false,
    "first_seen": "2026-09-22T19:18:41-03:00",
    "last_seen": "2026-09-22T19:38:38-03:00",
    "best_seen": "2026-09-22T19:36:17-03:00",
    "placed_by": "estimate",
    "spread_m": 43,
    "sightings": 42,
    "barely_pinned": false
   }
  },
  {
   "type": "Feature",
   "geometry": {
    "type": "Point",
    "coordinates": [
     -58.220493,
     -33.522642
    ]
   },
   "properties": {
    "kind": "network",
    "ssid": "",
    "bssid": "ap-b5e23c758440",
    "security": "psk",
    "open": false,
    "frequency_mhz": 2442,
    "channel": 7,
    "best_signal_dbm": -64,
    "best_signal_percent": 72,
    "seen": 17,
    "connected": false,
    "first_seen": "2026-09-22T19:18:56-03:00",
    "last_seen": "2026-09-22T19:37:03-03:00",
    "best_seen": "2026-09-22T19:36:17-03:00",
    "placed_by": "estimate",
    "spread_m": 24,
    "sightings": 17,
    "barely_pinned": true
   }
  },
  {
   "type": "Feature",
   "geometry": {
    "type": "Point",
    "coordinates": [
     -58.220608,
     -33.522453
    ]
   },
   "properties": {
    "kind": "network",
    "ssid": "",
    "bssid": "ap-61714936ef8e",
    "security": "psk",
    "open": false,
    "frequency_mhz": 2422,
    "channel": 3,
    "best_signal_dbm": -53,
    "best_signal_percent": 94,
    "seen": 34,
    "connected": false,
    "first_seen": "2026-09-22T19:19:00-03:00",
    "last_seen": "2026-09-22T19:39:06-03:00",
    "best_seen": "2026-09-22T19:36:23-03:00",
    "placed_by": "estimate",
    "spread_m": 48,
    "sightings": 34,
    "barely_pinned": false
   }
  },
  {
   "type": "Feature",
   "geometry": {
    "type": "Point",
    "coordinates": [
     -58.220341,
     -33.522717
    ]
   },
   "properties": {
    "kind": "network",
    "ssid": "",
    "bssid": "ap-7f4b8a2a5e13",
    "security": "psk",
    "open": false,
    "frequency_mhz": null,
    "channel": null,
    "best_signal_dbm": -78,
    "best_signal_percent": 44,
    "seen": 10,
    "connected": false,
    "first_seen": "2026-09-22T19:36:03-03:00",
    "last_seen": "2026-09-22T19:36:48-03:00",
    "best_seen": "2026-09-22T19:36:23-03:00",
    "placed_by": "estimate",
    "spread_m": 18,
    "sightings": 10,
    "barely_pinned": true
   }
  },
  {
   "type": "Feature",
   "geometry": {
    "type": "Point",
    "coordinates": [
     -58.220384,
     -33.522656
    ]
   },
   "properties": {
    "kind": "network",
    "ssid": "",
    "bssid": "ap-e031b103b546",
    "security": "psk",
    "open": false,
    "frequency_mhz": null,
    "channel": null,
    "best_signal_dbm": -58,
    "best_signal_percent": 84,
    "seen": 11,
    "connected": false,
    "first_seen": "2026-09-22T19:36:08-03:00",
    "last_seen": "2026-09-22T19:36:59-03:00",
    "best_seen": "2026-09-22T19:36:23-03:00",
    "placed_by": "estimate",
    "spread_m": 18,
    "sightings": 11,
    "barely_pinned": true
   }
  },
  {
   "type": "Feature",
   "geometry": {
    "type": "Point",
    "coordinates": [
     -58.220287,
     -33.522796
    ]
   },
   "properties": {
    "kind": "network",
    "ssid": "",
    "bssid": "ap-396a165f7270",
    "security": "psk",
    "open": false,
    "frequency_mhz": null,
    "channel": null,
    "best_signal_dbm": -78,
    "best_signal_percent": 44,
    "seen": 6,
    "connected": false,
    "first_seen": "2026-09-22T19:36:08-03:00",
    "last_seen": "2026-09-22T19:36:34-03:00",
    "best_seen": "2026-09-22T19:36:23-03:00",
    "placed_by": "estimate",
    "spread_m": 12,
    "sightings": 6,
    "barely_pinned": true
   }
  },
  {
   "type": "Feature",
   "geometry": {
    "type": "Point",
    "coordinates": [
     -58.220536,
     -33.522495
    ]
   },
   "properties": {
    "kind": "network",
    "ssid": "",
    "bssid": "ap-ff09be3106bd",
    "security": "psk",
    "open": false,
    "frequency_mhz": 2452,
    "channel": 9,
    "best_signal_dbm": -41,
    "best_signal_percent": 100,
    "seen": 54,
    "connected": false,
    "first_seen": "2026-09-22T19:13:04-03:00",
    "last_seen": "2026-09-22T19:38:23-03:00",
    "best_seen": "2026-09-22T19:36:28-03:00",
    "placed_by": "estimate",
    "spread_m": 41,
    "sightings": 54,
    "barely_pinned": false
   }
  },
  {
   "type": "Feature",
   "geometry": {
    "type": "Point",
    "coordinates": [
     -58.220596,
     -33.522454
    ]
   },
   "properties": {
    "kind": "network",
    "ssid": "",
    "bssid": "ap-254dc3477db2",
    "security": "psk",
    "open": false,
    "frequency_mhz": null,
    "channel": null,
    "best_signal_dbm": -41,
    "best_signal_percent": 100,
    "seen": 46,
    "connected": false,
    "first_seen": "2026-09-22T19:13:04-03:00",
    "last_seen": "2026-09-22T19:38:18-03:00",
    "best_seen": "2026-09-22T19:36:34-03:00",
    "placed_by": "estimate",
    "spread_m": 42,
    "sightings": 46,
    "barely_pinned": true
   }
  },
  {
   "type": "Feature",
   "geometry": {
    "type": "Point",
    "coordinates": [
     -58.220755,
     -33.522427
    ]
   },
   "properties": {
    "kind": "network",
    "ssid": "",
    "bssid": "ap-f925f2ecd85d",
    "security": "psk",
    "open": false,
    "frequency_mhz": null,
    "channel": null,
    "best_signal_dbm": -62,
    "best_signal_percent": 76,
    "seen": 45,
    "connected": false,
    "first_seen": "2026-09-22T19:13:04-03:00",
    "last_seen": "2026-09-22T19:37:57-03:00",
    "best_seen": "2026-09-22T19:36:53-03:00",
    "placed_by": "estimate",
    "spread_m": 47,
    "sightings": 45,
    "barely_pinned": true
   }
  },
  {
   "type": "Feature",
   "geometry": {
    "type": "Point",
    "coordinates": [
     -58.220633,
     -33.522351
    ]
   },
   "properties": {
    "kind": "network",
    "ssid": "",
    "bssid": "ap-10b4e3fe64ee",
    "security": "psk",
    "open": false,
    "frequency_mhz": 2447,
    "channel": 8,
    "best_signal_dbm": -61,
    "best_signal_percent": 78,
    "seen": 30,
    "connected": false,
    "first_seen": "2026-09-22T19:18:27-03:00",
    "last_seen": "2026-09-22T19:37:52-03:00",
    "best_seen": "2026-09-22T19:36:53-03:00",
    "placed_by": "estimate",
    "spread_m": 28,
    "sightings": 30,
    "barely_pinned": false
   }
  },
  {
   "type": "Feature",
   "geometry": {
    "type": "Point",
    "coordinates": [
     -58.220768,
     -33.522431
    ]
   },
   "properties": {
    "kind": "network",
    "ssid": "",
    "bssid": "ap-b90f68be8429",
    "security": "psk",
    "open": false,
    "frequency_mhz": null,
    "channel": null,
    "best_signal_dbm": -58,
    "best_signal_percent": 84,
    "seen": 25,
    "connected": false,
    "first_seen": "2026-09-22T19:18:56-03:00",
    "last_seen": "2026-09-22T19:37:43-03:00",
    "best_seen": "2026-09-22T19:36:59-03:00",
    "placed_by": "estimate",
    "spread_m": 37,
    "sightings": 25,
    "barely_pinned": true
   }
  },
  {
   "type": "Feature",
   "geometry": {
    "type": "Point",
    "coordinates": [
     -58.22082,
     -33.522251
    ]
   },
   "properties": {
    "kind": "network",
    "ssid": "",
    "bssid": "ap-8f11571b08de",
    "security": "psk",
    "open": false,
    "frequency_mhz": 2452,
    "channel": 9,
    "best_signal_dbm": -62,
    "best_signal_percent": 76,
    "seen": 25,
    "connected": false,
    "first_seen": "2026-09-22T19:19:19-03:00",
    "last_seen": "2026-09-22T19:38:38-03:00",
    "best_seen": "2026-09-22T19:36:59-03:00",
    "placed_by": "estimate",
    "spread_m": 41,
    "sightings": 25,
    "barely_pinned": false
   }
  },
  {
   "type": "Feature",
   "geometry": {
    "type": "Point",
    "coordinates": [
     -58.220816,
     -33.522058
    ]
   },
   "properties": {
    "kind": "network",
    "ssid": "",
    "bssid": "ap-57138e4d7b53",
    "security": "psk",
    "open": false,
    "frequency_mhz": null,
    "channel": null,
    "best_signal_dbm": -62,
    "best_signal_percent": 76,
    "seen": 36,
    "connected": false,
    "first_seen": "2026-09-22T19:13:04-03:00",
    "last_seen": "2026-09-22T19:38:23-03:00",
    "best_seen": "2026-09-22T19:37:08-03:00",
    "placed_by": "estimate",
    "spread_m": 38,
    "sightings": 36,
    "barely_pinned": true
   }
  },
  {
   "type": "Feature",
   "geometry": {
    "type": "Point",
    "coordinates": [
     -58.220739,
     -33.522267
    ]
   },
   "properties": {
    "kind": "network",
    "ssid": "",
    "bssid": "ap-4d2c199251a4",
    "security": "psk",
    "open": false,
    "frequency_mhz": null,
    "channel": null,
    "best_signal_dbm": -77,
    "best_signal_percent": 46,
    "seen": 20,
    "connected": false,
    "first_seen": "2026-09-22T19:18:52-03:00",
    "last_seen": "2026-09-22T19:37:52-03:00",
    "best_seen": "2026-09-22T19:37:13-03:00",
    "placed_by": "estimate",
    "spread_m": 33,
    "sightings": 20,
    "barely_pinned": true
   }
  },
  {
   "type": "Feature",
   "geometry": {
    "type": "Point",
    "coordinates": [
     -58.220893,
     -33.521927
    ]
   },
   "properties": {
    "kind": "network",
    "ssid": "",
    "bssid": "ap-b72475b9973e",
    "security": "psk",
    "open": false,
    "frequency_mhz": 2432,
    "channel": 5,
    "best_signal_dbm": -74,
    "best_signal_percent": 52,
    "seen": 11,
    "connected": false,
    "first_seen": "2026-09-22T19:37:08-03:00",
    "last_seen": "2026-09-22T19:37:57-03:00",
    "best_seen": "2026-09-22T19:37:13-03:00",
    "placed_by": "estimate",
    "spread_m": 18,
    "sightings": 11,
    "barely_pinned": true
   }
  },
  {
   "type": "Feature",
   "geometry": {
    "type": "Point",
    "coordinates": [
     -58.220918,
     -33.52195
    ]
   },
   "properties": {
    "kind": "network",
    "ssid": "",
    "bssid": "ap-b2df2690d7ac",
    "security": "psk",
    "open": false,
    "frequency_mhz": 2417,
    "channel": 2,
    "best_signal_dbm": -58,
    "best_signal_percent": 84,
    "seen": 44,
    "connected": false,
    "first_seen": "2026-09-22T19:13:04-03:00",
    "last_seen": "2026-09-22T19:39:16-03:00",
    "best_seen": "2026-09-22T19:37:18-03:00",
    "placed_by": "estimate",
    "spread_m": 45,
    "sightings": 44,
    "barely_pinned": true
   }
  },
  {
   "type": "Feature",
   "geometry": {
    "type": "Point",
    "coordinates": [
     -58.220885,
     -33.521938
    ]
   },
   "properties": {
    "kind": "network",
    "ssid": "",
    "bssid": "ap-6e9b1e3b6545",
    "security": "psk",
    "open": false,
    "frequency_mhz": 2447,
    "channel": 8,
    "best_signal_dbm": -74,
    "best_signal_percent": 52,
    "seen": 11,
    "connected": false,
    "first_seen": "2026-09-22T19:37:13-03:00",
    "last_seen": "2026-09-22T19:38:03-03:00",
    "best_seen": "2026-09-22T19:37:18-03:00",
    "placed_by": "estimate",
    "spread_m": 18,
    "sightings": 11,
    "barely_pinned": true
   }
  },
  {
   "type": "Feature",
   "geometry": {
    "type": "Point",
    "coordinates": [
     -58.220877,
     -33.521958
    ]
   },
   "properties": {
    "kind": "network",
    "ssid": "",
    "bssid": "ap-e347e4f62680",
    "security": "psk",
    "open": false,
    "frequency_mhz": null,
    "channel": null,
    "best_signal_dbm": -60,
    "best_signal_percent": 80,
    "seen": 28,
    "connected": false,
    "first_seen": "2026-09-22T19:13:04-03:00",
    "last_seen": "2026-09-22T19:38:18-03:00",
    "best_seen": "2026-09-22T19:37:24-03:00",
    "placed_by": "estimate",
    "spread_m": 29,
    "sightings": 28,
    "barely_pinned": false
   }
  },
  {
   "type": "Feature",
   "geometry": {
    "type": "Point",
    "coordinates": [
     -58.22095,
     -33.521769
    ]
   },
   "properties": {
    "kind": "network",
    "ssid": "",
    "bssid": "ap-5a43ebbec6af",
    "security": "psk",
    "open": false,
    "frequency_mhz": 2457,
    "channel": 10,
    "best_signal_dbm": -68,
    "best_signal_percent": 64,
    "seen": 20,
    "connected": false,
    "first_seen": "2026-09-22T19:13:14-03:00",
    "last_seen": "2026-09-22T19:38:28-03:00",
    "best_seen": "2026-09-22T19:37:24-03:00",
    "placed_by": "estimate",
    "spread_m": 24,
    "sightings": 20,
    "barely_pinned": true
   }
  },
  {
   "type": "Feature",
   "geometry": {
    "type": "Point",
    "coordinates": [
     -58.220916,
     -33.521894
    ]
   },
   "properties": {
    "kind": "network",
    "ssid": "",
    "bssid": "ap-40abc14dfe06",
    "security": "psk",
    "open": false,
    "frequency_mhz": 2417,
    "channel": 2,
    "best_signal_dbm": -77,
    "best_signal_percent": 46,
    "seen": 7,
    "connected": false,
    "first_seen": "2026-09-22T19:37:24-03:00",
    "last_seen": "2026-09-22T19:37:52-03:00",
    "best_seen": "2026-09-22T19:37:28-03:00",
    "placed_by": "estimate",
    "spread_m": 10,
    "sightings": 7,
    "barely_pinned": true
   }
  },
  {
   "type": "Feature",
   "geometry": {
    "type": "Point",
    "coordinates": [
     -58.220928,
     -33.521877
    ]
   },
   "properties": {
    "kind": "network",
    "ssid": "",
    "bssid": "ap-339d788b0239",
    "security": "psk",
    "open": false,
    "frequency_mhz": null,
    "channel": null,
    "best_signal_dbm": -82,
    "best_signal_percent": 36,
    "seen": 6,
    "connected": false,
    "first_seen": "2026-09-22T19:37:28-03:00",
    "last_seen": "2026-09-22T19:37:52-03:00",
    "best_seen": "2026-09-22T19:37:28-03:00",
    "placed_by": "estimate",
    "spread_m": 9,
    "sightings": 6,
    "barely_pinned": true
   }
  },
  {
   "type": "Feature",
   "geometry": {
    "type": "Point",
    "coordinates": [
     -58.220928,
     -33.521877
    ]
   },
   "properties": {
    "kind": "network",
    "ssid": "",
    "bssid": "ap-e611740f8bfb",
    "security": "psk",
    "open": false,
    "frequency_mhz": null,
    "channel": null,
    "best_signal_dbm": -83,
    "best_signal_percent": 34,
    "seen": 6,
    "connected": false,
    "first_seen": "2026-09-22T19:37:28-03:00",
    "last_seen": "2026-09-22T19:37:52-03:00",
    "best_seen": "2026-09-22T19:37:28-03:00",
    "placed_by": "estimate",
    "spread_m": 9,
    "sightings": 6,
    "barely_pinned": true
   }
  },
  {
   "type": "Feature",
   "geometry": {
    "type": "Point",
    "coordinates": [
     -58.220945,
     -33.521853
    ]
   },
   "properties": {
    "kind": "network",
    "ssid": "",
    "bssid": "ap-cbb6c02192ba",
    "security": "psk",
    "open": false,
    "frequency_mhz": null,
    "channel": null,
    "best_signal_dbm": -74,
    "best_signal_percent": 52,
    "seen": 8,
    "connected": false,
    "first_seen": "2026-09-22T19:37:24-03:00",
    "last_seen": "2026-09-22T19:37:57-03:00",
    "best_seen": "2026-09-22T19:37:33-03:00",
    "placed_by": "estimate",
    "spread_m": 12,
    "sightings": 8,
    "barely_pinned": true
   }
  },
  {
   "type": "Feature",
   "geometry": {
    "type": "Point",
    "coordinates": [
     -58.220993,
     -33.521784
    ]
   },
   "properties": {
    "kind": "network",
    "ssid": "",
    "bssid": "ap-64e2ddfd590f",
    "security": "psk",
    "open": false,
    "frequency_mhz": 2427,
    "channel": 4,
    "best_signal_dbm": -78,
    "best_signal_percent": 44,
    "seen": 7,
    "connected": false,
    "first_seen": "2026-09-22T19:37:33-03:00",
    "last_seen": "2026-09-22T19:38:03-03:00",
    "best_seen": "2026-09-22T19:37:33-03:00",
    "placed_by": "estimate",
    "spread_m": 13,
    "sightings": 7,
    "barely_pinned": true
   }
  },
  {
   "type": "Feature",
   "geometry": {
    "type": "Point",
    "coordinates": [
     -58.220954,
     -33.52171
    ]
   },
   "properties": {
    "kind": "network",
    "ssid": "",
    "bssid": "ap-cb108f6acc12",
    "security": "psk",
    "open": false,
    "frequency_mhz": null,
    "channel": null,
    "best_signal_dbm": -54,
    "best_signal_percent": 92,
    "seen": 25,
    "connected": false,
    "first_seen": "2026-09-22T19:13:04-03:00",
    "last_seen": "2026-09-22T19:38:38-03:00",
    "best_seen": "2026-09-22T19:37:37-03:00",
    "placed_by": "estimate",
    "spread_m": 25,
    "sightings": 25,
    "barely_pinned": true
   }
  },
  {
   "type": "Feature",
   "geometry": {
    "type": "Point",
    "coordinates": [
     -58.220903,
     -33.521745
    ]
   },
   "properties": {
    "kind": "network",
    "ssid": "",
    "bssid": "ap-8e384af669c4",
    "security": "psk",
    "open": false,
    "frequency_mhz": null,
    "channel": null,
    "best_signal_dbm": -56,
    "best_signal_percent": 88,
    "seen": 21,
    "connected": false,
    "first_seen": "2026-09-22T19:13:04-03:00",
    "last_seen": "2026-09-22T19:38:28-03:00",
    "best_seen": "2026-09-22T19:37:37-03:00",
    "placed_by": "estimate",
    "spread_m": 20,
    "sightings": 21,
    "barely_pinned": true
   }
  },
  {
   "type": "Feature",
   "geometry": {
    "type": "Point",
    "coordinates": [
     -58.220778,
     -33.521559
    ]
   },
   "properties": {
    "kind": "network",
    "ssid": "",
    "bssid": "ap-7e41ebdfb34d",
    "security": "psk",
    "open": false,
    "frequency_mhz": null,
    "channel": null,
    "best_signal_dbm": -59,
    "best_signal_percent": 82,
    "seen": 56,
    "connected": false,
    "first_seen": "2026-09-22T19:12:39-03:00",
    "last_seen": "2026-09-22T19:39:06-03:00",
    "best_seen": "2026-09-22T19:38:03-03:00",
    "placed_by": "estimate",
    "spread_m": 49,
    "sightings": 56,
    "barely_pinned": true
   }
  },
  {
   "type": "Feature",
   "geometry": {
    "type": "Point",
    "coordinates": [
     -58.220705,
     -33.521511
    ]
   },
   "properties": {
    "kind": "network",
    "ssid": "",
    "bssid": "ap-308bfe5d48c0",
    "security": "psk",
    "open": false,
    "frequency_mhz": null,
    "channel": null,
    "best_signal_dbm": -59,
    "best_signal_percent": 82,
    "seen": 40,
    "connected": false,
    "first_seen": "2026-09-22T19:13:10-03:00",
    "last_seen": "2026-09-22T19:38:48-03:00",
    "best_seen": "2026-09-22T19:38:03-03:00",
    "placed_by": "estimate",
    "spread_m": 47,
    "sightings": 40,
    "barely_pinned": true
   }
  },
  {
   "type": "Feature",
   "geometry": {
    "type": "Point",
    "coordinates": [
     -58.220918,
     -33.521421
    ]
   },
   "properties": {
    "kind": "network",
    "ssid": "",
    "bssid": "ap-015a1207f327",
    "security": "psk",
    "open": false,
    "frequency_mhz": 2447,
    "channel": 8,
    "best_signal_dbm": -62,
    "best_signal_percent": 76,
    "seen": 26,
    "connected": false,
    "first_seen": "2026-09-22T19:13:10-03:00",
    "last_seen": "2026-09-22T19:38:48-03:00",
    "best_seen": "2026-09-22T19:38:08-03:00",
    "placed_by": "estimate",
    "spread_m": 46,
    "sightings": 26,
    "barely_pinned": true
   }
  },
  {
   "type": "Feature",
   "geometry": {
    "type": "Point",
    "coordinates": [
     -58.22103,
     -33.521384
    ]
   },
   "properties": {
    "kind": "network",
    "ssid": "",
    "bssid": "ap-847da14fe346",
    "security": "psk",
    "open": false,
    "frequency_mhz": null,
    "channel": null,
    "best_signal_dbm": -62,
    "best_signal_percent": 76,
    "seen": 26,
    "connected": false,
    "first_seen": "2026-09-22T19:13:48-03:00",
    "last_seen": "2026-09-22T19:39:31-03:00",
    "best_seen": "2026-09-22T19:38:08-03:00",
    "placed_by": "estimate",
    "spread_m": 45,
    "sightings": 26,
    "barely_pinned": true
   }
  },
  {
   "type": "Feature",
   "geometry": {
    "type": "Point",
    "coordinates": [
     -58.220926,
     -33.521464
    ]
   },
   "properties": {
    "kind": "network",
    "ssid": "",
    "bssid": "ap-eb416a431194",
    "security": "psk",
    "open": false,
    "frequency_mhz": null,
    "channel": null,
    "best_signal_dbm": -62,
    "best_signal_percent": 76,
    "seen": 37,
    "connected": false,
    "first_seen": "2026-09-22T19:12:55-03:00",
    "last_seen": "2026-09-22T19:39:06-03:00",
    "best_seen": "2026-09-22T19:38:14-03:00",
    "placed_by": "estimate",
    "spread_m": 47,
    "sightings": 37,
    "barely_pinned": true
   }
  },
  {
   "type": "Feature",
   "geometry": {
    "type": "Point",
    "coordinates": [
     -58.220878,
     -33.521464
    ]
   },
   "properties": {
    "kind": "network",
    "ssid": "",
    "bssid": "ap-091b977d7f1b",
    "security": "psk",
    "open": false,
    "frequency_mhz": null,
    "channel": null,
    "best_signal_dbm": -62,
    "best_signal_percent": 76,
    "seen": 28,
    "connected": false,
    "first_seen": "2026-09-22T19:13:19-03:00",
    "last_seen": "2026-09-22T19:38:48-03:00",
    "best_seen": "2026-09-22T19:38:14-03:00",
    "placed_by": "estimate",
    "spread_m": 44,
    "sightings": 28,
    "barely_pinned": true
   }
  },
  {
   "type": "Feature",
   "geometry": {
    "type": "Point",
    "coordinates": [
     -58.221432,
     -33.521249
    ]
   },
   "properties": {
    "kind": "network",
    "ssid": "",
    "bssid": "ap-f18ef4558b1e",
    "security": "psk",
    "open": false,
    "frequency_mhz": null,
    "channel": null,
    "best_signal_dbm": -74,
    "best_signal_percent": 52,
    "seen": 14,
    "connected": false,
    "first_seen": "2026-09-22T19:38:14-03:00",
    "last_seen": "2026-09-22T19:39:21-03:00",
    "best_seen": "2026-09-22T19:38:23-03:00",
    "placed_by": "estimate",
    "spread_m": 20,
    "sightings": 14,
    "barely_pinned": true
   }
  },
  {
   "type": "Feature",
   "geometry": {
    "type": "Point",
    "coordinates": [
     -58.221668,
     -33.521208
    ]
   },
   "properties": {
    "kind": "network",
    "ssid": "",
    "bssid": "ap-c8c46de6fd2e",
    "security": "psk",
    "open": false,
    "frequency_mhz": 2452,
    "channel": 9,
    "best_signal_dbm": -70,
    "best_signal_percent": 60,
    "seen": 22,
    "connected": false,
    "first_seen": "2026-09-22T19:07:15-03:00",
    "last_seen": "2026-09-22T19:39:43-03:00",
    "best_seen": "2026-09-22T19:38:28-03:00",
    "placed_by": "estimate",
    "spread_m": 25,
    "sightings": 22,
    "barely_pinned": true
   }
  },
  {
   "type": "Feature",
   "geometry": {
    "type": "Point",
    "coordinates": [
     -58.221172,
     -33.521393
    ]
   },
   "properties": {
    "kind": "network",
    "ssid": "",
    "bssid": "ap-1f25438d9432",
    "security": "psk",
    "open": false,
    "frequency_mhz": 2432,
    "channel": 5,
    "best_signal_dbm": -71,
    "best_signal_percent": 58,
    "seen": 29,
    "connected": false,
    "first_seen": "2026-09-22T19:13:04-03:00",
    "last_seen": "2026-09-22T19:39:28-03:00",
    "best_seen": "2026-09-22T19:38:28-03:00",
    "placed_by": "estimate",
    "spread_m": 42,
    "sightings": 29,
    "barely_pinned": true
   }
  },
  {
   "type": "Feature",
   "geometry": {
    "type": "Point",
    "coordinates": [
     -58.220989,
     -33.521269
    ]
   },
   "properties": {
    "kind": "network",
    "ssid": "",
    "bssid": "ap-265f7fae6a1d",
    "security": "psk",
    "open": false,
    "frequency_mhz": null,
    "channel": null,
    "best_signal_dbm": -70,
    "best_signal_percent": 60,
    "seen": 15,
    "connected": false,
    "first_seen": "2026-09-22T19:13:48-03:00",
    "last_seen": "2026-09-22T19:39:06-03:00",
    "best_seen": "2026-09-22T19:38:28-03:00",
    "placed_by": "estimate",
    "spread_m": 56,
    "sightings": 15,
    "barely_pinned": true
   }
  },
  {
   "type": "Feature",
   "geometry": {
    "type": "Point",
    "coordinates": [
     -58.221405,
     -33.521216
    ]
   },
   "properties": {
    "kind": "network",
    "ssid": "",
    "bssid": "ap-311bfbd38efa",
    "security": "psk",
    "open": false,
    "frequency_mhz": null,
    "channel": null,
    "best_signal_dbm": -55,
    "best_signal_percent": 90,
    "seen": 7,
    "connected": false,
    "first_seen": "2026-09-22T19:38:28-03:00",
    "last_seen": "2026-09-22T19:39:01-03:00",
    "best_seen": "2026-09-22T19:38:28-03:00",
    "placed_by": "estimate",
    "spread_m": 11,
    "sightings": 7,
    "barely_pinned": true
   }
  },
  {
   "type": "Feature",
   "geometry": {
    "type": "Point",
    "coordinates": [
     -58.221451,
     -33.521177
    ]
   },
   "properties": {
    "kind": "network",
    "ssid": "",
    "bssid": "ap-6aa9f255fed9",
    "security": "psk",
    "open": false,
    "frequency_mhz": 5180,
    "channel": 36,
    "best_signal_dbm": -76,
    "best_signal_percent": 48,
    "seen": 7,
    "connected": false,
    "first_seen": "2026-09-22T19:38:28-03:00",
    "last_seen": "2026-09-22T19:39:01-03:00",
    "best_seen": "2026-09-22T19:38:28-03:00",
    "placed_by": "estimate",
    "spread_m": 13,
    "sightings": 7,
    "barely_pinned": true
   }
  },
  {
   "type": "Feature",
   "geometry": {
    "type": "Point",
    "coordinates": [
     -58.221614,
     -33.52114
    ]
   },
   "properties": {
    "kind": "network",
    "ssid": "",
    "bssid": "ap-50866cc3e6b9",
    "security": "psk",
    "open": false,
    "frequency_mhz": null,
    "channel": null,
    "best_signal_dbm": -71,
    "best_signal_percent": 58,
    "seen": 29,
    "connected": false,
    "first_seen": "2026-09-22T19:06:29-03:00",
    "last_seen": "2026-09-22T19:39:31-03:00",
    "best_seen": "2026-09-22T19:38:33-03:00",
    "placed_by": "estimate",
    "spread_m": 18,
    "sightings": 29,
    "barely_pinned": true
   }
  },
  {
   "type": "Feature",
   "geometry": {
    "type": "Point",
    "coordinates": [
     -58.221207,
     -33.521294
    ]
   },
   "properties": {
    "kind": "network",
    "ssid": "",
    "bssid": "ap-1ae548a3edf4",
    "security": "psk",
    "open": false,
    "frequency_mhz": null,
    "channel": null,
    "best_signal_dbm": -71,
    "best_signal_percent": 58,
    "seen": 50,
    "connected": false,
    "first_seen": "2026-09-22T19:06:29-03:00",
    "last_seen": "2026-09-22T19:39:43-03:00",
    "best_seen": "2026-09-22T19:38:33-03:00",
    "placed_by": "estimate",
    "spread_m": 60,
    "sightings": 50,
    "barely_pinned": true
   }
  },
  {
   "type": "Feature",
   "geometry": {
    "type": "Point",
    "coordinates": [
     -58.221477,
     -33.521188
    ]
   },
   "properties": {
    "kind": "network",
    "ssid": "",
    "bssid": "ap-39b1d76775b5",
    "security": "psk",
    "open": false,
    "frequency_mhz": null,
    "channel": null,
    "best_signal_dbm": -66,
    "best_signal_percent": 68,
    "seen": 30,
    "connected": false,
    "first_seen": "2026-09-22T19:06:44-03:00",
    "last_seen": "2026-09-22T19:39:43-03:00",
    "best_seen": "2026-09-22T19:38:33-03:00",
    "placed_by": "estimate",
    "spread_m": 29,
    "sightings": 30,
    "barely_pinned": false
   }
  },
  {
   "type": "Feature",
   "geometry": {
    "type": "Point",
    "coordinates": [
     -58.221351,
     -33.521191
    ]
   },
   "properties": {
    "kind": "network",
    "ssid": "",
    "bssid": "ap-f66c326fa5d6",
    "security": "psk",
    "open": false,
    "frequency_mhz": null,
    "channel": null,
    "best_signal_dbm": -71,
    "best_signal_percent": 58,
    "seen": 26,
    "connected": false,
    "first_seen": "2026-09-22T19:06:50-03:00",
    "last_seen": "2026-09-22T19:39:28-03:00",
    "best_seen": "2026-09-22T19:38:33-03:00",
    "placed_by": "estimate",
    "spread_m": 38,
    "sightings": 26,
    "barely_pinned": false
   }
  },
  {
   "type": "Feature",
   "geometry": {
    "type": "Point",
    "coordinates": [
     -58.221275,
     -33.521225
    ]
   },
   "properties": {
    "kind": "network",
    "ssid": "",
    "bssid": "ap-ceefd15bfa42",
    "security": "psk",
    "open": false,
    "frequency_mhz": null,
    "channel": null,
    "best_signal_dbm": -71,
    "best_signal_percent": 58,
    "seen": 20,
    "connected": false,
    "first_seen": "2026-09-22T19:13:39-03:00",
    "last_seen": "2026-09-22T19:39:21-03:00",
    "best_seen": "2026-09-22T19:38:33-03:00",
    "placed_by": "estimate",
    "spread_m": 42,
    "sightings": 20,
    "barely_pinned": false
   }
  },
  {
   "type": "Feature",
   "geometry": {
    "type": "Point",
    "coordinates": [
     -58.221004,
     -33.521261
    ]
   },
   "properties": {
    "kind": "network",
    "ssid": "",
    "bssid": "ap-c350c20a1ea4",
    "security": "psk",
    "open": false,
    "frequency_mhz": null,
    "channel": null,
    "best_signal_dbm": -77,
    "best_signal_percent": 46,
    "seen": 12,
    "connected": false,
    "first_seen": "2026-09-22T19:13:48-03:00",
    "last_seen": "2026-09-22T19:39:01-03:00",
    "best_seen": "2026-09-22T19:38:33-03:00",
    "placed_by": "estimate",
    "spread_m": 56,
    "sightings": 12,
    "barely_pinned": true
   }
  },
  {
   "type": "Feature",
   "geometry": {
    "type": "Point",
    "coordinates": [
     -58.22147,
     -33.521189
    ]
   },
   "properties": {
    "kind": "network",
    "ssid": "",
    "bssid": "ap-ca21937f7cfc",
    "security": "psk",
    "open": false,
    "frequency_mhz": null,
    "channel": null,
    "best_signal_dbm": -66,
    "best_signal_percent": 68,
    "seen": 12,
    "connected": false,
    "first_seen": "2026-09-22T19:38:23-03:00",
    "last_seen": "2026-09-22T19:39:21-03:00",
    "best_seen": "2026-09-22T19:38:33-03:00",
    "placed_by": "estimate",
    "spread_m": 15,
    "sightings": 12,
    "barely_pinned": true
   }
  },
  {
   "type": "Feature",
   "geometry": {
    "type": "Point",
    "coordinates": [
     -58.221554,
     -33.521153
    ]
   },
   "properties": {
    "kind": "network",
    "ssid": "",
    "bssid": "ap-c39f90c51efd",
    "security": "psk",
    "open": false,
    "frequency_mhz": null,
    "channel": null,
    "best_signal_dbm": -77,
    "best_signal_percent": 46,
    "seen": 9,
    "connected": false,
    "first_seen": "2026-09-22T19:38:33-03:00",
    "last_seen": "2026-09-22T19:39:16-03:00",
    "best_seen": "2026-09-22T19:38:33-03:00",
    "placed_by": "estimate",
    "spread_m": 16,
    "sightings": 9,
    "barely_pinned": true
   }
  },
  {
   "type": "Feature",
   "geometry": {
    "type": "Point",
    "coordinates": [
     -58.221327,
     -33.521227
    ]
   },
   "properties": {
    "kind": "network",
    "ssid": "",
    "bssid": "ap-d16797f444ec",
    "security": "psk",
    "open": false,
    "frequency_mhz": 2452,
    "channel": 9,
    "best_signal_dbm": -71,
    "best_signal_percent": 58,
    "seen": 30,
    "connected": false,
    "first_seen": "2026-09-22T19:06:50-03:00",
    "last_seen": "2026-09-22T19:39:16-03:00",
    "best_seen": "2026-09-22T19:38:38-03:00",
    "placed_by": "estimate",
    "spread_m": 39,
    "sightings": 30,
    "barely_pinned": false
   }
  },
  {
   "type": "Feature",
   "geometry": {
    "type": "Point",
    "coordinates": [
     -58.221734,
     -33.52118
    ]
   },
   "properties": {
    "kind": "network",
    "ssid": "",
    "bssid": "ap-163cff6e39ea",
    "security": "psk",
    "open": false,
    "frequency_mhz": 2427,
    "channel": 4,
    "best_signal_dbm": -50,
    "best_signal_percent": 100,
    "seen": 45,
    "connected": false,
    "first_seen": "2026-09-22T19:06:25-03:00",
    "last_seen": "2026-09-22T19:40:24-03:00",
    "best_seen": "2026-09-22T19:38:48-03:00",
    "placed_by": "estimate",
    "spread_m": 29,
    "sightings": 45,
    "barely_pinned": false
   }
  },
  {
   "type": "Feature",
   "geometry": {
    "type": "Point",
    "coordinates": [
     -58.221678,
     -33.521118
    ]
   },
   "properties": {
    "kind": "network",
    "ssid": "",
    "bssid": "ap-7667376da27e",
    "security": "psk",
    "open": false,
    "frequency_mhz": null,
    "channel": null,
    "best_signal_dbm": -52,
    "best_signal_percent": 96,
    "seen": 29,
    "connected": false,
    "first_seen": "2026-09-22T19:06:29-03:00",
    "last_seen": "2026-09-22T19:39:46-03:00",
    "best_seen": "2026-09-22T19:38:48-03:00",
    "placed_by": "estimate",
    "spread_m": 21,
    "sightings": 29,
    "barely_pinned": true
   }
  },
  {
   "type": "Feature",
   "geometry": {
    "type": "Point",
    "coordinates": [
     -58.22173,
     -33.521157
    ]
   },
   "properties": {
    "kind": "network",
    "ssid": "",
    "bssid": "ap-5dc80f103ee7",
    "security": "psk",
    "open": false,
    "frequency_mhz": null,
    "channel": null,
    "best_signal_dbm": -52,
    "best_signal_percent": 96,
    "seen": 31,
    "connected": false,
    "first_seen": "2026-09-22T19:06:44-03:00",
    "last_seen": "2026-09-22T19:40:08-03:00",
    "best_seen": "2026-09-22T19:38:48-03:00",
    "placed_by": "estimate",
    "spread_m": 24,
    "sightings": 31,
    "barely_pinned": true
   }
  },
  {
   "type": "Feature",
   "geometry": {
    "type": "Point",
    "coordinates": [
     -58.221711,
     -33.521125
    ]
   },
   "properties": {
    "kind": "network",
    "ssid": "",
    "bssid": "ap-9fa2da18bd8e",
    "security": "psk",
    "open": false,
    "frequency_mhz": null,
    "channel": null,
    "best_signal_dbm": -85,
    "best_signal_percent": 30,
    "seen": 12,
    "connected": false,
    "first_seen": "2026-09-22T19:06:54-03:00",
    "last_seen": "2026-09-22T19:39:21-03:00",
    "best_seen": "2026-09-22T19:39:00-03:00",
    "placed_by": "estimate",
    "spread_m": 9,
    "sightings": 12,
    "barely_pinned": true
   }
  },
  {
   "type": "Feature",
   "geometry": {
    "type": "Point",
    "coordinates": [
     -58.221632,
     -33.521178
    ]
   },
   "properties": {
    "kind": "network",
    "ssid": "",
    "bssid": "ap-f01c0546f394",
    "security": "psk",
    "open": false,
    "frequency_mhz": 2452,
    "channel": 9,
    "best_signal_dbm": -86,
    "best_signal_percent": 28,
    "seen": 13,
    "connected": false,
    "first_seen": "2026-09-22T19:38:23-03:00",
    "last_seen": "2026-09-22T19:39:28-03:00",
    "best_seen": "2026-09-22T19:39:00-03:00",
    "placed_by": "estimate",
    "spread_m": 20,
    "sightings": 13,
    "barely_pinned": true
   }
  },
  {
   "type": "Feature",
   "geometry": {
    "type": "Point",
    "coordinates": [
     -58.221768,
     -33.521153
    ]
   },
   "properties": {
    "kind": "network",
    "ssid": "",
    "bssid": "ap-4e3b1d534956",
    "security": "psk",
    "open": false,
    "frequency_mhz": 2442,
    "channel": 7,
    "best_signal_dbm": -89,
    "best_signal_percent": 22,
    "seen": 7,
    "connected": false,
    "first_seen": "2026-09-22T19:39:00-03:00",
    "last_seen": "2026-09-22T19:39:28-03:00",
    "best_seen": "2026-09-22T19:39:00-03:00",
    "placed_by": "estimate",
    "spread_m": 11,
    "sightings": 7,
    "barely_pinned": true
   }
  },
  {
   "type": "Feature",
   "geometry": {
    "type": "Point",
    "coordinates": [
     -58.221768,
     -33.521153
    ]
   },
   "properties": {
    "kind": "network",
    "ssid": "",
    "bssid": "ap-8faf577d3f5d",
    "security": "psk",
    "open": false,
    "frequency_mhz": 5765,
    "channel": 153,
    "best_signal_dbm": -90,
    "best_signal_percent": 20,
    "seen": 7,
    "connected": false,
    "first_seen": "2026-09-22T19:39:00-03:00",
    "last_seen": "2026-09-22T19:39:28-03:00",
    "best_seen": "2026-09-22T19:39:00-03:00",
    "placed_by": "estimate",
    "spread_m": 11,
    "sightings": 7,
    "barely_pinned": true
   }
  },
  {
   "type": "Feature",
   "geometry": {
    "type": "Point",
    "coordinates": [
     -58.221768,
     -33.521153
    ]
   },
   "properties": {
    "kind": "network",
    "ssid": "",
    "bssid": "ap-1f0e58ecb499",
    "security": "psk",
    "open": false,
    "frequency_mhz": 5260,
    "channel": 52,
    "best_signal_dbm": -91,
    "best_signal_percent": 18,
    "seen": 7,
    "connected": false,
    "first_seen": "2026-09-22T19:39:00-03:00",
    "last_seen": "2026-09-22T19:39:28-03:00",
    "best_seen": "2026-09-22T19:39:00-03:00",
    "placed_by": "estimate",
    "spread_m": 11,
    "sightings": 7,
    "barely_pinned": true
   }
  },
  {
   "type": "Feature",
   "geometry": {
    "type": "Point",
    "coordinates": [
     -58.221784,
     -33.521162
    ]
   },
   "properties": {
    "kind": "network",
    "ssid": "",
    "bssid": "ap-3fea0f218e5e",
    "security": "psk",
    "open": false,
    "frequency_mhz": null,
    "channel": null,
    "best_signal_dbm": -62,
    "best_signal_percent": 76,
    "seen": 19,
    "connected": false,
    "first_seen": "2026-09-22T19:06:59-03:00",
    "last_seen": "2026-09-22T19:39:43-03:00",
    "best_seen": "2026-09-22T19:39:06-03:00",
    "placed_by": "estimate",
    "spread_m": 13,
    "sightings": 19,
    "barely_pinned": true
   }
  },
  {
   "type": "Feature",
   "geometry": {
    "type": "Point",
    "coordinates": [
     -58.22191,
     -33.521226
    ]
   },
   "properties": {
    "kind": "network",
    "ssid": "",
    "bssid": "ap-2d583acff5fb",
    "security": "psk",
    "open": false,
    "frequency_mhz": null,
    "channel": null,
    "best_signal_dbm": -89,
    "best_signal_percent": 22,
    "seen": 14,
    "connected": false,
    "first_seen": "2026-09-22T19:07:09-03:00",
    "last_seen": "2026-09-22T19:39:43-03:00",
    "best_seen": "2026-09-22T19:39:15-03:00",
    "placed_by": "estimate",
    "spread_m": 11,
    "sightings": 14,
    "barely_pinned": true
   }
  },
  {
   "type": "Feature",
   "geometry": {
    "type": "Point",
    "coordinates": [
     -58.221993,
     -33.521269
    ]
   },
   "properties": {
    "kind": "network",
    "ssid": "",
    "bssid": "ap-57a978a6e7c9",
    "security": "psk",
    "open": false,
    "frequency_mhz": null,
    "channel": null,
    "best_signal_dbm": -80,
    "best_signal_percent": 40,
    "seen": 8,
    "connected": false,
    "first_seen": "2026-09-22T19:39:15-03:00",
    "last_seen": "2026-09-22T19:39:46-03:00",
    "best_seen": "2026-09-22T19:39:15-03:00",
    "placed_by": "estimate",
    "spread_m": 17,
    "sightings": 8,
    "barely_pinned": true
   }
  },
  {
   "type": "Feature",
   "geometry": {
    "type": "Point",
    "coordinates": [
     -58.222078,
     -33.521311
    ]
   },
   "properties": {
    "kind": "network",
    "ssid": "",
    "bssid": "ap-90bd1a1b3b13",
    "security": "psk",
    "open": false,
    "frequency_mhz": 2467,
    "channel": 12,
    "best_signal_dbm": -91,
    "best_signal_percent": 18,
    "seen": 6,
    "connected": false,
    "first_seen": "2026-09-22T19:39:21-03:00",
    "last_seen": "2026-09-22T19:39:46-03:00",
    "best_seen": "2026-09-22T19:39:21-03:00",
    "placed_by": "estimate",
    "spread_m": 13,
    "sightings": 6,
    "barely_pinned": true
   }
  },
  {
   "type": "Feature",
   "geometry": {
    "type": "Point",
    "coordinates": [
     -58.222197,
     -33.521504
    ]
   },
   "properties": {
    "kind": "network",
    "ssid": "",
    "bssid": "ap-8a98166cc401",
    "security": "open",
    "open": true,
    "frequency_mhz": null,
    "channel": null,
    "best_signal_dbm": -74,
    "best_signal_percent": 52,
    "seen": 36,
    "connected": false,
    "first_seen": "2026-09-22T19:07:25-03:00",
    "last_seen": "2026-09-22T19:41:12-03:00",
    "best_seen": "2026-09-22T19:39:28-03:00",
    "placed_by": "estimate",
    "spread_m": 35,
    "sightings": 36,
    "barely_pinned": true
   }
  },
  {
   "type": "Feature",
   "geometry": {
    "type": "Point",
    "coordinates": [
     -58.222293,
     -33.521455
    ]
   },
   "properties": {
    "kind": "network",
    "ssid": "",
    "bssid": "ap-d2cc4788ca86",
    "security": "psk",
    "open": false,
    "frequency_mhz": null,
    "channel": null,
    "best_signal_dbm": -77,
    "best_signal_percent": 46,
    "seen": 6,
    "connected": false,
    "first_seen": "2026-09-22T19:39:39-03:00",
    "last_seen": "2026-09-22T19:40:02-03:00",
    "best_seen": "2026-09-22T19:39:39-03:00",
    "placed_by": "estimate",
    "spread_m": 14,
    "sightings": 6,
    "barely_pinned": true
   }
  },
  {
   "type": "Feature",
   "geometry": {
    "type": "Point",
    "coordinates": [
     -58.222292,
     -33.521493
    ]
   },
   "properties": {
    "kind": "network",
    "ssid": "",
    "bssid": "ap-43add0e45b81",
    "security": "psk",
    "open": false,
    "frequency_mhz": null,
    "channel": null,
    "best_signal_dbm": -91,
    "best_signal_percent": 18,
    "seen": 7,
    "connected": false,
    "first_seen": "2026-09-22T19:39:39-03:00",
    "last_seen": "2026-09-22T19:40:08-03:00",
    "best_seen": "2026-09-22T19:39:39-03:00",
    "placed_by": "estimate",
    "spread_m": 16,
    "sightings": 7,
    "barely_pinned": true
   }
  },
  {
   "type": "Feature",
   "geometry": {
    "type": "Point",
    "coordinates": [
     -58.222194,
     -33.521852
    ]
   },
   "properties": {
    "kind": "network",
    "ssid": "",
    "bssid": "ap-3d274e2eabec",
    "security": "psk",
    "open": false,
    "frequency_mhz": null,
    "channel": null,
    "best_signal_dbm": -87,
    "best_signal_percent": 26,
    "seen": 12,
    "connected": false,
    "first_seen": "2026-09-22T19:39:57-03:00",
    "last_seen": "2026-09-22T19:40:51-03:00",
    "best_seen": "2026-09-22T19:39:57-03:00",
    "placed_by": "estimate",
    "spread_m": 23,
    "sightings": 12,
    "barely_pinned": true
   }
  },
  {
   "type": "Feature",
   "geometry": {
    "type": "Point",
    "coordinates": [
     -58.222162,
     -33.521898
    ]
   },
   "properties": {
    "kind": "network",
    "ssid": "",
    "bssid": "ap-944d2106dbd8",
    "security": "psk",
    "open": false,
    "frequency_mhz": 2447,
    "channel": 8,
    "best_signal_dbm": -82,
    "best_signal_percent": 36,
    "seen": 7,
    "connected": false,
    "first_seen": "2026-09-22T19:40:08-03:00",
    "last_seen": "2026-09-22T19:40:36-03:00",
    "best_seen": "2026-09-22T19:40:08-03:00",
    "placed_by": "estimate",
    "spread_m": 12,
    "sightings": 7,
    "barely_pinned": true
   }
  },
  {
   "type": "Feature",
   "geometry": {
    "type": "Point",
    "coordinates": [
     -58.222162,
     -33.521898
    ]
   },
   "properties": {
    "kind": "network",
    "ssid": "",
    "bssid": "ap-a137bf98ec08",
    "security": "psk",
    "open": false,
    "frequency_mhz": 2432,
    "channel": 5,
    "best_signal_dbm": -90,
    "best_signal_percent": 20,
    "seen": 7,
    "connected": false,
    "first_seen": "2026-09-22T19:40:08-03:00",
    "last_seen": "2026-09-22T19:40:36-03:00",
    "best_seen": "2026-09-22T19:40:08-03:00",
    "placed_by": "estimate",
    "spread_m": 12,
    "sightings": 7,
    "barely_pinned": true
   }
  },
  {
   "type": "Feature",
   "geometry": {
    "type": "Point",
    "coordinates": [
     -58.222543,
     -33.521785
    ]
   },
   "properties": {
    "kind": "network",
    "ssid": "",
    "bssid": "ap-5ddd46ac7c21",
    "security": "psk",
    "open": false,
    "frequency_mhz": null,
    "channel": null,
    "best_signal_dbm": -61,
    "best_signal_percent": 78,
    "seen": 64,
    "connected": false,
    "first_seen": "2026-09-22T19:07:09-03:00",
    "last_seen": "2026-09-22T19:47:47-03:00",
    "best_seen": "2026-09-22T19:40:12-03:00",
    "placed_by": "estimate",
    "spread_m": 54,
    "sightings": 64,
    "barely_pinned": true
   }
  },
  {
   "type": "Feature",
   "geometry": {
    "type": "Point",
    "coordinates": [
     -58.222618,
     -33.521912
    ]
   },
   "properties": {
    "kind": "network",
    "ssid": "",
    "bssid": "ap-0d7d342078f6",
    "security": "psk",
    "open": false,
    "frequency_mhz": null,
    "channel": null,
    "best_signal_dbm": -61,
    "best_signal_percent": 78,
    "seen": 77,
    "connected": false,
    "first_seen": "2026-09-22T19:07:39-03:00",
    "last_seen": "2026-09-22T19:47:47-03:00",
    "best_seen": "2026-09-22T19:40:12-03:00",
    "placed_by": "estimate",
    "spread_m": 59,
    "sightings": 77,
    "barely_pinned": true
   }
  },
  {
   "type": "Feature",
   "geometry": {
    "type": "Point",
    "coordinates": [
     -58.222649,
     -33.521866
    ]
   },
   "properties": {
    "kind": "network",
    "ssid": "",
    "bssid": "ap-6893462f7888",
    "security": "psk",
    "open": false,
    "frequency_mhz": null,
    "channel": null,
    "best_signal_dbm": -61,
    "best_signal_percent": 78,
    "seen": 63,
    "connected": false,
    "first_seen": "2026-09-22T19:07:49-03:00",
    "last_seen": "2026-09-22T19:47:47-03:00",
    "best_seen": "2026-09-22T19:40:12-03:00",
    "placed_by": "estimate",
    "spread_m": 55,
    "sightings": 63,
    "barely_pinned": true
   }
  },
  {
   "type": "Feature",
   "geometry": {
    "type": "Point",
    "coordinates": [
     -58.222535,
     -33.521947
    ]
   },
   "properties": {
    "kind": "network",
    "ssid": "",
    "bssid": "ap-684736790623",
    "security": "psk",
    "open": false,
    "frequency_mhz": 2442,
    "channel": 7,
    "best_signal_dbm": -71,
    "best_signal_percent": 58,
    "seen": 28,
    "connected": false,
    "first_seen": "2026-09-22T19:08:20-03:00",
    "last_seen": "2026-09-22T19:40:56-03:00",
    "best_seen": "2026-09-22T19:40:12-03:00",
    "placed_by": "estimate",
    "spread_m": 48,
    "sightings": 28,
    "barely_pinned": true
   }
  },
  {
   "type": "Feature",
   "geometry": {
    "type": "Point",
    "coordinates": [
     -58.22226,
     -33.521757
    ]
   },
   "properties": {
    "kind": "network",
    "ssid": "",
    "bssid": "ap-c1b6bb75f37a",
    "security": "psk",
    "open": false,
    "frequency_mhz": null,
    "channel": null,
    "best_signal_dbm": -86,
    "best_signal_percent": 28,
    "seen": 6,
    "connected": false,
    "first_seen": "2026-09-22T19:39:57-03:00",
    "last_seen": "2026-09-22T19:40:24-03:00",
    "best_seen": "2026-09-22T19:40:12-03:00",
    "placed_by": "estimate",
    "spread_m": 13,
    "sightings": 6,
    "barely_pinned": true
   }
  },
  {
   "type": "Feature",
   "geometry": {
    "type": "Point",
    "coordinates": [
     -58.222069,
     -33.522031
    ]
   },
   "properties": {
    "kind": "network",
    "ssid": "",
    "bssid": "ap-109ea95319bd",
    "security": "psk",
    "open": false,
    "frequency_mhz": 2422,
    "channel": 3,
    "best_signal_dbm": -86,
    "best_signal_percent": 28,
    "seen": 11,
    "connected": false,
    "first_seen": "2026-09-22T19:40:12-03:00",
    "last_seen": "2026-09-22T19:41:01-03:00",
    "best_seen": "2026-09-22T19:40:12-03:00",
    "placed_by": "estimate",
    "spread_m": 16,
    "sightings": 11,
    "barely_pinned": true
   }
  },
  {
   "type": "Feature",
   "geometry": {
    "type": "Point",
    "coordinates": [
     -58.221979,
     -33.522206
    ]
   },
   "properties": {
    "kind": "network",
    "ssid": "",
    "bssid": "ap-6895764f5d1c",
    "security": "psk",
    "open": false,
    "frequency_mhz": null,
    "channel": null,
    "best_signal_dbm": -58,
    "best_signal_percent": 84,
    "seen": 116,
    "connected": false,
    "first_seen": "2026-09-22T19:07:59-03:00",
    "last_seen": "2026-09-22T19:47:47-03:00",
    "best_seen": "2026-09-22T19:40:47-03:00",
    "placed_by": "estimate",
    "spread_m": 83,
    "sightings": 116,
    "barely_pinned": true
   }
  },
  {
   "type": "Feature",
   "geometry": {
    "type": "Point",
    "coordinates": [
     -58.221964,
     -33.522183
    ]
   },
   "properties": {
    "kind": "network",
    "ssid": "",
    "bssid": "ap-423472e94717",
    "security": "psk",
    "open": false,
    "frequency_mhz": null,
    "channel": null,
    "best_signal_dbm": -58,
    "best_signal_percent": 84,
    "seen": 10,
    "connected": false,
    "first_seen": "2026-09-22T19:40:31-03:00",
    "last_seen": "2026-09-22T19:41:16-03:00",
    "best_seen": "2026-09-22T19:40:47-03:00",
    "placed_by": "estimate",
    "spread_m": 15,
    "sightings": 10,
    "barely_pinned": true
   }
  },
  {
   "type": "Feature",
   "geometry": {
    "type": "Point",
    "coordinates": [
     -58.222434,
     -33.522232
    ]
   },
   "properties": {
    "kind": "network",
    "ssid": "",
    "bssid": "ap-1dba2bce8dc9",
    "security": "psk",
    "open": false,
    "frequency_mhz": null,
    "channel": null,
    "best_signal_dbm": -57,
    "best_signal_percent": 86,
    "seen": 60,
    "connected": false,
    "first_seen": "2026-09-22T19:08:24-03:00",
    "last_seen": "2026-09-22T19:47:47-03:00",
    "best_seen": "2026-09-22T19:40:51-03:00",
    "placed_by": "estimate",
    "spread_m": 62,
    "sightings": 60,
    "barely_pinned": true
   }
  },
  {
   "type": "Feature",
   "geometry": {
    "type": "Point",
    "coordinates": [
     -58.222247,
     -33.522261
    ]
   },
   "properties": {
    "kind": "network",
    "ssid": "",
    "bssid": "ap-c376734cc609",
    "security": "psk",
    "open": false,
    "frequency_mhz": 2447,
    "channel": 8,
    "best_signal_dbm": -40,
    "best_signal_percent": 100,
    "seen": 81,
    "connected": false,
    "first_seen": "2026-09-22T19:08:30-03:00",
    "last_seen": "2026-09-22T19:47:47-03:00",
    "best_seen": "2026-09-22T19:40:51-03:00",
    "placed_by": "estimate",
    "spread_m": 58,
    "sightings": 81,
    "barely_pinned": true
   }
  },
  {
   "type": "Feature",
   "geometry": {
    "type": "Point",
    "coordinates": [
     -58.221611,
     -33.522237
    ]
   },
   "properties": {
    "kind": "network",
    "ssid": "",
    "bssid": "ap-06a374350408",
    "security": "psk",
    "open": false,
    "frequency_mhz": 2452,
    "channel": 9,
    "best_signal_dbm": -65,
    "best_signal_percent": 70,
    "seen": 33,
    "connected": false,
    "first_seen": "2026-09-22T19:12:45-03:00",
    "last_seen": "2026-09-22T19:42:12-03:00",
    "best_seen": "2026-09-22T19:41:12-03:00",
    "placed_by": "estimate",
    "spread_m": 46,
    "sightings": 33,
    "barely_pinned": true
   }
  },
  {
   "type": "Feature",
   "geometry": {
    "type": "Point",
    "coordinates": [
     -58.221533,
     -33.522805
    ]
   },
   "properties": {
    "kind": "network",
    "ssid": "",
    "bssid": "ap-7204134bd7d1",
    "security": "psk",
    "open": false,
    "frequency_mhz": 2447,
    "channel": 8,
    "best_signal_dbm": -63,
    "best_signal_percent": 74,
    "seen": 10,
    "connected": false,
    "first_seen": "2026-09-22T19:41:26-03:00",
    "last_seen": "2026-09-22T19:42:12-03:00",
    "best_seen": "2026-09-22T19:41:31-03:00",
    "placed_by": "estimate",
    "spread_m": 20,
    "sightings": 10,
    "barely_pinned": true
   }
  },
  {
   "type": "Feature",
   "geometry": {
    "type": "Point",
    "coordinates": [
     -58.221544,
     -33.522789
    ]
   },
   "properties": {
    "kind": "network",
    "ssid": "",
    "bssid": "ap-8c326294791f",
    "security": "psk",
    "open": false,
    "frequency_mhz": null,
    "channel": null,
    "best_signal_dbm": -63,
    "best_signal_percent": 74,
    "seen": 8,
    "connected": false,
    "first_seen": "2026-09-22T19:41:31-03:00",
    "last_seen": "2026-09-22T19:42:07-03:00",
    "best_seen": "2026-09-22T19:41:31-03:00",
    "placed_by": "estimate",
    "spread_m": 19,
    "sightings": 8,
    "barely_pinned": true
   }
  },
  {
   "type": "Feature",
   "geometry": {
    "type": "Point",
    "coordinates": [
     -58.221531,
     -33.522807
    ]
   },
   "properties": {
    "kind": "network",
    "ssid": "",
    "bssid": "ap-8cb7bcd7e299",
    "security": "psk",
    "open": false,
    "frequency_mhz": 2447,
    "channel": 8,
    "best_signal_dbm": -84,
    "best_signal_percent": 32,
    "seen": 8,
    "connected": false,
    "first_seen": "2026-09-22T19:41:31-03:00",
    "last_seen": "2026-09-22T19:42:07-03:00",
    "best_seen": "2026-09-22T19:41:31-03:00",
    "placed_by": "estimate",
    "spread_m": 18,
    "sightings": 8,
    "barely_pinned": true
   }
  },
  {
   "type": "Feature",
   "geometry": {
    "type": "Point",
    "coordinates": [
     -58.221456,
     -33.522768
    ]
   },
   "properties": {
    "kind": "network",
    "ssid": "",
    "bssid": "ap-2a94b5d40d20",
    "security": "psk",
    "open": false,
    "frequency_mhz": null,
    "channel": null,
    "best_signal_dbm": -79,
    "best_signal_percent": 42,
    "seen": 43,
    "connected": false,
    "first_seen": "2026-09-22T19:11:40-03:00",
    "last_seen": "2026-09-22T19:43:08-03:00",
    "best_seen": "2026-09-22T19:41:37-03:00",
    "placed_by": "estimate",
    "spread_m": 51,
    "sightings": 43,
    "barely_pinned": true
   }
  },
  {
   "type": "Feature",
   "geometry": {
    "type": "Point",
    "coordinates": [
     -58.221394,
     -33.52262
    ]
   },
   "properties": {
    "kind": "network",
    "ssid": "",
    "bssid": "ap-eda256c49224",
    "security": "psk",
    "open": false,
    "frequency_mhz": null,
    "channel": null,
    "best_signal_dbm": -79,
    "best_signal_percent": 42,
    "seen": 40,
    "connected": false,
    "first_seen": "2026-09-22T19:12:19-03:00",
    "last_seen": "2026-09-22T19:42:32-03:00",
    "best_seen": "2026-09-22T19:41:37-03:00",
    "placed_by": "estimate",
    "spread_m": 60,
    "sightings": 40,
    "barely_pinned": true
   }
  },
  {
   "type": "Feature",
   "geometry": {
    "type": "Point",
    "coordinates": [
     -58.221511,
     -33.522836
    ]
   },
   "properties": {
    "kind": "network",
    "ssid": "",
    "bssid": "ap-0abade445f2b",
    "security": "psk",
    "open": false,
    "frequency_mhz": null,
    "channel": null,
    "best_signal_dbm": -84,
    "best_signal_percent": 32,
    "seen": 9,
    "connected": false,
    "first_seen": "2026-09-22T19:41:31-03:00",
    "last_seen": "2026-09-22T19:42:12-03:00",
    "best_seen": "2026-09-22T19:41:37-03:00",
    "placed_by": "estimate",
    "spread_m": 19,
    "sightings": 9,
    "barely_pinned": true
   }
  },
  {
   "type": "Feature",
   "geometry": {
    "type": "Point",
    "coordinates": [
     -58.221291,
     -33.523068
    ]
   },
   "properties": {
    "kind": "network",
    "ssid": "",
    "bssid": "ap-3b4ba7418ce3",
    "security": "psk",
    "open": false,
    "frequency_mhz": 2422,
    "channel": 3,
    "best_signal_dbm": -76,
    "best_signal_percent": 48,
    "seen": 16,
    "connected": false,
    "first_seen": "2026-09-22T19:19:32-03:00",
    "last_seen": "2026-09-22T19:42:32-03:00",
    "best_seen": "2026-09-22T19:41:53-03:00",
    "placed_by": "estimate",
    "spread_m": 19,
    "sightings": 16,
    "barely_pinned": true
   }
  },
  {
   "type": "Feature",
   "geometry": {
    "type": "Point",
    "coordinates": [
     -58.221332,
     -33.523123
    ]
   },
   "properties": {
    "kind": "network",
    "ssid": "",
    "bssid": "ap-6e49baab0423",
    "security": "psk",
    "open": false,
    "frequency_mhz": 2462,
    "channel": 11,
    "best_signal_dbm": -53,
    "best_signal_percent": 94,
    "seen": 50,
    "connected": false,
    "first_seen": "2026-09-22T19:19:00-03:00",
    "last_seen": "2026-09-22T19:43:33-03:00",
    "best_seen": "2026-09-22T19:41:57-03:00",
    "placed_by": "estimate",
    "spread_m": 37,
    "sightings": 50,
    "barely_pinned": false
   }
  },
  {
   "type": "Feature",
   "geometry": {
    "type": "Point",
    "coordinates": [
     -58.221372,
     -33.523136
    ]
   },
   "properties": {
    "kind": "network",
    "ssid": "",
    "bssid": "ap-6e47fbefcf7a",
    "security": "psk",
    "open": false,
    "frequency_mhz": null,
    "channel": null,
    "best_signal_dbm": -55,
    "best_signal_percent": 90,
    "seen": 32,
    "connected": false,
    "first_seen": "2026-09-22T19:19:41-03:00",
    "last_seen": "2026-09-22T19:43:08-03:00",
    "best_seen": "2026-09-22T19:41:57-03:00",
    "placed_by": "estimate",
    "spread_m": 29,
    "sightings": 32,
    "barely_pinned": true
   }
  },
  {
   "type": "Feature",
   "geometry": {
    "type": "Point",
    "coordinates": [
     -58.221365,
     -33.523046
    ]
   },
   "properties": {
    "kind": "network",
    "ssid": "",
    "bssid": "ap-a0ae1326a349",
    "security": "psk",
    "open": false,
    "frequency_mhz": null,
    "channel": null,
    "best_signal_dbm": -55,
    "best_signal_percent": 90,
    "seen": 6,
    "connected": false,
    "first_seen": "2026-09-22T19:41:57-03:00",
    "last_seen": "2026-09-22T19:42:22-03:00",
    "best_seen": "2026-09-22T19:41:57-03:00",
    "placed_by": "estimate",
    "spread_m": 12,
    "sightings": 6,
    "barely_pinned": true
   }
  },
  {
   "type": "Feature",
   "geometry": {
    "type": "Point",
    "coordinates": [
     -58.221297,
     -33.523144
    ]
   },
   "properties": {
    "kind": "network",
    "ssid": "",
    "bssid": "ap-ca511471c15c",
    "security": "psk",
    "open": false,
    "frequency_mhz": null,
    "channel": null,
    "best_signal_dbm": -86,
    "best_signal_percent": 28,
    "seen": 8,
    "connected": false,
    "first_seen": "2026-09-22T19:41:57-03:00",
    "last_seen": "2026-09-22T19:42:32-03:00",
    "best_seen": "2026-09-22T19:41:57-03:00",
    "placed_by": "estimate",
    "spread_m": 18,
    "sightings": 8,
    "barely_pinned": true
   }
  },
  {
   "type": "Feature",
   "geometry": {
    "type": "Point",
    "coordinates": [
     -58.221372,
     -33.523171
    ]
   },
   "properties": {
    "kind": "network",
    "ssid": "",
    "bssid": "ap-867e3673b535",
    "security": "psk",
    "open": false,
    "frequency_mhz": null,
    "channel": null,
    "best_signal_dbm": -62,
    "best_signal_percent": 76,
    "seen": 19,
    "connected": false,
    "first_seen": "2026-09-22T19:20:11-03:00",
    "last_seen": "2026-09-22T19:42:52-03:00",
    "best_seen": "2026-09-22T19:42:02-03:00",
    "placed_by": "estimate",
    "spread_m": 26,
    "sightings": 19,
    "barely_pinned": true
   }
  },
  {
   "type": "Feature",
   "geometry": {
    "type": "Point",
    "coordinates": [
     -58.221284,
     -33.523162
    ]
   },
   "properties": {
    "kind": "network",
    "ssid": "",
    "bssid": "ap-224a663f7458",
    "security": "psk",
    "open": false,
    "frequency_mhz": null,
    "channel": null,
    "best_signal_dbm": -66,
    "best_signal_percent": 68,
    "seen": 11,
    "connected": false,
    "first_seen": "2026-09-22T19:41:53-03:00",
    "last_seen": "2026-09-22T19:42:43-03:00",
    "best_seen": "2026-09-22T19:42:07-03:00",
    "placed_by": "estimate",
    "spread_m": 19,
    "sightings": 11,
    "barely_pinned": true
   }
  },
  {
   "type": "Feature",
   "geometry": {
    "type": "Point",
    "coordinates": [
     -58.221281,
     -33.523166
    ]
   },
   "properties": {
    "kind": "network",
    "ssid": "",
    "bssid": "ap-a48f94291984",
    "security": "psk",
    "open": false,
    "frequency_mhz": null,
    "channel": null,
    "best_signal_dbm": -66,
    "best_signal_percent": 68,
    "seen": 6,
    "connected": false,
    "first_seen": "2026-09-22T19:42:07-03:00",
    "last_seen": "2026-09-22T19:42:32-03:00",
    "best_seen": "2026-09-22T19:42:07-03:00",
    "placed_by": "estimate",
    "spread_m": 16,
    "sightings": 6,
    "barely_pinned": true
   }
  },
  {
   "type": "Feature",
   "geometry": {
    "type": "Point",
    "coordinates": [
     -58.221378,
     -33.523193
    ]
   },
   "properties": {
    "kind": "network",
    "ssid": "",
    "bssid": "ap-827fcacb3f8e",
    "security": "psk",
    "open": false,
    "frequency_mhz": null,
    "channel": null,
    "best_signal_dbm": -56,
    "best_signal_percent": 88,
    "seen": 72,
    "connected": false,
    "first_seen": "2026-09-22T19:11:59-03:00",
    "last_seen": "2026-09-22T19:45:57-03:00",
    "best_seen": "2026-09-22T19:42:22-03:00",
    "placed_by": "estimate",
    "spread_m": 49,
    "sightings": 72,
    "barely_pinned": false
   }
  },
  {
   "type": "Feature",
   "geometry": {
    "type": "Point",
    "coordinates": [
     -58.221334,
     -33.523273
    ]
   },
   "properties": {
    "kind": "network",
    "ssid": "",
    "bssid": "ap-88d30020df9b",
    "security": "psk",
    "open": false,
    "frequency_mhz": 2452,
    "channel": 9,
    "best_signal_dbm": -58,
    "best_signal_percent": 84,
    "seen": 38,
    "connected": false,
    "first_seen": "2026-09-22T19:19:10-03:00",
    "last_seen": "2026-09-22T19:43:12-03:00",
    "best_seen": "2026-09-22T19:42:22-03:00",
    "placed_by": "estimate",
    "spread_m": 35,
    "sightings": 38,
    "barely_pinned": false
   }
  },
  {
   "type": "Feature",
   "geometry": {
    "type": "Point",
    "coordinates": [
     -58.221317,
     -33.523311
    ]
   },
   "properties": {
    "kind": "network",
    "ssid": "",
    "bssid": "ap-1a75aacae332",
    "security": "psk",
    "open": false,
    "frequency_mhz": null,
    "channel": null,
    "best_signal_dbm": -58,
    "best_signal_percent": 84,
    "seen": 31,
    "connected": false,
    "first_seen": "2026-09-22T19:19:41-03:00",
    "last_seen": "2026-09-22T19:43:22-03:00",
    "best_seen": "2026-09-22T19:42:22-03:00",
    "placed_by": "estimate",
    "spread_m": 33,
    "sightings": 31,
    "barely_pinned": true
   }
  },
  {
   "type": "Feature",
   "geometry": {
    "type": "Point",
    "coordinates": [
     -58.221302,
     -33.523332
    ]
   },
   "properties": {
    "kind": "network",
    "ssid": "",
    "bssid": "ap-c3f2649876e9",
    "security": "psk",
    "open": false,
    "frequency_mhz": null,
    "channel": null,
    "best_signal_dbm": -67,
    "best_signal_percent": 66,
    "seen": 41,
    "connected": false,
    "first_seen": "2026-09-22T19:19:41-03:00",
    "last_seen": "2026-09-22T19:43:52-03:00",
    "best_seen": "2026-09-22T19:42:22-03:00",
    "placed_by": "estimate",
    "spread_m": 39,
    "sightings": 41,
    "barely_pinned": true
   }
  },
  {
   "type": "Feature",
   "geometry": {
    "type": "Point",
    "coordinates": [
     -58.221301,
     -33.523343
    ]
   },
   "properties": {
    "kind": "network",
    "ssid": "",
    "bssid": "ap-7e5d72e64e98",
    "security": "psk",
    "open": false,
    "frequency_mhz": 2417,
    "channel": 2,
    "best_signal_dbm": -46,
    "best_signal_percent": 100,
    "seen": 40,
    "connected": false,
    "first_seen": "2026-09-22T19:19:46-03:00",
    "last_seen": "2026-09-22T19:43:22-03:00",
    "best_seen": "2026-09-22T19:42:22-03:00",
    "placed_by": "estimate",
    "spread_m": 35,
    "sightings": 40,
    "barely_pinned": false
   }
  },
  {
   "type": "Feature",
   "geometry": {
    "type": "Point",
    "coordinates": [
     -58.221177,
     -33.523318
    ]
   },
   "properties": {
    "kind": "network",
    "ssid": "",
    "bssid": "ap-2544d6533b4d",
    "security": "psk",
    "open": false,
    "frequency_mhz": 2442,
    "channel": 7,
    "best_signal_dbm": -70,
    "best_signal_percent": 60,
    "seen": 13,
    "connected": false,
    "first_seen": "2026-09-22T19:19:46-03:00",
    "last_seen": "2026-09-22T19:42:47-03:00",
    "best_seen": "2026-09-22T19:42:22-03:00",
    "placed_by": "estimate",
    "spread_m": 16,
    "sightings": 13,
    "barely_pinned": false
   }
  },
  {
   "type": "Feature",
   "geometry": {
    "type": "Point",
    "coordinates": [
     -58.221268,
     -33.523293
    ]
   },
   "properties": {
    "kind": "network",
    "ssid": "",
    "bssid": "ap-60de46710fc0",
    "security": "psk",
    "open": false,
    "frequency_mhz": 2452,
    "channel": 9,
    "best_signal_dbm": -48,
    "best_signal_percent": 100,
    "seen": 50,
    "connected": false,
    "first_seen": "2026-09-22T19:19:19-03:00",
    "last_seen": "2026-09-22T19:43:27-03:00",
    "best_seen": "2026-09-22T19:42:27-03:00",
    "placed_by": "estimate",
    "spread_m": 34,
    "sightings": 50,
    "barely_pinned": false
   }
  },
  {
   "type": "Feature",
   "geometry": {
    "type": "Point",
    "coordinates": [
     -58.221253,
     -33.523345
    ]
   },
   "properties": {
    "kind": "network",
    "ssid": "",
    "bssid": "ap-7eccc3f9e8f5",
    "security": "psk",
    "open": false,
    "frequency_mhz": null,
    "channel": null,
    "best_signal_dbm": -48,
    "best_signal_percent": 100,
    "seen": 38,
    "connected": false,
    "first_seen": "2026-09-22T19:19:57-03:00",
    "last_seen": "2026-09-22T19:43:47-03:00",
    "best_seen": "2026-09-22T19:42:27-03:00",
    "placed_by": "estimate",
    "spread_m": 34,
    "sightings": 38,
    "barely_pinned": false
   }
  },
  {
   "type": "Feature",
   "geometry": {
    "type": "Point",
    "coordinates": [
     -58.221284,
     -33.523351
    ]
   },
   "properties": {
    "kind": "network",
    "ssid": "",
    "bssid": "ap-2165027cd0f4",
    "security": "psk",
    "open": false,
    "frequency_mhz": null,
    "channel": null,
    "best_signal_dbm": -78,
    "best_signal_percent": 44,
    "seen": 13,
    "connected": false,
    "first_seen": "2026-09-22T19:20:06-03:00",
    "last_seen": "2026-09-22T19:42:52-03:00",
    "best_seen": "2026-09-22T19:42:27-03:00",
    "placed_by": "estimate",
    "spread_m": 27,
    "sightings": 13,
    "barely_pinned": true
   }
  },
  {
   "type": "Feature",
   "geometry": {
    "type": "Point",
    "coordinates": [
     -58.221086,
     -33.523446
    ]
   },
   "properties": {
    "kind": "network",
    "ssid": "",
    "bssid": "ap-3e5916d764ae",
    "security": "psk",
    "open": false,
    "frequency_mhz": null,
    "channel": null,
    "best_signal_dbm": -84,
    "best_signal_percent": 32,
    "seen": 6,
    "connected": false,
    "first_seen": "2026-09-22T19:42:27-03:00",
    "last_seen": "2026-09-22T19:42:52-03:00",
    "best_seen": "2026-09-22T19:42:27-03:00",
    "placed_by": "estimate",
    "spread_m": 11,
    "sightings": 6,
    "barely_pinned": true
   }
  },
  {
   "type": "Feature",
   "geometry": {
    "type": "Point",
    "coordinates": [
     -58.221205,
     -33.52341
    ]
   },
   "properties": {
    "kind": "network",
    "ssid": "",
    "bssid": "ap-9c491d23d3bf",
    "security": "psk",
    "open": false,
    "frequency_mhz": null,
    "channel": null,
    "best_signal_dbm": -66,
    "best_signal_percent": 68,
    "seen": 19,
    "connected": false,
    "first_seen": "2026-09-22T19:20:01-03:00",
    "last_seen": "2026-09-22T19:43:17-03:00",
    "best_seen": "2026-09-22T19:42:32-03:00",
    "placed_by": "estimate",
    "spread_m": 30,
    "sightings": 19,
    "barely_pinned": true
   }
  },
  {
   "type": "Feature",
   "geometry": {
    "type": "Point",
    "coordinates": [
     -58.221048,
     -33.523499
    ]
   },
   "properties": {
    "kind": "network",
    "ssid": "",
    "bssid": "ap-670a069dd0a5",
    "security": "psk",
    "open": false,
    "frequency_mhz": null,
    "channel": null,
    "best_signal_dbm": -67,
    "best_signal_percent": 66,
    "seen": 10,
    "connected": false,
    "first_seen": "2026-09-22T19:42:27-03:00",
    "last_seen": "2026-09-22T19:43:12-03:00",
    "best_seen": "2026-09-22T19:42:32-03:00",
    "placed_by": "estimate",
    "spread_m": 19,
    "sightings": 10,
    "barely_pinned": true
   }
  },
  {
   "type": "Feature",
   "geometry": {
    "type": "Point",
    "coordinates": [
     -58.22104,
     -33.523511
    ]
   },
   "properties": {
    "kind": "network",
    "ssid": "",
    "bssid": "ap-f370ff67c7a7",
    "security": "psk",
    "open": false,
    "frequency_mhz": 2427,
    "channel": 4,
    "best_signal_dbm": -64,
    "best_signal_percent": 72,
    "seen": 6,
    "connected": false,
    "first_seen": "2026-09-22T19:42:32-03:00",
    "last_seen": "2026-09-22T19:42:57-03:00",
    "best_seen": "2026-09-22T19:42:32-03:00",
    "placed_by": "estimate",
    "spread_m": 13,
    "sightings": 6,
    "barely_pinned": true
   }
  },
  {
   "type": "Feature",
   "geometry": {
    "type": "Point",
    "coordinates": [
     -58.221097,
     -33.523516
    ]
   },
   "properties": {
    "kind": "network",
    "ssid": "",
    "bssid": "ap-e2fe223ccf96",
    "security": "psk",
    "open": false,
    "frequency_mhz": 2417,
    "channel": 2,
    "best_signal_dbm": -36,
    "best_signal_percent": 100,
    "seen": 36,
    "connected": false,
    "first_seen": "2026-09-22T19:20:01-03:00",
    "last_seen": "2026-09-22T19:43:47-03:00",
    "best_seen": "2026-09-22T19:42:43-03:00",
    "placed_by": "estimate",
    "spread_m": 26,
    "sightings": 36,
    "barely_pinned": false
   }
  },
  {
   "type": "Feature",
   "geometry": {
    "type": "Point",
    "coordinates": [
     -58.220939,
     -33.523656
    ]
   },
   "properties": {
    "kind": "network",
    "ssid": "",
    "bssid": "ap-cd62955cd43a",
    "security": "psk",
    "open": false,
    "frequency_mhz": 2417,
    "channel": 2,
    "best_signal_dbm": -74,
    "best_signal_percent": 52,
    "seen": 7,
    "connected": false,
    "first_seen": "2026-09-22T19:42:43-03:00",
    "last_seen": "2026-09-22T19:43:12-03:00",
    "best_seen": "2026-09-22T19:42:43-03:00",
    "placed_by": "estimate",
    "spread_m": 15,
    "sightings": 7,
    "barely_pinned": true
   }
  },
  {
   "type": "Feature",
   "geometry": {
    "type": "Point",
    "coordinates": [
     -58.221073,
     -33.523575
    ]
   },
   "properties": {
    "kind": "network",
    "ssid": "",
    "bssid": "ap-11193e5e3ebf",
    "security": "psk",
    "open": false,
    "frequency_mhz": null,
    "channel": null,
    "best_signal_dbm": -69,
    "best_signal_percent": 62,
    "seen": 36,
    "connected": false,
    "first_seen": "2026-09-22T19:20:01-03:00",
    "last_seen": "2026-09-22T19:43:58-03:00",
    "best_seen": "2026-09-22T19:42:47-03:00",
    "placed_by": "estimate",
    "spread_m": 44,
    "sightings": 36,
    "barely_pinned": true
   }
  },
  {
   "type": "Feature",
   "geometry": {
    "type": "Point",
    "coordinates": [
     -58.220927,
     -33.523673
    ]
   },
   "properties": {
    "kind": "network",
    "ssid": "",
    "bssid": "ap-71396bb95850",
    "security": "psk",
    "open": false,
    "frequency_mhz": null,
    "channel": null,
    "best_signal_dbm": -76,
    "best_signal_percent": 48,
    "seen": 9,
    "connected": false,
    "first_seen": "2026-09-22T19:42:37-03:00",
    "last_seen": "2026-09-22T19:43:17-03:00",
    "best_seen": "2026-09-22T19:42:47-03:00",
    "placed_by": "estimate",
    "spread_m": 17,
    "sightings": 9,
    "barely_pinned": true
   }
  },
  {
   "type": "Feature",
   "geometry": {
    "type": "Point",
    "coordinates": [
     -58.220856,
     -33.52374
    ]
   },
   "properties": {
    "kind": "network",
    "ssid": "",
    "bssid": "ap-118cf362e53a",
    "security": "psk",
    "open": false,
    "frequency_mhz": 2447,
    "channel": 8,
    "best_signal_dbm": -59,
    "best_signal_percent": 82,
    "seen": 18,
    "connected": false,
    "first_seen": "2026-09-22T19:23:11-03:00",
    "last_seen": "2026-09-22T19:43:37-03:00",
    "best_seen": "2026-09-22T19:42:52-03:00",
    "placed_by": "estimate",
    "spread_m": 21,
    "sightings": 18,
    "barely_pinned": true
   }
  },
  {
   "type": "Feature",
   "geometry": {
    "type": "Point",
    "coordinates": [
     -58.220974,
     -33.523619
    ]
   },
   "properties": {
    "kind": "network",
    "ssid": "",
    "bssid": "ap-a87a711ea743",
    "security": "psk",
    "open": false,
    "frequency_mhz": null,
    "channel": null,
    "best_signal_dbm": -70,
    "best_signal_percent": 60,
    "seen": 12,
    "connected": false,
    "first_seen": "2026-09-22T19:42:27-03:00",
    "last_seen": "2026-09-22T19:43:22-03:00",
    "best_seen": "2026-09-22T19:42:52-03:00",
    "placed_by": "estimate",
    "spread_m": 19,
    "sightings": 12,
    "barely_pinned": true
   }
  },
  {
   "type": "Feature",
   "geometry": {
    "type": "Point",
    "coordinates": [
     -58.220889,
     -33.523726
    ]
   },
   "properties": {
    "kind": "network",
    "ssid": "",
    "bssid": "ap-06af5fd38c21",
    "security": "psk",
    "open": false,
    "frequency_mhz": null,
    "channel": null,
    "best_signal_dbm": -86,
    "best_signal_percent": 28,
    "seen": 7,
    "connected": false,
    "first_seen": "2026-09-22T19:42:47-03:00",
    "last_seen": "2026-09-22T19:43:17-03:00",
    "best_seen": "2026-09-22T19:42:52-03:00",
    "placed_by": "estimate",
    "spread_m": 12,
    "sightings": 7,
    "barely_pinned": true
   }
  },
  {
   "type": "Feature",
   "geometry": {
    "type": "Point",
    "coordinates": [
     -58.220938,
     -33.523866
    ]
   },
   "properties": {
    "kind": "network",
    "ssid": "",
    "bssid": "ap-b9e7e1b41372",
    "security": "psk",
    "open": false,
    "frequency_mhz": null,
    "channel": null,
    "best_signal_dbm": -70,
    "best_signal_percent": 60,
    "seen": 12,
    "connected": false,
    "first_seen": "2026-09-22T19:42:57-03:00",
    "last_seen": "2026-09-22T19:43:52-03:00",
    "best_seen": "2026-09-22T19:42:57-03:00",
    "placed_by": "estimate",
    "spread_m": 17,
    "sightings": 12,
    "barely_pinned": true
   }
  },
  {
   "type": "Feature",
   "geometry": {
    "type": "Point",
    "coordinates": [
     -58.220853,
     -33.5238
    ]
   },
   "properties": {
    "kind": "network",
    "ssid": "",
    "bssid": "ap-0d9cd499dbdb",
    "security": "psk",
    "open": false,
    "frequency_mhz": 2452,
    "channel": 9,
    "best_signal_dbm": -69,
    "best_signal_percent": 62,
    "seen": 19,
    "connected": false,
    "first_seen": "2026-09-22T19:23:11-03:00",
    "last_seen": "2026-09-22T19:43:47-03:00",
    "best_seen": "2026-09-22T19:43:02-03:00",
    "placed_by": "estimate",
    "spread_m": 18,
    "sightings": 19,
    "barely_pinned": true
   }
  },
  {
   "type": "Feature",
   "geometry": {
    "type": "Point",
    "coordinates": [
     -58.220752,
     -33.523835
    ]
   },
   "properties": {
    "kind": "network",
    "ssid": "",
    "bssid": "ap-02fe3b89c999",
    "security": "psk",
    "open": false,
    "frequency_mhz": 2422,
    "channel": 3,
    "best_signal_dbm": -68,
    "best_signal_percent": 64,
    "seen": 25,
    "connected": false,
    "first_seen": "2026-09-22T19:23:21-03:00",
    "last_seen": "2026-09-22T19:44:03-03:00",
    "best_seen": "2026-09-22T19:43:08-03:00",
    "placed_by": "estimate",
    "spread_m": 28,
    "sightings": 25,
    "barely_pinned": false
   }
  },
  {
   "type": "Feature",
   "geometry": {
    "type": "Point",
    "coordinates": [
     -58.220805,
     -33.523874
    ]
   },
   "properties": {
    "kind": "network",
    "ssid": "",
    "bssid": "ap-c04f8b5561e8",
    "security": "psk",
    "open": false,
    "frequency_mhz": null,
    "channel": null,
    "best_signal_dbm": -70,
    "best_signal_percent": 60,
    "seen": 17,
    "connected": false,
    "first_seen": "2026-09-22T19:23:26-03:00",
    "last_seen": "2026-09-22T19:43:58-03:00",
    "best_seen": "2026-09-22T19:43:08-03:00",
    "placed_by": "estimate",
    "spread_m": 23,
    "sightings": 17,
    "barely_pinned": true
   }
  },
  {
   "type": "Feature",
   "geometry": {
    "type": "Point",
    "coordinates": [
     -58.220729,
     -33.523829
    ]
   },
   "properties": {
    "kind": "network",
    "ssid": "",
    "bssid": "ap-eaeb30bdbec0",
    "security": "psk",
    "open": false,
    "frequency_mhz": null,
    "channel": null,
    "best_signal_dbm": -56,
    "best_signal_percent": 88,
    "seen": 40,
    "connected": false,
    "first_seen": "2026-09-22T19:22:52-03:00",
    "last_seen": "2026-09-22T19:44:23-03:00",
    "best_seen": "2026-09-22T19:43:17-03:00",
    "placed_by": "estimate",
    "spread_m": 32,
    "sightings": 40,
    "barely_pinned": true
   }
  },
  {
   "type": "Feature",
   "geometry": {
    "type": "Point",
    "coordinates": [
     -58.221034,
     -33.524012
    ]
   },
   "properties": {
    "kind": "network",
    "ssid": "",
    "bssid": "ap-3c87710e5f11",
    "security": "psk",
    "open": false,
    "frequency_mhz": null,
    "channel": null,
    "best_signal_dbm": -84,
    "best_signal_percent": 32,
    "seen": 7,
    "connected": false,
    "first_seen": "2026-09-22T19:43:22-03:00",
    "last_seen": "2026-09-22T19:43:52-03:00",
    "best_seen": "2026-09-22T19:43:27-03:00",
    "placed_by": "estimate",
    "spread_m": 7,
    "sightings": 7,
    "barely_pinned": true
   }
  },
  {
   "type": "Feature",
   "geometry": {
    "type": "Point",
    "coordinates": [
     -58.220839,
     -33.523897
    ]
   },
   "properties": {
    "kind": "network",
    "ssid": "",
    "bssid": "ap-6d08d19be3bb",
    "security": "psk",
    "open": false,
    "frequency_mhz": 2472,
    "channel": 13,
    "best_signal_dbm": -59,
    "best_signal_percent": 82,
    "seen": 44,
    "connected": false,
    "first_seen": "2026-09-22T19:23:01-03:00",
    "last_seen": "2026-09-22T19:44:57-03:00",
    "best_seen": "2026-09-22T19:43:33-03:00",
    "placed_by": "estimate",
    "spread_m": 37,
    "sightings": 44,
    "barely_pinned": false
   }
  },
  {
   "type": "Feature",
   "geometry": {
    "type": "Point",
    "coordinates": [
     -58.220826,
     -33.52391
    ]
   },
   "properties": {
    "kind": "network",
    "ssid": "",
    "bssid": "ap-eac9a86effa3",
    "security": "psk",
    "open": false,
    "frequency_mhz": null,
    "channel": null,
    "best_signal_dbm": -56,
    "best_signal_percent": 88,
    "seen": 26,
    "connected": false,
    "first_seen": "2026-09-22T19:23:01-03:00",
    "last_seen": "2026-09-22T19:44:07-03:00",
    "best_seen": "2026-09-22T19:43:33-03:00",
    "placed_by": "estimate",
    "spread_m": 21,
    "sightings": 26,
    "barely_pinned": false
   }
  },
  {
   "type": "Feature",
   "geometry": {
    "type": "Point",
    "coordinates": [
     -58.22092,
     -33.523957
    ]
   },
   "properties": {
    "kind": "network",
    "ssid": "",
    "bssid": "ap-134ff9c743ac",
    "security": "psk",
    "open": false,
    "frequency_mhz": null,
    "channel": null,
    "best_signal_dbm": -73,
    "best_signal_percent": 54,
    "seen": 20,
    "connected": false,
    "first_seen": "2026-09-22T19:23:01-03:00",
    "last_seen": "2026-09-22T19:44:03-03:00",
    "best_seen": "2026-09-22T19:43:33-03:00",
    "placed_by": "estimate",
    "spread_m": 23,
    "sightings": 20,
    "barely_pinned": true
   }
  },
  {
   "type": "Feature",
   "geometry": {
    "type": "Point",
    "coordinates": [
     -58.220884,
     -33.523939
    ]
   },
   "properties": {
    "kind": "network",
    "ssid": "",
    "bssid": "ap-a3543073fcfe",
    "security": "psk",
    "open": false,
    "frequency_mhz": null,
    "channel": null,
    "best_signal_dbm": -85,
    "best_signal_percent": 30,
    "seen": 24,
    "connected": false,
    "first_seen": "2026-09-22T19:23:01-03:00",
    "last_seen": "2026-09-22T19:44:23-03:00",
    "best_seen": "2026-09-22T19:43:37-03:00",
    "placed_by": "estimate",
    "spread_m": 30,
    "sightings": 24,
    "barely_pinned": true
   }
  },
  {
   "type": "Feature",
   "geometry": {
    "type": "Point",
    "coordinates": [
     -58.221134,
     -33.524058
    ]
   },
   "properties": {
    "kind": "network",
    "ssid": "",
    "bssid": "ap-e7878fac0119",
    "security": "psk",
    "open": false,
    "frequency_mhz": null,
    "channel": null,
    "best_signal_dbm": -77,
    "best_signal_percent": 46,
    "seen": 9,
    "connected": false,
    "first_seen": "2026-09-22T19:43:27-03:00",
    "last_seen": "2026-09-22T19:44:07-03:00",
    "best_seen": "2026-09-22T19:43:37-03:00",
    "placed_by": "estimate",
    "spread_m": 13,
    "sightings": 9,
    "barely_pinned": true
   }
  },
  {
   "type": "Feature",
   "geometry": {
    "type": "Point",
    "coordinates": [
     -58.220897,
     -33.523943
    ]
   },
   "properties": {
    "kind": "network",
    "ssid": "",
    "bssid": "ap-96e4d61ce949",
    "security": "psk",
    "open": false,
    "frequency_mhz": null,
    "channel": null,
    "best_signal_dbm": -85,
    "best_signal_percent": 30,
    "seen": 13,
    "connected": false,
    "first_seen": "2026-09-22T19:23:21-03:00",
    "last_seen": "2026-09-22T19:44:07-03:00",
    "best_seen": "2026-09-22T19:43:42-03:00",
    "placed_by": "estimate",
    "spread_m": 40,
    "sightings": 13,
    "barely_pinned": true
   }
  },
  {
   "type": "Feature",
   "geometry": {
    "type": "Point",
    "coordinates": [
     -58.221071,
     -33.524028
    ]
   },
   "properties": {
    "kind": "network",
    "ssid": "",
    "bssid": "ap-79fd87f1179a",
    "security": "psk",
    "open": false,
    "frequency_mhz": null,
    "channel": null,
    "best_signal_dbm": -61,
    "best_signal_percent": 78,
    "seen": 20,
    "connected": false,
    "first_seen": "2026-09-22T19:22:46-03:00",
    "last_seen": "2026-09-22T19:44:30-03:00",
    "best_seen": "2026-09-22T19:43:47-03:00",
    "placed_by": "estimate",
    "spread_m": 18,
    "sightings": 20,
    "barely_pinned": false
   }
  },
  {
   "type": "Feature",
   "geometry": {
    "type": "Point",
    "coordinates": [
     -58.221024,
     -33.523996
    ]
   },
   "properties": {
    "kind": "network",
    "ssid": "",
    "bssid": "ap-8fc9cad001c5",
    "security": "psk",
    "open": false,
    "frequency_mhz": null,
    "channel": null,
    "best_signal_dbm": -61,
    "best_signal_percent": 78,
    "seen": 33,
    "connected": false,
    "first_seen": "2026-09-22T19:22:46-03:00",
    "last_seen": "2026-09-22T19:44:57-03:00",
    "best_seen": "2026-09-22T19:43:47-03:00",
    "placed_by": "estimate",
    "spread_m": 30,
    "sightings": 33,
    "barely_pinned": false
   }
  },
  {
   "type": "Feature",
   "geometry": {
    "type": "Point",
    "coordinates": [
     -58.221282,
     -33.524096
    ]
   },
   "properties": {
    "kind": "network",
    "ssid": "",
    "bssid": "ap-dfb4ec60d551",
    "security": "psk",
    "open": false,
    "frequency_mhz": 2427,
    "channel": 4,
    "best_signal_dbm": -80,
    "best_signal_percent": 40,
    "seen": 27,
    "connected": false,
    "first_seen": "2026-09-22T19:22:21-03:00",
    "last_seen": "2026-09-22T19:44:57-03:00",
    "best_seen": "2026-09-22T19:43:58-03:00",
    "placed_by": "estimate",
    "spread_m": 36,
    "sightings": 27,
    "barely_pinned": true
   }
  },
  {
   "type": "Feature",
   "geometry": {
    "type": "Point",
    "coordinates": [
     -58.221378,
     -33.524172
    ]
   },
   "properties": {
    "kind": "network",
    "ssid": "",
    "bssid": "ap-62d045d5374e",
    "security": "psk",
    "open": false,
    "frequency_mhz": null,
    "channel": null,
    "best_signal_dbm": -69,
    "best_signal_percent": 62,
    "seen": 8,
    "connected": false,
    "first_seen": "2026-09-22T19:43:52-03:00",
    "last_seen": "2026-09-22T19:44:30-03:00",
    "best_seen": "2026-09-22T19:43:58-03:00",
    "placed_by": "estimate",
    "spread_m": 15,
    "sightings": 8,
    "barely_pinned": true
   }
  },
  {
   "type": "Feature",
   "geometry": {
    "type": "Point",
    "coordinates": [
     -58.221429,
     -33.524162
    ]
   },
   "properties": {
    "kind": "network",
    "ssid": "",
    "bssid": "ap-c58594c48027",
    "security": "psk",
    "open": false,
    "frequency_mhz": 2442,
    "channel": 7,
    "best_signal_dbm": -61,
    "best_signal_percent": 78,
    "seen": 28,
    "connected": false,
    "first_seen": "2026-09-22T19:22:16-03:00",
    "last_seen": "2026-09-22T19:44:57-03:00",
    "best_seen": "2026-09-22T19:44:17-03:00",
    "placed_by": "estimate",
    "spread_m": 26,
    "sightings": 28,
    "barely_pinned": false
   }
  },
  {
   "type": "Feature",
   "geometry": {
    "type": "Point",
    "coordinates": [
     -58.221501,
     -33.524193
    ]
   },
   "properties": {
    "kind": "network",
    "ssid": "",
    "bssid": "ap-603c1af1946f",
    "security": "psk",
    "open": false,
    "frequency_mhz": null,
    "channel": null,
    "best_signal_dbm": -61,
    "best_signal_percent": 78,
    "seen": 23,
    "connected": false,
    "first_seen": "2026-09-22T19:22:16-03:00",
    "last_seen": "2026-09-22T19:44:57-03:00",
    "best_seen": "2026-09-22T19:44:17-03:00",
    "placed_by": "estimate",
    "spread_m": 20,
    "sightings": 23,
    "barely_pinned": false
   }
  },
  {
   "type": "Feature",
   "geometry": {
    "type": "Point",
    "coordinates": [
     -58.221782,
     -33.524294
    ]
   },
   "properties": {
    "kind": "network",
    "ssid": "",
    "bssid": "ap-000a2850c0c8",
    "security": "psk",
    "open": false,
    "frequency_mhz": null,
    "channel": null,
    "best_signal_dbm": -94,
    "best_signal_percent": 12,
    "seen": 6,
    "connected": false,
    "first_seen": "2026-09-22T19:44:23-03:00",
    "last_seen": "2026-09-22T19:44:47-03:00",
    "best_seen": "2026-09-22T19:44:23-03:00",
    "placed_by": "estimate",
    "spread_m": 9,
    "sightings": 6,
    "barely_pinned": true
   }
  },
  {
   "type": "Feature",
   "geometry": {
    "type": "Point",
    "coordinates": [
     -58.221836,
     -33.524276
    ]
   },
   "properties": {
    "kind": "network",
    "ssid": "",
    "bssid": "ap-e08bf91560d0",
    "security": "psk",
    "open": false,
    "frequency_mhz": null,
    "channel": null,
    "best_signal_dbm": -84,
    "best_signal_percent": 32,
    "seen": 6,
    "connected": false,
    "first_seen": "2026-09-22T19:44:30-03:00",
    "last_seen": "2026-09-22T19:44:52-03:00",
    "best_seen": "2026-09-22T19:44:30-03:00",
    "placed_by": "estimate",
    "spread_m": 7,
    "sightings": 6,
    "barely_pinned": true
   }
  },
  {
   "type": "Feature",
   "geometry": {
    "type": "Point",
    "coordinates": [
     -58.221852,
     -33.524254
    ]
   },
   "properties": {
    "kind": "network",
    "ssid": "",
    "bssid": "ap-31da296637d5",
    "security": "psk",
    "open": false,
    "frequency_mhz": null,
    "channel": null,
    "best_signal_dbm": -88,
    "best_signal_percent": 24,
    "seen": 7,
    "connected": false,
    "first_seen": "2026-09-22T19:44:30-03:00",
    "last_seen": "2026-09-22T19:44:57-03:00",
    "best_seen": "2026-09-22T19:44:30-03:00",
    "placed_by": "estimate",
    "spread_m": 9,
    "sightings": 7,
    "barely_pinned": true
   }
  },
  {
   "type": "Feature",
   "geometry": {
    "type": "Point",
    "coordinates": [
     -58.221918,
     -33.52416
    ]
   },
   "properties": {
    "kind": "network",
    "ssid": "",
    "bssid": "ap-9e8da6852890",
    "security": "psk",
    "open": false,
    "frequency_mhz": 2427,
    "channel": 4,
    "best_signal_dbm": -90,
    "best_signal_percent": 20,
    "seen": 10,
    "connected": false,
    "first_seen": "2026-09-22T19:44:30-03:00",
    "last_seen": "2026-09-22T19:45:13-03:00",
    "best_seen": "2026-09-22T19:44:30-03:00",
    "placed_by": "estimate",
    "spread_m": 18,
    "sightings": 10,
    "barely_pinned": true
   }
  },
  {
   "type": "Feature",
   "geometry": {
    "type": "Point",
    "coordinates": [
     -58.221858,
     -33.524247
    ]
   },
   "properties": {
    "kind": "network",
    "ssid": "",
    "bssid": "ap-3e4abe9ddc0d",
    "security": "psk",
    "open": false,
    "frequency_mhz": 2432,
    "channel": 5,
    "best_signal_dbm": -82,
    "best_signal_percent": 36,
    "seen": 7,
    "connected": false,
    "first_seen": "2026-09-22T19:44:30-03:00",
    "last_seen": "2026-09-22T19:44:57-03:00",
    "best_seen": "2026-09-22T19:44:32-03:00",
    "placed_by": "estimate",
    "spread_m": 8,
    "sightings": 7,
    "barely_pinned": true
   }
  },
  {
   "type": "Feature",
   "geometry": {
    "type": "Point",
    "coordinates": [
     -58.22177,
     -33.52418
    ]
   },
   "properties": {
    "kind": "network",
    "ssid": "",
    "bssid": "ap-55e3d934f908",
    "security": "psk",
    "open": false,
    "frequency_mhz": null,
    "channel": null,
    "best_signal_dbm": -77,
    "best_signal_percent": 46,
    "seen": 16,
    "connected": false,
    "first_seen": "2026-09-22T19:22:02-03:00",
    "last_seen": "2026-09-22T19:45:08-03:00",
    "best_seen": "2026-09-22T19:44:38-03:00",
    "placed_by": "estimate",
    "spread_m": 23,
    "sightings": 16,
    "barely_pinned": true
   }
  },
  {
   "type": "Feature",
   "geometry": {
    "type": "Point",
    "coordinates": [
     -58.222182,
     -33.523751
    ]
   },
   "properties": {
    "kind": "network",
    "ssid": "",
    "bssid": "ap-125b4de5381c",
    "security": "open",
    "open": true,
    "frequency_mhz": null,
    "channel": null,
    "best_signal_dbm": -75,
    "best_signal_percent": 50,
    "seen": 39,
    "connected": false,
    "first_seen": "2026-09-22T19:21:51-03:00",
    "last_seen": "2026-09-22T19:47:02-03:00",
    "best_seen": "2026-09-22T19:44:42-03:00",
    "placed_by": "estimate",
    "spread_m": 59,
    "sightings": 39,
    "barely_pinned": true
   }
  },
  {
   "type": "Feature",
   "geometry": {
    "type": "Point",
    "coordinates": [
     -58.22176,
     -33.524064
    ]
   },
   "properties": {
    "kind": "network",
    "ssid": "",
    "bssid": "ap-3d526164b831",
    "security": "psk",
    "open": false,
    "frequency_mhz": null,
    "channel": null,
    "best_signal_dbm": -67,
    "best_signal_percent": 66,
    "seen": 44,
    "connected": false,
    "first_seen": "2026-09-22T19:21:51-03:00",
    "last_seen": "2026-09-22T19:46:43-03:00",
    "best_seen": "2026-09-22T19:44:47-03:00",
    "placed_by": "estimate",
    "spread_m": 45,
    "sightings": 44,
    "barely_pinned": false
   }
  },
  {
   "type": "Feature",
   "geometry": {
    "type": "Point",
    "coordinates": [
     -58.22183,
     -33.524207
    ]
   },
   "properties": {
    "kind": "network",
    "ssid": "",
    "bssid": "ap-3e569637eed1",
    "security": "psk",
    "open": false,
    "frequency_mhz": null,
    "channel": null,
    "best_signal_dbm": -67,
    "best_signal_percent": 66,
    "seen": 19,
    "connected": false,
    "first_seen": "2026-09-22T19:21:56-03:00",
    "last_seen": "2026-09-22T19:45:23-03:00",
    "best_seen": "2026-09-22T19:44:47-03:00",
    "placed_by": "estimate",
    "spread_m": 18,
    "sightings": 19,
    "barely_pinned": false
   }
  },
  {
   "type": "Feature",
   "geometry": {
    "type": "Point",
    "coordinates": [
     -58.221519,
     -33.524099
    ]
   },
   "properties": {
    "kind": "network",
    "ssid": "",
    "bssid": "ap-fdc07e19cff1",
    "security": "psk",
    "open": false,
    "frequency_mhz": 2412,
    "channel": 1,
    "best_signal_dbm": -80,
    "best_signal_percent": 40,
    "seen": 25,
    "connected": false,
    "first_seen": "2026-09-22T19:22:21-03:00",
    "last_seen": "2026-09-22T19:45:18-03:00",
    "best_seen": "2026-09-22T19:44:47-03:00",
    "placed_by": "estimate",
    "spread_m": 42,
    "sightings": 25,
    "barely_pinned": true
   }
  },
  {
   "type": "Feature",
   "geometry": {
    "type": "Point",
    "coordinates": [
     -58.221933,
     -33.524141
    ]
   },
   "properties": {
    "kind": "network",
    "ssid": "",
    "bssid": "ap-9e02471932f9",
    "security": "psk",
    "open": false,
    "frequency_mhz": null,
    "channel": null,
    "best_signal_dbm": -80,
    "best_signal_percent": 40,
    "seen": 6,
    "connected": false,
    "first_seen": "2026-09-22T19:44:42-03:00",
    "last_seen": "2026-09-22T19:45:08-03:00",
    "best_seen": "2026-09-22T19:44:47-03:00",
    "placed_by": "estimate",
    "spread_m": 13,
    "sightings": 6,
    "barely_pinned": true
   }
  },
  {
   "type": "Feature",
   "geometry": {
    "type": "Point",
    "coordinates": [
     -58.221991,
     -33.524058
    ]
   },
   "properties": {
    "kind": "network",
    "ssid": "",
    "bssid": "ap-9c9206f12422",
    "security": "psk",
    "open": false,
    "frequency_mhz": 2447,
    "channel": 8,
    "best_signal_dbm": -89,
    "best_signal_percent": 22,
    "seen": 6,
    "connected": false,
    "first_seen": "2026-09-22T19:44:47-03:00",
    "last_seen": "2026-09-22T19:45:13-03:00",
    "best_seen": "2026-09-22T19:44:47-03:00",
    "placed_by": "estimate",
    "spread_m": 15,
    "sightings": 6,
    "barely_pinned": true
   }
  },
  {
   "type": "Feature",
   "geometry": {
    "type": "Point",
    "coordinates": [
     -58.222487,
     -33.523102
    ]
   },
   "properties": {
    "kind": "network",
    "ssid": "",
    "bssid": "ap-03fca67f5ff8",
    "security": "open",
    "open": true,
    "frequency_mhz": null,
    "channel": null,
    "best_signal_dbm": -88,
    "best_signal_percent": 24,
    "seen": 67,
    "connected": false,
    "first_seen": "2026-09-22T19:08:24-03:00",
    "last_seen": "2026-09-22T19:47:47-03:00",
    "best_seen": "2026-09-22T19:44:57-03:00",
    "placed_by": "estimate",
    "spread_m": 86,
    "sightings": 67,
    "barely_pinned": true
   }
  },
  {
   "type": "Feature",
   "geometry": {
    "type": "Point",
    "coordinates": [
     -58.222077,
     -33.523909
    ]
   },
   "properties": {
    "kind": "network",
    "ssid": "",
    "bssid": "ap-dc6203358489",
    "security": "psk",
    "open": false,
    "frequency_mhz": 2447,
    "channel": 8,
    "best_signal_dbm": -67,
    "best_signal_percent": 66,
    "seen": 28,
    "connected": false,
    "first_seen": "2026-09-22T19:21:37-03:00",
    "last_seen": "2026-09-22T19:46:32-03:00",
    "best_seen": "2026-09-22T19:44:57-03:00",
    "placed_by": "estimate",
    "spread_m": 34,
    "sightings": 28,
    "barely_pinned": false
   }
  },
  {
   "type": "Feature",
   "geometry": {
    "type": "Point",
    "coordinates": [
     -58.222082,
     -33.523928
    ]
   },
   "properties": {
    "kind": "network",
    "ssid": "",
    "bssid": "ap-e2704b30aa08",
    "security": "psk",
    "open": false,
    "frequency_mhz": 2417,
    "channel": 2,
    "best_signal_dbm": -93,
    "best_signal_percent": 14,
    "seen": 6,
    "connected": false,
    "first_seen": "2026-09-22T19:44:57-03:00",
    "last_seen": "2026-09-22T19:45:23-03:00",
    "best_seen": "2026-09-22T19:44:57-03:00",
    "placed_by": "estimate",
    "spread_m": 11,
    "sightings": 6,
    "barely_pinned": true
   }
  },
  {
   "type": "Feature",
   "geometry": {
    "type": "Point",
    "coordinates": [
     -58.222097,
     -33.523893
    ]
   },
   "properties": {
    "kind": "network",
    "ssid": "",
    "bssid": "ap-2d5749170121",
    "security": "psk",
    "open": false,
    "frequency_mhz": null,
    "channel": null,
    "best_signal_dbm": -75,
    "best_signal_percent": 50,
    "seen": 19,
    "connected": false,
    "first_seen": "2026-09-22T19:21:26-03:00",
    "last_seen": "2026-09-22T19:45:37-03:00",
    "best_seen": "2026-09-22T19:45:08-03:00",
    "placed_by": "estimate",
    "spread_m": 24,
    "sightings": 19,
    "barely_pinned": true
   }
  },
  {
   "type": "Feature",
   "geometry": {
    "type": "Point",
    "coordinates": [
     -58.222243,
     -33.523698
    ]
   },
   "properties": {
    "kind": "network",
    "ssid": "",
    "bssid": "ap-394cf6f5e453",
    "security": "psk",
    "open": false,
    "frequency_mhz": null,
    "channel": null,
    "best_signal_dbm": -74,
    "best_signal_percent": 52,
    "seen": 15,
    "connected": false,
    "first_seen": "2026-09-22T19:44:57-03:00",
    "last_seen": "2026-09-22T19:46:07-03:00",
    "best_seen": "2026-09-22T19:45:13-03:00",
    "placed_by": "estimate",
    "spread_m": 28,
    "sightings": 15,
    "barely_pinned": true
   }
  },
  {
   "type": "Feature",
   "geometry": {
    "type": "Point",
    "coordinates": [
     -58.222184,
     -33.523783
    ]
   },
   "properties": {
    "kind": "network",
    "ssid": "",
    "bssid": "ap-a6c6583f8783",
    "security": "psk",
    "open": false,
    "frequency_mhz": null,
    "channel": null,
    "best_signal_dbm": -87,
    "best_signal_percent": 26,
    "seen": 12,
    "connected": false,
    "first_seen": "2026-09-22T19:21:31-03:00",
    "last_seen": "2026-09-22T19:45:47-03:00",
    "best_seen": "2026-09-22T19:45:23-03:00",
    "placed_by": "estimate",
    "spread_m": 30,
    "sightings": 12,
    "barely_pinned": true
   }
  },
  {
   "type": "Feature",
   "geometry": {
    "type": "Point",
    "coordinates": [
     -58.222403,
     -33.52347
    ]
   },
   "properties": {
    "kind": "network",
    "ssid": "",
    "bssid": "ap-a79d4a02fc06",
    "security": "psk",
    "open": false,
    "frequency_mhz": null,
    "channel": null,
    "best_signal_dbm": -81,
    "best_signal_percent": 38,
    "seen": 6,
    "connected": false,
    "first_seen": "2026-09-22T19:45:33-03:00",
    "last_seen": "2026-09-22T19:45:57-03:00",
    "best_seen": "2026-09-22T19:45:33-03:00",
    "placed_by": "estimate",
    "spread_m": 8,
    "sightings": 6,
    "barely_pinned": true
   }
  },
  {
   "type": "Feature",
   "geometry": {
    "type": "Point",
    "coordinates": [
     -58.222474,
     -33.523371
    ]
   },
   "properties": {
    "kind": "network",
    "ssid": "",
    "bssid": "ap-d3380a670d6b",
    "security": "psk",
    "open": false,
    "frequency_mhz": 2447,
    "channel": 8,
    "best_signal_dbm": -83,
    "best_signal_percent": 34,
    "seen": 6,
    "connected": false,
    "first_seen": "2026-09-22T19:45:43-03:00",
    "last_seen": "2026-09-22T19:46:07-03:00",
    "best_seen": "2026-09-22T19:45:43-03:00",
    "placed_by": "estimate",
    "spread_m": 9,
    "sightings": 6,
    "barely_pinned": true
   }
  },
  {
   "type": "Feature",
   "geometry": {
    "type": "Point",
    "coordinates": [
     -58.222544,
     -33.523272
    ]
   },
   "properties": {
    "kind": "network",
    "ssid": "",
    "bssid": "ap-9586f0977c1d",
    "security": "psk",
    "open": false,
    "frequency_mhz": null,
    "channel": null,
    "best_signal_dbm": -91,
    "best_signal_percent": 18,
    "seen": 6,
    "connected": false,
    "first_seen": "2026-09-22T19:45:53-03:00",
    "last_seen": "2026-09-22T19:46:18-03:00",
    "best_seen": "2026-09-22T19:45:53-03:00",
    "placed_by": "estimate",
    "spread_m": 11,
    "sightings": 6,
    "barely_pinned": true
   }
  },
  {
   "type": "Feature",
   "geometry": {
    "type": "Point",
    "coordinates": [
     -58.22254,
     -33.523225
    ]
   },
   "properties": {
    "kind": "network",
    "ssid": "",
    "bssid": "ap-1d27c2c841f0",
    "security": "psk",
    "open": false,
    "frequency_mhz": null,
    "channel": null,
    "best_signal_dbm": -60,
    "best_signal_percent": 80,
    "seen": 34,
    "connected": false,
    "first_seen": "2026-09-22T19:10:50-03:00",
    "last_seen": "2026-09-22T19:47:12-03:00",
    "best_seen": "2026-09-22T19:46:02-03:00",
    "placed_by": "estimate",
    "spread_m": 42,
    "sightings": 34,
    "barely_pinned": false
   }
  },
  {
   "type": "Feature",
   "geometry": {
    "type": "Point",
    "coordinates": [
     -58.22258,
     -33.523221
    ]
   },
   "properties": {
    "kind": "network",
    "ssid": "",
    "bssid": "ap-8df07b3d5875",
    "security": "psk",
    "open": false,
    "frequency_mhz": null,
    "channel": null,
    "best_signal_dbm": -60,
    "best_signal_percent": 80,
    "seen": 10,
    "connected": false,
    "first_seen": "2026-09-22T19:45:53-03:00",
    "last_seen": "2026-09-22T19:46:37-03:00",
    "best_seen": "2026-09-22T19:46:02-03:00",
    "placed_by": "estimate",
    "spread_m": 15,
    "sightings": 10,
    "barely_pinned": true
   }
  },
  {
   "type": "Feature",
   "geometry": {
    "type": "Point",
    "coordinates": [
     -58.222611,
     -33.523132
    ]
   },
   "properties": {
    "kind": "network",
    "ssid": "",
    "bssid": "ap-c353dc846830",
    "security": "psk",
    "open": false,
    "frequency_mhz": 2422,
    "channel": 3,
    "best_signal_dbm": -57,
    "best_signal_percent": 86,
    "seen": 53,
    "connected": false,
    "first_seen": "2026-09-22T19:09:19-03:00",
    "last_seen": "2026-09-22T19:47:27-03:00",
    "best_seen": "2026-09-22T19:46:07-03:00",
    "placed_by": "estimate",
    "spread_m": 55,
    "sightings": 53,
    "barely_pinned": false
   }
  },
  {
   "type": "Feature",
   "geometry": {
    "type": "Point",
    "coordinates": [
     -58.222598,
     -33.523156
    ]
   },
   "properties": {
    "kind": "network",
    "ssid": "",
    "bssid": "ap-65d305b0113b",
    "security": "psk",
    "open": false,
    "frequency_mhz": null,
    "channel": null,
    "best_signal_dbm": -57,
    "best_signal_percent": 86,
    "seen": 32,
    "connected": false,
    "first_seen": "2026-09-22T19:10:39-03:00",
    "last_seen": "2026-09-22T19:46:57-03:00",
    "best_seen": "2026-09-22T19:46:07-03:00",
    "placed_by": "estimate",
    "spread_m": 36,
    "sightings": 32,
    "barely_pinned": false
   }
  },
  {
   "type": "Feature",
   "geometry": {
    "type": "Point",
    "coordinates": [
     -58.222702,
     -33.522949
    ]
   },
   "properties": {
    "kind": "network",
    "ssid": "",
    "bssid": "ap-5be14f9a4e12",
    "security": "psk",
    "open": false,
    "frequency_mhz": null,
    "channel": null,
    "best_signal_dbm": -71,
    "best_signal_percent": 58,
    "seen": 16,
    "connected": false,
    "first_seen": "2026-09-22T19:10:44-03:00",
    "last_seen": "2026-09-22T19:46:52-03:00",
    "best_seen": "2026-09-22T19:46:12-03:00",
    "placed_by": "estimate",
    "spread_m": 25,
    "sightings": 16,
    "barely_pinned": true
   }
  },
  {
   "type": "Feature",
   "geometry": {
    "type": "Point",
    "coordinates": [
     -58.222724,
     -33.523019
    ]
   },
   "properties": {
    "kind": "network",
    "ssid": "",
    "bssid": "ap-663dcfd5a667",
    "security": "psk",
    "open": false,
    "frequency_mhz": 2432,
    "channel": 5,
    "best_signal_dbm": -76,
    "best_signal_percent": 48,
    "seen": 12,
    "connected": false,
    "first_seen": "2026-09-22T19:46:02-03:00",
    "last_seen": "2026-09-22T19:46:57-03:00",
    "best_seen": "2026-09-22T19:46:12-03:00",
    "placed_by": "estimate",
    "spread_m": 21,
    "sightings": 12,
    "barely_pinned": true
   }
  },
  {
   "type": "Feature",
   "geometry": {
    "type": "Point",
    "coordinates": [
     -58.222812,
     -33.522894
    ]
   },
   "properties": {
    "kind": "network",
    "ssid": "",
    "bssid": "ap-99c58736d438",
    "security": "psk",
    "open": false,
    "frequency_mhz": null,
    "channel": null,
    "best_signal_dbm": -91,
    "best_signal_percent": 18,
    "seen": 6,
    "connected": false,
    "first_seen": "2026-09-22T19:46:22-03:00",
    "last_seen": "2026-09-22T19:46:47-03:00",
    "best_seen": "2026-09-22T19:46:22-03:00",
    "placed_by": "estimate",
    "spread_m": 15,
    "sightings": 6,
    "barely_pinned": true
   }
  },
  {
   "type": "Feature",
   "geometry": {
    "type": "Point",
    "coordinates": [
     -58.222822,
     -33.522794
    ]
   },
   "properties": {
    "kind": "network",
    "ssid": "",
    "bssid": "ap-4c6703f3d49d",
    "security": "psk",
    "open": false,
    "frequency_mhz": 2412,
    "channel": 1,
    "best_signal_dbm": -73,
    "best_signal_percent": 54,
    "seen": 15,
    "connected": false,
    "first_seen": "2026-09-22T19:10:50-03:00",
    "last_seen": "2026-09-22T19:46:57-03:00",
    "best_seen": "2026-09-22T19:46:27-03:00",
    "placed_by": "estimate",
    "spread_m": 20,
    "sightings": 15,
    "barely_pinned": true
   }
  },
  {
   "type": "Feature",
   "geometry": {
    "type": "Point",
    "coordinates": [
     -58.222911,
     -33.522756
    ]
   },
   "properties": {
    "kind": "network",
    "ssid": "",
    "bssid": "ap-7eda9dac5c91",
    "security": "psk",
    "open": false,
    "frequency_mhz": 2442,
    "channel": 7,
    "best_signal_dbm": -90,
    "best_signal_percent": 20,
    "seen": 6,
    "connected": false,
    "first_seen": "2026-09-22T19:46:32-03:00",
    "last_seen": "2026-09-22T19:46:57-03:00",
    "best_seen": "2026-09-22T19:46:32-03:00",
    "placed_by": "estimate",
    "spread_m": 12,
    "sightings": 6,
    "barely_pinned": true
   }
  },
  {
   "type": "Feature",
   "geometry": {
    "type": "Point",
    "coordinates": [
     -58.223108,
     -33.522481
    ]
   },
   "properties": {
    "kind": "network",
    "ssid": "",
    "bssid": "ap-4ddd7abb92c8",
    "security": "psk",
    "open": false,
    "frequency_mhz": null,
    "channel": null,
    "best_signal_dbm": -89,
    "best_signal_percent": 22,
    "seen": 7,
    "connected": false,
    "first_seen": "2026-09-22T19:46:52-03:00",
    "last_seen": "2026-09-22T19:47:22-03:00",
    "best_seen": "2026-09-22T19:46:52-03:00",
    "placed_by": "estimate",
    "spread_m": 13,
    "sightings": 7,
    "barely_pinned": true
   }
  },
  {
   "type": "Feature",
   "geometry": {
    "type": "Point",
    "coordinates": [
     -58.223304,
     -33.522208
    ]
   },
   "properties": {
    "kind": "network",
    "ssid": "",
    "bssid": "ap-c62783b39611",
    "security": "psk",
    "open": false,
    "frequency_mhz": null,
    "channel": null,
    "best_signal_dbm": -78,
    "best_signal_percent": 44,
    "seen": 8,
    "connected": false,
    "first_seen": "2026-09-22T19:47:12-03:00",
    "last_seen": "2026-09-22T19:47:47-03:00",
    "best_seen": "2026-09-22T19:47:27-03:00",
    "placed_by": "estimate",
    "spread_m": 15,
    "sightings": 8,
    "barely_pinned": true
   }
  },
  {
   "type": "Feature",
   "geometry": {
    "type": "Point",
    "coordinates": [
     -58.222986,
     -33.52209
    ]
   },
   "properties": {
    "kind": "network",
    "ssid": "",
    "bssid": "ap-2c4e9a7caef6",
    "security": "psk",
    "open": false,
    "frequency_mhz": null,
    "channel": null,
    "best_signal_dbm": -74,
    "best_signal_percent": 52,
    "seen": 16,
    "connected": false,
    "first_seen": "2026-09-22T19:09:10-03:00",
    "last_seen": "2026-09-22T19:47:47-03:00",
    "best_seen": "2026-09-22T19:47:42-03:00",
    "placed_by": "estimate",
    "spread_m": 56,
    "sightings": 16,
    "barely_pinned": true
   }
  },
  {
   "type": "Feature",
   "geometry": {
    "type": "Point",
    "coordinates": [
     -58.222936,
     -33.521974
    ]
   },
   "properties": {
    "kind": "network",
    "ssid": "",
    "bssid": "ap-eb83e85e8c36",
    "security": "psk",
    "open": false,
    "frequency_mhz": null,
    "channel": null,
    "best_signal_dbm": -73,
    "best_signal_percent": 54,
    "seen": 8,
    "connected": false,
    "first_seen": "2026-09-22T19:40:08-03:00",
    "last_seen": "2026-09-22T19:47:47-03:00",
    "best_seen": "2026-09-22T19:47:42-03:00",
    "placed_by": "estimate",
    "spread_m": 56,
    "sightings": 8,
    "barely_pinned": true
   }
  },
  {
   "type": "Feature",
   "geometry": {
    "type": "Point",
    "coordinates": [
     -58.223404,
     -33.522069
    ]
   },
   "properties": {
    "kind": "network",
    "ssid": "",
    "bssid": "ap-fbbb03fd345f",
    "security": "psk",
    "open": false,
    "frequency_mhz": null,
    "channel": null,
    "best_signal_dbm": -73,
    "best_signal_percent": 54,
    "seen": 4,
    "connected": false,
    "first_seen": "2026-09-22T19:47:33-03:00",
    "last_seen": "2026-09-22T19:47:47-03:00",
    "best_seen": "2026-09-22T19:47:42-03:00",
    "placed_by": "estimate",
    "spread_m": 7,
    "sightings": 4,
    "barely_pinned": true
   }
  },
  {
   "type": "Feature",
   "geometry": {
    "type": "Point",
    "coordinates": [
     -58.223425,
     -33.522039
    ]
   },
   "properties": {
    "kind": "network",
    "ssid": "",
    "bssid": "ap-fe38ffa5367f",
    "security": "psk",
    "open": false,
    "frequency_mhz": 2457,
    "channel": 10,
    "best_signal_dbm": -80,
    "best_signal_percent": 40,
    "seen": 2,
    "connected": false,
    "first_seen": "2026-09-22T19:47:42-03:00",
    "last_seen": "2026-09-22T19:47:47-03:00",
    "best_seen": "2026-09-22T19:47:42-03:00",
    "placed_by": "estimate",
    "spread_m": 5,
    "sightings": 2,
    "barely_pinned": true
   }
  },
  {
   "type": "Feature",
   "geometry": {
    "type": "Point",
    "coordinates": [
     -58.219688,
     -33.520119
    ]
   },
   "properties": {
    "kind": "crossing",
    "name": "Juan Zorrilla de San Martín y Santiago Gadea",
    "time": "2026-09-22T19:04:30-03:00"
   }
  },
  {
   "type": "Feature",
   "geometry": {
    "type": "Point",
    "coordinates": [
     -58.220588,
     -33.520562
    ]
   },
   "properties": {
    "kind": "crossing",
    "name": "Juan Zorrilla de San Martín y José Bonifacio Redruello",
    "time": "2026-09-22T19:05:42-03:00"
   }
  },
  {
   "type": "Feature",
   "geometry": {
    "type": "Point",
    "coordinates": [
     -58.221516,
     -33.521026
    ]
   },
   "properties": {
    "kind": "crossing",
    "name": "Juan Zorrilla de San Martín y José Pedro Varela",
    "time": "2026-09-22T19:06:53-03:00"
   }
  },
  {
   "type": "Feature",
   "geometry": {
    "type": "Point",
    "coordinates": [
     -58.22244,
     -33.521498
    ]
   },
   "properties": {
    "kind": "crossing",
    "name": "Juan Zorrilla de San Martín y Carlos P. Puig",
    "time": "2026-09-22T19:08:03-03:00"
   }
  },
  {
   "type": "Feature",
   "geometry": {
    "type": "Point",
    "coordinates": [
     -58.223454,
     -33.521999
    ]
   },
   "properties": {
    "kind": "crossing",
    "name": "Juan Zorrilla de San Martín y Grito de Asencio",
    "time": "2026-09-22T19:09:24-03:00"
   }
  },
  {
   "type": "Feature",
   "geometry": {
    "type": "Point",
    "coordinates": [
     -58.222895,
     -33.522778
    ]
   },
   "properties": {
    "kind": "crossing",
    "name": "Treinta y Tres Orientales, Grito de Asencio",
    "time": "2026-09-22T19:10:35-03:00"
   }
  },
  {
   "type": "Feature",
   "geometry": {
    "type": "Point",
    "coordinates": [
     -58.221896,
     -33.522281
    ]
   },
   "properties": {
    "kind": "crossing",
    "name": "Treinta y Tres Orientales, Carlos P. Puig",
    "time": "2026-09-22T19:11:58-03:00"
   }
  },
  {
   "type": "Feature",
   "geometry": {
    "type": "Point",
    "coordinates": [
     -58.22098,
     -33.521804
    ]
   },
   "properties": {
    "kind": "crossing",
    "name": "Treinta y Tres Orientales, José Pedro Varela",
    "time": "2026-09-22T19:13:07-03:00"
   }
  },
  {
   "type": "Feature",
   "geometry": {
    "type": "Point",
    "coordinates": [
     -58.220058,
     -33.521332
    ]
   },
   "properties": {
    "kind": "crossing",
    "name": "Treinta y Tres Orientales, José Bonifacio Redruello",
    "time": "2026-09-22T19:14:15-03:00"
   }
  },
  {
   "type": "Feature",
   "geometry": {
    "type": "Point",
    "coordinates": [
     -58.219161,
     -33.520877
    ]
   },
   "properties": {
    "kind": "crossing",
    "name": "Treinta y Tres Orientales, Santiago Gadea",
    "time": "2026-09-22T19:15:21-03:00"
   }
  },
  {
   "type": "Feature",
   "geometry": {
    "type": "Point",
    "coordinates": [
     -58.218623,
     -33.521648
    ]
   },
   "properties": {
    "kind": "crossing",
    "name": "Carlos María Solari y Santiago Gadea",
    "time": "2026-09-22T19:16:28-03:00"
   }
  },
  {
   "type": "Feature",
   "geometry": {
    "type": "Point",
    "coordinates": [
     -58.219522,
     -33.522111
    ]
   },
   "properties": {
    "kind": "crossing",
    "name": "Carlos María Solari y José Bonifacio Redruello",
    "time": "2026-09-22T19:17:36-03:00"
   }
  },
  {
   "type": "Feature",
   "geometry": {
    "type": "Point",
    "coordinates": [
     -58.220431,
     -33.522585
    ]
   },
   "properties": {
    "kind": "crossing",
    "name": "Carlos María Solari y José Pedro Varela",
    "time": "2026-09-22T19:18:50-03:00"
   }
  },
  {
   "type": "Feature",
   "geometry": {
    "type": "Point",
    "coordinates": [
     -58.221357,
     -33.523059
    ]
   },
   "properties": {
    "kind": "crossing",
    "name": "Carlos María Solari y Carlos P. Puig",
    "time": "2026-09-22T19:19:59-03:00"
   }
  },
  {
   "type": "Feature",
   "geometry": {
    "type": "Point",
    "coordinates": [
     -58.22234,
     -33.52356
    ]
   },
   "properties": {
    "kind": "crossing",
    "name": "Carlos María Solari y Grito de Asencio",
    "time": "2026-09-22T19:21:06-03:00"
   }
  },
  {
   "type": "Feature",
   "geometry": {
    "type": "Point",
    "coordinates": [
     -58.22178,
     -33.52436
    ]
   },
   "properties": {
    "kind": "crossing",
    "name": "Río Negro y Grito de Asencio",
    "time": "2026-09-22T19:22:06-03:00"
   }
  },
  {
   "type": "Feature",
   "geometry": {
    "type": "Point",
    "coordinates": [
     -58.220774,
     -33.523891
    ]
   },
   "properties": {
    "kind": "crossing",
    "name": "Río Negro y Carlos P. Puig",
    "time": "2026-09-22T19:23:11-03:00"
   }
  },
  {
   "type": "Feature",
   "geometry": {
    "type": "Point",
    "coordinates": [
     -58.219854,
     -33.52343
    ]
   },
   "properties": {
    "kind": "crossing",
    "name": "Río Negro y José Pedro Varela",
    "time": "2026-09-22T19:24:18-03:00"
   }
  },
  {
   "type": "Feature",
   "geometry": {
    "type": "Point",
    "coordinates": [
     -58.21892,
     -33.522974
    ]
   },
   "properties": {
    "kind": "crossing",
    "name": "Río Negro y José Bonifacio Redruello",
    "time": "2026-09-22T19:25:24-03:00"
   }
  },
  {
   "type": "Feature",
   "geometry": {
    "type": "Point",
    "coordinates": [
     -58.218001,
     -33.522543
    ]
   },
   "properties": {
    "kind": "crossing",
    "name": "Río Negro y Santiago Gadea",
    "time": "2026-09-22T19:26:26-03:00"
   }
  },
  {
   "type": "Feature",
   "geometry": {
    "type": "Point",
    "coordinates": [
     -58.218623,
     -33.521648
    ]
   },
   "properties": {
    "kind": "crossing",
    "name": "Carlos María Solari y Santiago Gadea",
    "time": "2026-09-22T19:27:43-03:00"
   }
  },
  {
   "type": "Feature",
   "geometry": {
    "type": "Point",
    "coordinates": [
     -58.219161,
     -33.520877
    ]
   },
   "properties": {
    "kind": "crossing",
    "name": "Treinta y Tres Orientales, Santiago Gadea",
    "time": "2026-09-22T19:28:53-03:00"
   }
  },
  {
   "type": "Feature",
   "geometry": {
    "type": "Point",
    "coordinates": [
     -58.219688,
     -33.520119
    ]
   },
   "properties": {
    "kind": "crossing",
    "name": "Juan Zorrilla de San Martín y Santiago Gadea",
    "time": "2026-09-22T19:29:59-03:00"
   }
  },
  {
   "type": "Feature",
   "geometry": {
    "type": "Point",
    "coordinates": [
     -58.220588,
     -33.520562
    ]
   },
   "properties": {
    "kind": "crossing",
    "name": "Juan Zorrilla de San Martín y José Bonifacio Redruello",
    "time": "2026-09-22T19:31:06-03:00"
   }
  },
  {
   "type": "Feature",
   "geometry": {
    "type": "Point",
    "coordinates": [
     -58.220058,
     -33.521332
    ]
   },
   "properties": {
    "kind": "crossing",
    "name": "Treinta y Tres Orientales, José Bonifacio Redruello",
    "time": "2026-09-22T19:32:12-03:00"
   }
  },
  {
   "type": "Feature",
   "geometry": {
    "type": "Point",
    "coordinates": [
     -58.219522,
     -33.522111
    ]
   },
   "properties": {
    "kind": "crossing",
    "name": "Carlos María Solari y José Bonifacio Redruello",
    "time": "2026-09-22T19:33:19-03:00"
   }
  },
  {
   "type": "Feature",
   "geometry": {
    "type": "Point",
    "coordinates": [
     -58.21892,
     -33.522974
    ]
   },
   "properties": {
    "kind": "crossing",
    "name": "Río Negro y José Bonifacio Redruello",
    "time": "2026-09-22T19:34:29-03:00"
   }
  },
  {
   "type": "Feature",
   "geometry": {
    "type": "Point",
    "coordinates": [
     -58.219854,
     -33.52343
    ]
   },
   "properties": {
    "kind": "crossing",
    "name": "Río Negro y José Pedro Varela",
    "time": "2026-09-22T19:35:28-03:00"
   }
  },
  {
   "type": "Feature",
   "geometry": {
    "type": "Point",
    "coordinates": [
     -58.220431,
     -33.522585
    ]
   },
   "properties": {
    "kind": "crossing",
    "name": "Carlos María Solari y José Pedro Varela",
    "time": "2026-09-22T19:36:38-03:00"
   }
  },
  {
   "type": "Feature",
   "geometry": {
    "type": "Point",
    "coordinates": [
     -58.22098,
     -33.521804
    ]
   },
   "properties": {
    "kind": "crossing",
    "name": "Treinta y Tres Orientales, José Pedro Varela",
    "time": "2026-09-22T19:37:48-03:00"
   }
  },
  {
   "type": "Feature",
   "geometry": {
    "type": "Point",
    "coordinates": [
     -58.221516,
     -33.521026
    ]
   },
   "properties": {
    "kind": "crossing",
    "name": "Juan Zorrilla de San Martín y José Pedro Varela",
    "time": "2026-09-22T19:38:52-03:00"
   }
  },
  {
   "type": "Feature",
   "geometry": {
    "type": "Point",
    "coordinates": [
     -58.22244,
     -33.521498
    ]
   },
   "properties": {
    "kind": "crossing",
    "name": "Juan Zorrilla de San Martín y Carlos P. Puig",
    "time": "2026-09-22T19:39:55-03:00"
   }
  },
  {
   "type": "Feature",
   "geometry": {
    "type": "Point",
    "coordinates": [
     -58.221896,
     -33.522281
    ]
   },
   "properties": {
    "kind": "crossing",
    "name": "Treinta y Tres Orientales, Carlos P. Puig",
    "time": "2026-09-22T19:41:01-03:00"
   }
  },
  {
   "type": "Feature",
   "geometry": {
    "type": "Point",
    "coordinates": [
     -58.221357,
     -33.523059
    ]
   },
   "properties": {
    "kind": "crossing",
    "name": "Carlos María Solari y Carlos P. Puig",
    "time": "2026-09-22T19:42:10-03:00"
   }
  },
  {
   "type": "Feature",
   "geometry": {
    "type": "Point",
    "coordinates": [
     -58.220774,
     -33.523891
    ]
   },
   "properties": {
    "kind": "crossing",
    "name": "Río Negro y Carlos P. Puig",
    "time": "2026-09-22T19:43:17-03:00"
   }
  },
  {
   "type": "Feature",
   "geometry": {
    "type": "Point",
    "coordinates": [
     -58.22178,
     -33.52436
    ]
   },
   "properties": {
    "kind": "crossing",
    "name": "Río Negro y Grito de Asencio",
    "time": "2026-09-22T19:44:31-03:00"
   }
  },
  {
   "type": "Feature",
   "geometry": {
    "type": "Point",
    "coordinates": [
     -58.22234,
     -33.52356
    ]
   },
   "properties": {
    "kind": "crossing",
    "name": "Carlos María Solari y Grito de Asencio",
    "time": "2026-09-22T19:45:35-03:00"
   }
  },
  {
   "type": "Feature",
   "geometry": {
    "type": "Point",
    "coordinates": [
     -58.222895,
     -33.522778
    ]
   },
   "properties": {
    "kind": "crossing",
    "name": "Treinta y Tres Orientales, Grito de Asencio",
    "time": "2026-09-22T19:46:42-03:00"
   }
  },
  {
   "type": "Feature",
   "geometry": {
    "type": "Point",
    "coordinates": [
     -58.223454,
     -33.521999
    ]
   },
   "properties": {
    "kind": "crossing",
    "name": "Juan Zorrilla de San Martín y Grito de Asencio",
    "time": "2026-09-22T19:47:47-03:00"
   }
  },
  {
   "type": "Feature",
   "geometry": {
    "type": "LineString",
    "coordinates": [
     [
      -58.219688,
      -33.520119
     ],
     [
      -58.220588,
      -33.520562
     ],
     [
      -58.221516,
      -33.521026
     ],
     [
      -58.22244,
      -33.521498
     ],
     [
      -58.223454,
      -33.521999
     ],
     [
      -58.222895,
      -33.522778
     ],
     [
      -58.221896,
      -33.522281
     ],
     [
      -58.22098,
      -33.521804
     ],
     [
      -58.220058,
      -33.521332
     ],
     [
      -58.219161,
      -33.520877
     ],
     [
      -58.218623,
      -33.521648
     ],
     [
      -58.219522,
      -33.522111
     ],
     [
      -58.220431,
      -33.522585
     ],
     [
      -58.221357,
      -33.523059
     ],
     [
      -58.22234,
      -33.52356
     ],
     [
      -58.22178,
      -33.52436
     ],
     [
      -58.220774,
      -33.523891
     ],
     [
      -58.219854,
      -33.52343
     ],
     [
      -58.21892,
      -33.522974
     ],
     [
      -58.218001,
      -33.522543
     ],
     [
      -58.218623,
      -33.521648
     ],
     [
      -58.219161,
      -33.520877
     ],
     [
      -58.219688,
      -33.520119
     ],
     [
      -58.220588,
      -33.520562
     ],
     [
      -58.220058,
      -33.521332
     ],
     [
      -58.219522,
      -33.522111
     ],
     [
      -58.21892,
      -33.522974
     ],
     [
      -58.219854,
      -33.52343
     ],
     [
      -58.220431,
      -33.522585
     ],
     [
      -58.22098,
      -33.521804
     ],
     [
      -58.221516,
      -33.521026
     ],
     [
      -58.22244,
      -33.521498
     ],
     [
      -58.221896,
      -33.522281
     ],
     [
      -58.221357,
      -33.523059
     ],
     [
      -58.220774,
      -33.523891
     ],
     [
      -58.22178,
      -33.52436
     ],
     [
      -58.22234,
      -33.52356
     ],
     [
      -58.222895,
      -33.522778
     ],
     [
      -58.223454,
      -33.521999
     ]
    ]
   },
   "properties": {
    "kind": "route",
    "from": "Juan Zorrilla de San Martín y Santiago Gadea",
    "to": "Juan Zorrilla de San Martín y Grito de Asencio"
   }
  }
 ]
}