ssid,bssid,security,frequency_mhz,channel,best_signal_dbm,best_signal_percent,best_seen,seen,connected,first_seen,last_seen,from,to,fraction,lat,lon,estimated_lat,estimated_lon,spread_m,estimated_from,estimated_to,estimated_fraction,estimated_spread,barely_pinned
,ap-55808f26cd72,psk,,,-88,24,2026-09-22T19:04:34-03:00,5,,2026-09-22T19:04:34-03:00,2026-09-22T19:04:54-03:00,Juan Zorrilla de San Martín y Santiago Gadea,Juan Zorrilla de San Martín y José Bonifacio Redruello,0.056,-33.520144,-58.219738,-33.520185,-58.219821,4,Juan Zorrilla de San Martín y Santiago Gadea,Juan Zorrilla de San Martín y José Bonifacio Redruello,0.148,0.045,yes
,ap-ee0277dfef0d,psk,,,-59,82,2026-09-22T19:04:59-03:00,39,,2026-09-22T19:04:34-03:00,2026-09-22T19:31:37-03:00,Juan Zorrilla de San Martín y Santiago Gadea,Juan Zorrilla de San Martín y José Bonifacio Redruello,0.345,-33.520272,-58.219998,-33.520402,-58.220224,23,Juan Zorrilla de San Martín y Santiago Gadea,Juan Zorrilla de San Martín y José Bonifacio Redruello,0.511,0.162,
,ap-3e2c502c4338,psk,,,-58,84,2026-09-22T19:04:59-03:00,35,,2026-09-22T19:04:34-03:00,2026-09-22T19:31:18-03:00,Juan Zorrilla de San Martín y Santiago Gadea,Juan Zorrilla de San Martín y José Bonifacio Redruello,0.345,-33.520272,-58.219998,-33.520378,-58.220204,25,Juan Zorrilla de San Martín y Santiago Gadea,Juan Zorrilla de San Martín y José Bonifacio Redruello,0.486,0.198,yes
,ap-f7886b3f7bab,psk,,,-58,84,2026-09-22T19:04:59-03:00,23,,2026-09-22T19:04:34-03:00,2026-09-22T19:30:57-03:00,Juan Zorrilla de San Martín y Santiago Gadea,Juan Zorrilla de San Martín y José Bonifacio Redruello,0.345,-33.520272,-58.219998,-33.520346,-58.220149,19,Juan Zorrilla de San Martín y Santiago Gadea,Juan Zorrilla de San Martín y José Bonifacio Redruello,0.513,0.193,yes
,ap-42781ef0ec62,psk,,,-58,84,2026-09-22T19:04:59-03:00,23,,2026-09-22T19:04:49-03:00,2026-09-22T19:31:07-03:00,Juan Zorrilla de San Martín y Santiago Gadea,Juan Zorrilla de San Martín y José Bonifacio Redruello,0.345,-33.520272,-58.219998,-33.520356,-58.220168,19,Juan Zorrilla de San Martín y Santiago Gadea,Juan Zorrilla de San Martín y José Bonifacio Redruello,0.515,0.184,yes
,ap-ef7189c3dc3d,psk,2447,8,-86,28,2026-09-22T19:04:59-03:00,13,,2026-09-22T19:04:59-03:00,2026-09-22T19:30:57-03:00,Juan Zorrilla de San Martín y Santiago Gadea,Juan Zorrilla de San Martín y José Bonifacio Redruello,0.345,-33.520272,-58.219998,-33.520388,-58.220235,11,Juan Zorrilla de San Martín y Santiago Gadea,Juan Zorrilla de San Martín y José Bonifacio Redruello,0.608,0.118,yes
,ap-f4b5f5fb1c0c,psk,2422,3,-49,100,2026-09-22T19:05:05-03:00,44,,2026-09-22T19:04:34-03:00,2026-09-22T19:31:27-03:00,Juan Zorrilla de San Martín y Santiago Gadea,Juan Zorrilla de San Martín y José Bonifacio Redruello,0.440,-33.520314,-58.220083,-33.520393,-58.220222,29,Juan Zorrilla de San Martín y Santiago Gadea,Juan Zorrilla de San Martín y José Bonifacio Redruello,0.463,0.170,
,ap-35b68fb60a0c,psk,2417,2,-50,100,2026-09-22T19:05:11-03:00,63,,2026-09-22T19:04:34-03:00,2026-09-22T19:31:47-03:00,Juan Zorrilla de San Martín y Santiago Gadea,Juan Zorrilla de San Martín y José Bonifacio Redruello,0.554,-33.520364,-58.220186,-33.520488,-58.220368,41,Juan Zorrilla de San Martín y Santiago Gadea,Juan Zorrilla de San Martín y José Bonifacio Redruello,0.531,0.199,
,ap-9db1204a3f8a,psk,,,-60,80,2026-09-22T19:05:20-03:00,43,,2026-09-22T19:04:34-03:00,2026-09-22T19:31:32-03:00,Juan Zorrilla de San Martín y Santiago Gadea,Juan Zorrilla de San Martín y José Bonifacio Redruello,0.659,-33.520411,-58.220281,-33.520471,-58.220368,29,Juan Zorrilla de San Martín y Santiago Gadea,Juan Zorrilla de San Martín y José Bonifacio Redruello,0.591,0.183,
,ap-bcb1b8d50f03,psk,,,-60,80,2026-09-22T19:05:20-03:00,21,,2026-09-22T19:05:05-03:00,2026-09-22T19:31:18-03:00,Juan Zorrilla de San Martín y Santiago Gadea,Juan Zorrilla de San Martín y José Bonifacio Redruello,0.659,-33.520411,-58.220281,-33.520465,-58.220379,16,Juan Zorrilla de San Martín y Santiago Gadea,Juan Zorrilla de San Martín y José Bonifacio Redruello,0.698,0.113,yes
,ap-754447d69de1,psk,,,-69,62,2026-09-22T19:05:25-03:00,29,,2026-09-22T19:05:11-03:00,2026-09-22T19:31:37-03:00,Juan Zorrilla de San Martín y Santiago Gadea,Juan Zorrilla de San Martín y José Bonifacio Redruello,0.764,-33.520458,-58.220376,-33.520555,-58.220499,23,Juan Zorrilla de San Martín y Santiago Gadea,Juan Zorrilla de San Martín y José Bonifacio Redruello,0.768,0.103,yes
,ap-51560547dbec,psk,2437,6,-56,88,2026-09-22T19:05:30-03:00,56,,2026-09-22T19:04:34-03:00,2026-09-22T19:32:08-03:00,Juan Zorrilla de San Martín y Santiago Gadea,Juan Zorrilla de San Martín y José Bonifacio Redruello,0.916,-33.520525,-58.220513,-33.520601,-58.220547,39,Juan Zorrilla de San Martín y Santiago Gadea,Juan Zorrilla de San Martín y José Bonifacio Redruello,0.697,0.185,
,ap-555bb6513967,psk,,,-91,18,2026-09-22T19:05:30-03:00,6,,2026-09-22T19:05:30-03:00,2026-09-22T19:05:54-03:00,Juan Zorrilla de San Martín y Santiago Gadea,Juan Zorrilla de San Martín y José Bonifacio Redruello,0.916,-33.520525,-58.220513,-33.520574,-58.220611,8,Juan Zorrilla de San Martín y Santiago Gadea,Juan Zorrilla de San Martín y José Bonifacio Redruello,0.944,0.019,yes
,ap-56f02c29257b,psk,2452,9,-65,70,2026-09-22T19:05:50-03:00,44,,2026-09-22T19:05:25-03:00,2026-09-22T19:33:17-03:00,Juan Zorrilla de San Martín y José Bonifacio Redruello,Juan Zorrilla de San Martín y José Pedro Varela,0.090,-33.520604,-58.220672,-33.520907,-58.220396,50,Juan Zorrilla de San Martín y José Bonifacio Redruello,"Treinta y Tres Orientales, José Bonifacio Redruello",0.390,0.243,yes
,ap-aa95c18dc4ee,psk,,,-66,68,2026-09-22T19:05:50-03:00,23,,2026-09-22T19:05:40-03:00,2026-09-22T19:32:02-03:00,Juan Zorrilla de San Martín y José Bonifacio Redruello,Juan Zorrilla de San Martín y José Pedro Varela,0.090,-33.520604,-58.220672,-33.520717,-58.220605,24,Juan Zorrilla de San Martín y José Bonifacio Redruello,Juan Zorrilla de San Martín y José Pedro Varela,0.222,0.158,yes
,ap-09f36e4df16a,psk,,,-48,100,2026-09-22T19:06:04-03:00,61,,2026-09-22T19:05:25-03:00,2026-09-22T19:39:57-03:00,Juan Zorrilla de San Martín y José Bonifacio Redruello,Juan Zorrilla de San Martín y José Pedro Varela,0.359,-33.520729,-58.220921,-33.520919,-58.221113,52,Juan Zorrilla de San Martín y José Bonifacio Redruello,Juan Zorrilla de San Martín y José Pedro Varela,0.491,0.191,
,ap-eba8900b8d68,psk,,,-48,100,2026-09-22T19:06:04-03:00,21,,2026-09-22T19:05:54-03:00,2026-09-22T19:31:47-03:00,Juan Zorrilla de San Martín y José Bonifacio Redruello,Juan Zorrilla de San Martín y José Pedro Varela,0.359,-33.520729,-58.220921,-33.520804,-58.220901,28,Juan Zorrilla de San Martín y José Bonifacio Redruello,Juan Zorrilla de San Martín y José Pedro Varela,0.501,0.188,
,ap-6e66036e91e9,psk,2422,3,-75,50,2026-09-22T19:06:09-03:00,18,,2026-09-22T19:06:09-03:00,2026-09-22T19:31:47-03:00,Juan Zorrilla de San Martín y José Bonifacio Redruello,Juan Zorrilla de San Martín y José Pedro Varela,0.419,-33.520756,-58.220977,-33.520872,-58.221029,33,Juan Zorrilla de San Martín y José Bonifacio Redruello,Juan Zorrilla de San Martín y José Pedro Varela,0.644,0.161,yes
,ap-df06ae61aac6,psk,2457,10,-62,76,2026-09-22T19:06:14-03:00,34,,2026-09-22T19:05:54-03:00,2026-09-22T19:31:47-03:00,Juan Zorrilla de San Martín y José Bonifacio Redruello,Juan Zorrilla de San Martín y José Pedro Varela,0.440,-33.520766,-58.220996,-33.520894,-58.221143,38,Juan Zorrilla de San Martín y José Bonifacio Redruello,Juan Zorrilla de San Martín y José Pedro Varela,0.621,0.182,
,ap-1d8c9b0b6e9b,psk,,,-67,66,2026-09-22T19:06:14-03:00,12,,2026-09-22T19:06:04-03:00,2026-09-22T19:06:59-03:00,Juan Zorrilla de San Martín y José Bonifacio Redruello,Juan Zorrilla de San Martín y José Pedro Varela,0.440,-33.520766,-58.220996,-33.520860,-58.221183,20,Juan Zorrilla de San Martín y José Bonifacio Redruello,Juan Zorrilla de San Martín y José Pedro Varela,0.602,0.173,yes
,ap-b5a94a13d6c9,psk,,,-67,66,2026-09-22T19:06:14-03:00,34,,2026-09-22T19:06:04-03:00,2026-09-22T19:39:43-03:00,Juan Zorrilla de San Martín y José Bonifacio Redruello,Juan Zorrilla de San Martín y José Pedro Varela,0.440,-33.520766,-58.220996,-33.520929,-58.221208,46,Juan Zorrilla de San Martín y José Bonifacio Redruello,Juan Zorrilla de San Martín y José Pedro Varela,0.602,0.173,yes
,ap-9d84e7caaac8,psk,,,-63,74,2026-09-22T19:06:14-03:00,22,,2026-09-22T19:06:04-03:00,2026-09-22T19:31:37-03:00,Juan Zorrilla de San Martín y José Bonifacio Redruello,Juan Zorrilla de San Martín y José Pedro Varela,0.440,-33.520766,-58.220996,-33.520873,-58.221118,31,Juan Zorrilla de San Martín y José Bonifacio Redruello,Juan Zorrilla de San Martín y José Pedro Varela,0.640,0.171,
,ap-a4566ac438f0,psk,,,-76,48,2026-09-22T19:06:14-03:00,14,,2026-09-22T19:06:09-03:00,2026-09-22T19:31:47-03:00,Juan Zorrilla de San Martín y José Bonifacio Redruello,Juan Zorrilla de San Martín y José Pedro Varela,0.440,-33.520766,-58.220996,-33.520860,-58.220902,35,Juan Zorrilla de San Martín y José Bonifacio Redruello,Juan Zorrilla de San Martín y José Pedro Varela,0.626,0.174,yes
,ap-d2acef60e61d,psk,2452,9,-72,56,2026-09-22T19:06:25-03:00,39,,2026-09-22T19:06:19-03:00,2026-09-22T19:40:08-03:00,Juan Zorrilla de San Martín y José Bonifacio Redruello,Juan Zorrilla de San Martín y José Pedro Varela,0.670,-33.520873,-58.221210,-33.521097,-58.221599,44,Juan Zorrilla de San Martín y José Pedro Varela,Juan Zorrilla de San Martín y Carlos P. Puig,0.400,0.198,yes
,ap-fb4beeb0ceed,open,,,-66,68,2026-09-22T19:06:29-03:00,47,,2026-09-22T19:04:59-03:00,2026-09-22T19:40:08-03:00,Juan Zorrilla de San Martín y José Bonifacio Redruello,Juan Zorrilla de San Martín y José Pedro Varela,0.795,-33.520931,-58.221325,-33.520985,-58.221369,41,Juan Zorrilla de San Martín y José Bonifacio Redruello,Juan Zorrilla de San Martín y José Pedro Varela,0.744,0.129,
,ap-99cb8e4c526f,psk,,,-72,56,2026-09-22T19:06:29-03:00,9,,2026-09-22T19:06:19-03:00,2026-09-22T19:06:59-03:00,Juan Zorrilla de San Martín y José Bonifacio Redruello,Juan Zorrilla de San Martín y José Pedro Varela,0.795,-33.520931,-58.221325,-33.520930,-58.221325,13,Juan Zorrilla de San Martín y José Bonifacio Redruello,Juan Zorrilla de San Martín y José Pedro Varela,0.749,0.112,yes
,ap-5911b070003b,psk,2427,4,-59,82,2026-09-22T19:06:29-03:00,37,,2026-09-22T19:06:25-03:00,2026-09-22T19:39:39-03:00,Juan Zorrilla de San Martín y José Bonifacio Redruello,Juan Zorrilla de San Martín y José Pedro Varela,0.795,-33.520931,-58.221325,-33.521126,-58.221344,42,Juan Zorrilla de San Martín y José Bonifacio Redruello,Juan Zorrilla de San Martín y José Pedro Varela,0.843,0.061,
,ap-fd0b688b8b33,psk,,,-59,82,2026-09-22T19:06:29-03:00,35,,2026-09-22T19:06:29-03:00,2026-09-22T19:39:28-03:00,Juan Zorrilla de San Martín y José Bonifacio Redruello,Juan Zorrilla de San Martín y José Pedro Varela,0.795,-33.520931,-58.221325,-33.521113,-58.221348,39,Juan Zorrilla de San Martín y José Bonifacio Redruello,Juan Zorrilla de San Martín y José Pedro Varela,0.860,0.050,
,ap-145c6ae16c64,psk,2427,4,-67,66,2026-09-22T19:06:39-03:00,37,,2026-09-22T19:06:25-03:00,2026-09-22T19:40:08-03:00,Juan Zorrilla de San Martín y José Bonifacio Redruello,Juan Zorrilla de San Martín y José Pedro Varela,0.852,-33.520957,-58.221379,-33.521178,-58.221787,31,Juan Zorrilla de San Martín y José Pedro Varela,Juan Zorrilla de San Martín y Carlos P. Puig,0.371,0.230,yes
,ap-f0e17968b069,psk,2447,8,-63,74,2026-09-22T19:06:44-03:00,57,,2026-09-22T19:04:34-03:00,2026-09-22T19:39:57-03:00,Juan Zorrilla de San Martín y José Bonifacio Redruello,Juan Zorrilla de San Martín y José Pedro Varela,0.889,-33.520974,-58.221413,-33.521049,-58.221495,53,Juan Zorrilla de San Martín y José Pedro Varela,Juan Zorrilla de San Martín y Carlos P. Puig,0.386,0.204,
,ap-d13af81a23b1,psk,,,-63,74,2026-09-22T19:06:44-03:00,39,,2026-09-22T19:06:19-03:00,2026-09-22T19:39:43-03:00,Juan Zorrilla de San Martín y José Bonifacio Redruello,Juan Zorrilla de San Martín y José Pedro Varela,0.889,-33.520974,-58.221413,-33.521068,-58.221410,44,Juan Zorrilla de San Martín y José Pedro Varela,Juan Zorrilla de San Martín y Carlos P. Puig,0.309,0.150,yes
,ap-c2ab5149d656,psk,,,-91,18,2026-09-22T19:06:59-03:00,6,,2026-09-22T19:06:59-03:00,2026-09-22T19:07:25-03:00,Juan Zorrilla de San Martín y José Pedro Varela,Juan Zorrilla de San Martín y Carlos P. Puig,0.077,-33.521062,-58.221587,-33.521135,-58.221731,8,Juan Zorrilla de San Martín y José Pedro Varela,Juan Zorrilla de San Martín y Carlos P. Puig,0.232,0.084,yes
,ap-aae1511e392d,psk,2412,1,-72,56,2026-09-22T19:07:04-03:00,32,,2026-09-22T19:06:29-03:00,2026-09-22T19:39:46-03:00,Juan Zorrilla de San Martín y José Pedro Varela,Juan Zorrilla de San Martín y Carlos P. Puig,0.143,-33.521093,-58.221649,-33.521193,-58.221844,24,Juan Zorrilla de San Martín y José Pedro Varela,Juan Zorrilla de San Martín y Carlos P. Puig,0.379,0.197,yes
,ap-8b83a5b74852,psk,2442,7,-49,100,2026-09-22T19:07:34-03:00,24,,2026-09-22T19:07:19-03:00,2026-09-22T19:40:12-03:00,Juan Zorrilla de San Martín y José Pedro Varela,Juan Zorrilla de San Martín y Carlos P. Puig,0.451,-33.521238,-58.221934,-33.521360,-58.222108,22,Juan Zorrilla de San Martín y José Pedro Varela,Juan Zorrilla de San Martín y Carlos P. Puig,0.571,0.134,yes
,ap-20bf24275d66,psk,,,-65,70,2026-09-22T19:07:34-03:00,33,,2026-09-22T19:07:19-03:00,2026-09-22T19:40:24-03:00,Juan Zorrilla de San Martín y José Pedro Varela,Juan Zorrilla de San Martín y Carlos P. Puig,0.451,-33.521238,-58.221934,-33.521412,-58.222197,32,Juan Zorrilla de San Martín y José Pedro Varela,Juan Zorrilla de San Martín y Carlos P. Puig,0.571,0.147,yes
,ap-2d5a15f80e5e,psk,2422,3,-52,96,2026-09-22T19:07:59-03:00,67,,2026-09-22T19:07:25-03:00,2026-09-22T19:47:42-03:00,Juan Zorrilla de San Martín y José Pedro Varela,Juan Zorrilla de San Martín y Carlos P. Puig,0.943,-33.521471,-58.222388,-33.521755,-58.222527,55,Juan Zorrilla de San Martín y José Pedro Varela,Juan Zorrilla de San Martín y Carlos P. Puig,0.734,0.169,yes
,ap-548f545f59d7,psk,2462,11,-67,66,2026-09-22T19:08:04-03:00,58,,2026-09-22T19:07:44-03:00,2026-09-22T19:41:21-03:00,Juan Zorrilla de San Martín y Carlos P. Puig,Juan Zorrilla de San Martín y Grito de Asencio,0.012,-33.521504,-58.222452,-33.521895,-58.222583,59,Juan Zorrilla de San Martín y Carlos P. Puig,Juan Zorrilla de San Martín y Grito de Asencio,0.366,0.236,yes
,ap-85669e857337,psk,,,-68,64,2026-09-22T19:08:14-03:00,36,,2026-09-22T19:07:55-03:00,2026-09-22T19:47:17-03:00,Juan Zorrilla de San Martín y Carlos P. Puig,Juan Zorrilla de San Martín y Grito de Asencio,0.145,-33.521571,-58.222587,-33.521932,-58.222666,55,Juan Zorrilla de San Martín y Carlos P. Puig,Juan Zorrilla de San Martín y Grito de Asencio,0.304,0.190,yes
,ap-89216d946f86,psk,2417,2,-83,34,2026-09-22T19:08:39-03:00,8,,2026-09-22T19:08:39-03:00,2026-09-22T19:09:14-03:00,Juan Zorrilla de San Martín y Carlos P. Puig,Juan Zorrilla de San Martín y Grito de Asencio,0.488,-33.521743,-58.222935,-33.521838,-58.223130,12,Juan Zorrilla de San Martín y Carlos P. Puig,Juan Zorrilla de San Martín y Grito de Asencio,0.680,0.110,yes
,ap-909f805b9104,psk,2472,13,-79,42,2026-09-22T19:08:54-03:00,53,,2026-09-22T19:08:20-03:00,2026-09-22T19:47:47-03:00,Juan Zorrilla de San Martín y Carlos P. Puig,Juan Zorrilla de San Martín y Grito de Asencio,0.658,-33.521828,-58.223108,-33.522099,-58.222811,60,Juan Zorrilla de San Martín y Carlos P. Puig,Juan Zorrilla de San Martín y Grito de Asencio,0.687,0.150,yes
,ap-953ebe77c780,open,2437,6,-75,50,2026-09-22T19:09:04-03:00,42,,2026-09-22T19:08:34-03:00,2026-09-22T19:47:47-03:00,Juan Zorrilla de San Martín y Carlos P. Puig,Juan Zorrilla de San Martín y Grito de Asencio,0.771,-33.521884,-58.223222,-33.521961,-58.222950,50,Juan Zorrilla de San Martín y Carlos P. Puig,Juan Zorrilla de San Martín y Grito de Asencio,0.683,0.123,yes
,ap-3ec9bd29f882,psk,,,-80,40,2026-09-22T19:09:04-03:00,23,,2026-09-22T19:08:54-03:00,2026-09-22T19:47:47-03:00,Juan Zorrilla de San Martín y Carlos P. Puig,Juan Zorrilla de San Martín y Grito de Asencio,0.771,-33.521884,-58.223222,-33.522092,-58.223127,38,Juan Zorrilla de San Martín y Grito de Asencio,"Treinta y Tres Orientales, Grito de Asencio",0.178,0.096,
,ap-ad9b46b8e4b8,psk,,,-64,72,2026-09-22T19:09:24-03:00,37,,2026-09-22T19:08:59-03:00,2026-09-22T19:47:47-03:00,Juan Zorrilla de San Martín y Grito de Asencio,"Treinta y Tres Orientales, Grito de Asencio",0.000,-33.521999,-58.223454,-33.522166,-58.222944,55,Juan Zorrilla de San Martín y Grito de Asencio,"Treinta y Tres Orientales, Grito de Asencio",0.183,0.161,yes
,ap-dbfcc79e760f,psk,2427,4,-75,50,2026-09-22T19:09:24-03:00,11,,2026-09-22T19:09:14-03:00,2026-09-22T19:10:04-03:00,Juan Zorrilla de San Martín y Grito de Asencio,"Treinta y Tres Orientales, Grito de Asencio",0.000,-33.521999,-58.223454,-33.522084,-58.223367,13,Juan Zorrilla de San Martín y Grito de Asencio,"Treinta y Tres Orientales, Grito de Asencio",0.149,0.127,yes
,ap-d2a8220e3e2a,psk,,,-86,28,2026-09-22T19:09:24-03:00,8,,2026-09-22T19:09:19-03:00,2026-09-22T19:09:54-03:00,Juan Zorrilla de San Martín y Grito de Asencio,"Treinta y Tres Orientales, Grito de Asencio",0.000,-33.521999,-58.223454,-33.522116,-58.223361,11,Juan Zorrilla de San Martín y Grito de Asencio,"Treinta y Tres Orientales, Grito de Asencio",0.174,0.109,yes
,ap-a2622e387ade,psk,2437,6,-57,86,2026-09-22T19:09:29-03:00,84,,2026-09-22T19:08:24-03:00,2026-09-22T19:47:47-03:00,Juan Zorrilla de San Martín y Grito de Asencio,"Treinta y Tres Orientales, Grito de Asencio",0.093,-33.522071,-58.223402,-33.522148,-58.222961,55,Juan Zorrilla de San Martín y Grito de Asencio,"Treinta y Tres Orientales, Grito de Asencio",0.285,0.209,yes
,ap-97a27141f701,psk,2437,6,-59,82,2026-09-22T19:09:29-03:00,58,,2026-09-22T19:08:49-03:00,2026-09-22T19:47:47-03:00,Juan Zorrilla de San Martín y Grito de Asencio,"Treinta y Tres Orientales, Grito de Asencio",0.093,-33.522071,-58.223402,-33.522175,-58.223001,52,Juan Zorrilla de San Martín y Grito de Asencio,"Treinta y Tres Orientales, Grito de Asencio",0.258,0.185,yes
,ap-2437f519fe5c,psk,,,-62,76,2026-09-22T19:09:29-03:00,28,,2026-09-22T19:08:59-03:00,2026-09-22T19:47:47-03:00,Juan Zorrilla de San Martín y Grito de Asencio,"Treinta y Tres Orientales, Grito de Asencio",0.093,-33.522071,-58.223402,-33.522095,-58.223223,27,Juan Zorrilla de San Martín y Grito de Asencio,"Treinta y Tres Orientales, Grito de Asencio",0.199,0.126,
,ap-2fb8cb09edf1,psk,,,-62,76,2026-09-22T19:09:29-03:00,28,,2026-09-22T19:08:59-03:00,2026-09-22T19:47:47-03:00,Juan Zorrilla de San Martín y Grito de Asencio,"Treinta y Tres Orientales, Grito de Asencio",0.093,-33.522071,-58.223402,-33.522102,-58.223205,29,Juan Zorrilla de San Martín y Grito de Asencio,"Treinta y Tres Orientales, Grito de Asencio",0.203,0.126,
,ap-1751fdeafa8a,psk,,,-85,30,2026-09-22T19:09:39-03:00,25,,2026-09-22T19:09:10-03:00,2026-09-22T19:47:47-03:00,Juan Zorrilla de San Martín y Grito de Asencio,"Treinta y Tres Orientales, Grito de Asencio",0.147,-33.522113,-58.223372,-33.522324,-58.223179,34,Juan Zorrilla de San Martín y Grito de Asencio,"Treinta y Tres Orientales, Grito de Asencio",0.398,0.263,yes
,ap-f8215690db2c,psk,2447,8,-80,40,2026-09-22T19:09:39-03:00,15,,2026-09-22T19:09:35-03:00,2026-09-22T19:10:44-03:00,Juan Zorrilla de San Martín y Grito de Asencio,"Treinta y Tres Orientales, Grito de Asencio",0.147,-33.522113,-58.223372,-33.522456,-58.223113,27,Juan Zorrilla de San Martín y Grito de Asencio,"Treinta y Tres Orientales, Grito de Asencio",0.530,0.242,yes
,ap-90b8fc5dffce,psk,2417,2,-60,80,2026-09-22T19:09:49-03:00,46,,2026-09-22T19:09:14-03:00,2026-09-22T19:47:47-03:00,Juan Zorrilla de San Martín y Grito de Asencio,"Treinta y Tres Orientales, Grito de Asencio",0.329,-33.522255,-58.223270,-33.522352,-58.222992,40,Juan Zorrilla de San Martín y Grito de Asencio,"Treinta y Tres Orientales, Grito de Asencio",0.451,0.200,yes
,ap-f2db0408a4e4,psk,2417,2,-61,78,2026-09-22T19:09:49-03:00,34,,2026-09-22T19:09:14-03:00,2026-09-22T19:47:47-03:00,Juan Zorrilla de San Martín y Grito de Asencio,"Treinta y Tres Orientales, Grito de Asencio",0.329,-33.522255,-58.223270,-33.522334,-58.223112,31,Juan Zorrilla de San Martín y Grito de Asencio,"Treinta y Tres Orientales, Grito de Asencio",0.457,0.214,
,ap-cee2f397df1c,psk,,,-76,48,2026-09-22T19:09:49-03:00,25,,2026-09-22T19:09:24-03:00,2026-09-22T19:21:46-03:00,Juan Zorrilla de San Martín y Grito de Asencio,"Treinta y Tres Orientales, Grito de Asencio",0.329,-33.522255,-58.223270,-33.522600,-58.223017,53,Juan Zorrilla de San Martín y Grito de Asencio,"Treinta y Tres Orientales, Grito de Asencio",0.458,0.223,
,ap-56e3a68261f4,psk,2417,2,-65,70,2026-09-22T19:09:54-03:00,38,,2026-09-22T19:08:24-03:00,2026-09-22T19:47:47-03:00,Juan Zorrilla de San Martín y Grito de Asencio,"Treinta y Tres Orientales, Grito de Asencio",0.388,-33.522301,-58.223237,-33.522257,-58.223061,41,Juan Zorrilla de San Martín y Grito de Asencio,"Treinta y Tres Orientales, Grito de Asencio",0.384,0.186,
,ap-73880f6adf04,psk,2417,2,-64,72,2026-09-22T19:09:54-03:00,38,,2026-09-22T19:08:45-03:00,2026-09-22T19:47:47-03:00,Juan Zorrilla de San Martín y Grito de Asencio,"Treinta y Tres Orientales, Grito de Asencio",0.388,-33.522301,-58.223237,-33.522368,-58.222935,47,Juan Zorrilla de San Martín y Grito de Asencio,"Treinta y Tres Orientales, Grito de Asencio",0.486,0.214,
,ap-ea5b6d7b14d7,psk,,,-97,6,2026-09-22T19:09:54-03:00,6,,2026-09-22T19:09:54-03:00,2026-09-22T19:10:19-03:00,Juan Zorrilla de San Martín y Grito de Asencio,"Treinta y Tres Orientales, Grito de Asencio",0.388,-33.522301,-58.223237,-33.522432,-58.223143,11,Juan Zorrilla de San Martín y Grito de Asencio,"Treinta y Tres Orientales, Grito de Asencio",0.555,0.111,yes
,ap-57feb5486302,psk,,,-51,98,2026-09-22T19:10:00-03:00,81,,2026-09-22T19:08:30-03:00,2026-09-22T19:47:47-03:00,Juan Zorrilla de San Martín y Grito de Asencio,"Treinta y Tres Orientales, Grito de Asencio",0.444,-33.522345,-58.223205,-33.522348,-58.222705,58,Juan Zorrilla de San Martín y Grito de Asencio,"Treinta y Tres Orientales, Grito de Asencio",0.527,0.170,yes
,ap-99c542afab06,psk,,,-66,68,2026-09-22T19:10:00-03:00,15,,2026-09-22T19:09:49-03:00,2026-09-22T19:47:42-03:00,Juan Zorrilla de San Martín y Grito de Asencio,"Treinta y Tres Orientales, Grito de Asencio",0.444,-33.522345,-58.223205,-33.522331,-58.223216,15,Juan Zorrilla de San Martín y Grito de Asencio,"Treinta y Tres Orientales, Grito de Asencio",0.426,0.150,yes
,ap-8b1d192cf455,psk,2457,10,-47,100,2026-09-22T19:10:04-03:00,100,,2026-09-22T19:08:04-03:00,2026-09-22T19:47:47-03:00,Juan Zorrilla de San Martín y Grito de Asencio,"Treinta y Tres Orientales, Grito de Asencio",0.501,-33.522390,-58.223174,-33.522349,-58.222733,60,Juan Zorrilla de San Martín y Grito de Asencio,"Treinta y Tres Orientales, Grito de Asencio",0.524,0.166,yes
,ap-964b9fde8fd0,psk,2437,6,-73,54,2026-09-22T19:10:09-03:00,33,,2026-09-22T19:08:20-03:00,2026-09-22T19:12:09-03:00,Juan Zorrilla de San Martín y Grito de Asencio,"Treinta y Tres Orientales, Grito de Asencio",0.614,-33.522478,-58.223110,-33.522443,-58.222723,44,"Treinta y Tres Orientales, Grito de Asencio","Treinta y Tres Orientales, Carlos P. Puig",0.420,0.219,yes
,ap-5b6645033526,psk,2437,6,-72,56,2026-09-22T19:10:09-03:00,23,,2026-09-22T19:10:04-03:00,2026-09-22T19:12:45-03:00,Juan Zorrilla de San Martín y Grito de Asencio,"Treinta y Tres Orientales, Grito de Asencio",0.614,-33.522478,-58.223110,-33.522552,-58.222748,37,Juan Zorrilla de San Martín y Grito de Asencio,"Treinta y Tres Orientales, Grito de Asencio",0.726,0.139,
,ap-6196a0aba2dc,psk,,,-70,60,2026-09-22T19:10:09-03:00,7,,2026-09-22T19:10:09-03:00,2026-09-22T19:10:39-03:00,Juan Zorrilla de San Martín y Grito de Asencio,"Treinta y Tres Orientales, Grito de Asencio",0.614,-33.522478,-58.223110,-33.522601,-58.223015,14,Juan Zorrilla de San Martín y Grito de Asencio,"Treinta y Tres Orientales, Grito de Asencio",0.750,0.123,yes
,ap-1076481d0272,psk,,,-71,58,2026-09-22T19:10:09-03:00,7,,2026-09-22T19:10:09-03:00,2026-09-22T19:10:39-03:00,Juan Zorrilla de San Martín y Grito de Asencio,"Treinta y Tres Orientales, Grito de Asencio",0.614,-33.522478,-58.223110,-33.522602,-58.223013,14,Juan Zorrilla de San Martín y Grito de Asencio,"Treinta y Tres Orientales, Grito de Asencio",0.750,0.128,yes
,ap-1c4a6393ce8f,open,,,-52,96,2026-09-22T19:10:14-03:00,101,,2026-09-22T19:08:14-03:00,2026-09-22T19:47:42-03:00,Juan Zorrilla de San Martín y Grito de Asencio,"Treinta y Tres Orientales, Grito de Asencio",0.627,-33.522488,-58.223103,-33.522410,-58.222626,65,Juan Zorrilla de San Martín y Grito de Asencio,"Treinta y Tres Orientales, Grito de Asencio",0.573,0.209,yes
,ap-040f34939d32,open,,,-52,96,2026-09-22T19:10:14-03:00,62,,2026-09-22T19:10:00-03:00,2026-09-22T19:47:47-03:00,Juan Zorrilla de San Martín y Grito de Asencio,"Treinta y Tres Orientales, Grito de Asencio",0.627,-33.522488,-58.223103,-33.522450,-58.222707,51,Juan Zorrilla de San Martín y Grito de Asencio,"Treinta y Tres Orientales, Grito de Asencio",0.618,0.187,yes
,ap-d9555794d527,open,,,-75,50,2026-09-22T19:10:14-03:00,14,,2026-09-22T19:10:14-03:00,2026-09-22T19:47:37-03:00,Juan Zorrilla de San Martín y Grito de Asencio,"Treinta y Tres Orientales, Grito de Asencio",0.627,-33.522488,-58.223103,-33.522503,-58.223065,25,Juan Zorrilla de San Martín y Grito de Asencio,"Treinta y Tres Orientales, Grito de Asencio",0.580,0.214,yes
,ap-3389edf2a931,psk,,,-68,64,2026-09-22T19:10:19-03:00,43,,2026-09-22T19:10:09-03:00,2026-09-22T19:47:27-03:00,Juan Zorrilla de San Martín y Grito de Asencio,"Treinta y Tres Orientales, Grito de Asencio",0.757,-33.522589,-58.223031,-33.522537,-58.222746,38,Juan Zorrilla de San Martín y Grito de Asencio,"Treinta y Tres Orientales, Grito de Asencio",0.707,0.174,yes
,ap-c7a016f4698e,open,,,-57,86,2026-09-22T19:10:19-03:00,36,,2026-09-22T19:10:19-03:00,2026-09-22T19:47:47-03:00,Juan Zorrilla de San Martín y Grito de Asencio,"Treinta y Tres Orientales, Grito de Asencio",0.757,-33.522589,-58.223031,-33.522541,-58.222832,36,Juan Zorrilla de San Martín y Grito de Asencio,"Treinta y Tres Orientales, Grito de Asencio",0.642,0.257,yes
,ap-e7bb2fbd432a,psk,,,-55,90,2026-09-22T19:10:25-03:00,117,,2026-09-22T19:08:09-03:00,2026-09-22T19:47:47-03:00,Juan Zorrilla de San Martín y Grito de Asencio,"Treinta y Tres Orientales, Grito de Asencio",0.859,-33.522668,-58.222974,-33.522514,-58.222555,59,"Treinta y Tres Orientales, Grito de Asencio","Treinta y Tres Orientales, Carlos P. Puig",0.429,0.205,
,ap-43872002437d,psk,,,-65,70,2026-09-22T19:10:25-03:00,15,,2026-09-22T19:09:49-03:00,2026-09-22T19:47:42-03:00,Juan Zorrilla de San Martín y Grito de Asencio,"Treinta y Tres Orientales, Grito de Asencio",0.859,-33.522668,-58.222974,-33.522449,-58.223131,24,Juan Zorrilla de San Martín y Grito de Asencio,"Treinta y Tres Orientales, Grito de Asencio",0.577,0.236,yes
,ap-c00bbdf95d48,psk,,,-65,70,2026-09-22T19:10:25-03:00,20,,2026-09-22T19:09:49-03:00,2026-09-22T19:47:47-03:00,Juan Zorrilla de San Martín y Grito de Asencio,"Treinta y Tres Orientales, Grito de Asencio",0.859,-33.522668,-58.222974,-33.522398,-58.222938,43,Juan Zorrilla de San Martín y Grito de Asencio,"Treinta y Tres Orientales, Grito de Asencio",0.582,0.257,
,ap-876a9fbff701,psk,,,-65,70,2026-09-22T19:10:25-03:00,34,,2026-09-22T19:10:19-03:00,2026-09-22T19:47:47-03:00,Juan Zorrilla de San Martín y Grito de Asencio,"Treinta y Tres Orientales, Grito de Asencio",0.859,-33.522668,-58.222974,-33.522580,-58.222870,29,Juan Zorrilla de San Martín y Grito de Asencio,"Treinta y Tres Orientales, Grito de Asencio",0.708,0.221,yes
,ap-21fd7bd95607,psk,,,-65,70,2026-09-22T19:10:25-03:00,30,,2026-09-22T19:10:19-03:00,2026-09-22T19:47:27-03:00,Juan Zorrilla de San Martín y Grito de Asencio,"Treinta y Tres Orientales, Grito de Asencio",0.859,-33.522668,-58.222974,-33.522609,-58.222826,26,Juan Zorrilla de San Martín y Grito de Asencio,"Treinta y Tres Orientales, Grito de Asencio",0.776,0.152,yes
,ap-70d6b33ddea4,psk,,,-66,68,2026-09-22T19:10:25-03:00,30,,2026-09-22T19:10:19-03:00,2026-09-22T19:47:27-03:00,Juan Zorrilla de San Martín y Grito de Asencio,"Treinta y Tres Orientales, Grito de Asencio",0.859,-33.522668,-58.222974,-33.522611,-58.222826,26,Juan Zorrilla de San Martín y Grito de Asencio,"Treinta y Tres Orientales, Grito de Asencio",0.775,0.153,yes
,ap-cb016163fac9,psk,,,-66,68,2026-09-22T19:10:25-03:00,30,,2026-09-22T19:10:19-03:00,2026-09-22T19:47:27-03:00,Juan Zorrilla de San Martín y Grito de Asencio,"Treinta y Tres Orientales, Grito de Asencio",0.859,-33.522668,-58.222974,-33.522611,-58.222829,26,Juan Zorrilla de San Martín y Grito de Asencio,"Treinta y Tres Orientales, Grito de Asencio",0.773,0.154,yes
,ap-b78989878181,open,,,-62,76,2026-09-22T19:10:25-03:00,29,,2026-09-22T19:10:25-03:00,2026-09-22T19:47:17-03:00,Juan Zorrilla de San Martín y Grito de Asencio,"Treinta y Tres Orientales, Grito de Asencio",0.859,-33.522668,-58.222974,-33.522607,-58.222756,28,"Treinta y Tres Orientales, Grito de Asencio","Treinta y Tres Orientales, Carlos P. Puig",0.349,0.189,yes
,ap-999a13bbb41a,psk,2427,4,-67,66,2026-09-22T19:10:25-03:00,40,,2026-09-22T19:10:25-03:00,2026-09-22T19:47:27-03:00,Juan Zorrilla de San Martín y Grito de Asencio,"Treinta y Tres Orientales, Grito de Asencio",0.859,-33.522668,-58.222974,-33.522527,-58.222692,40,Juan Zorrilla de San Martín y Grito de Asencio,"Treinta y Tres Orientales, Grito de Asencio",0.706,0.205,yes
,ap-fd12882d5f20,psk,2447,8,-48,100,2026-09-22T19:10:29-03:00,123,,2026-09-22T19:08:34-03:00,2026-09-22T19:47:47-03:00,Juan Zorrilla de San Martín y Grito de Asencio,"Treinta y Tres Orientales, Grito de Asencio",0.899,-33.522699,-58.222951,-33.522530,-58.222458,66,Juan Zorrilla de San Martín y Grito de Asencio,"Treinta y Tres Orientales, Grito de Asencio",0.693,0.223,
,ap-b1f69ad2f8d0,psk,2427,4,-70,60,2026-09-22T19:10:29-03:00,36,,2026-09-22T19:10:19-03:00,2026-09-22T19:47:27-03:00,Juan Zorrilla de San Martín y Grito de Asencio,"Treinta y Tres Orientales, Grito de Asencio",0.899,-33.522699,-58.222951,-33.522559,-58.222756,35,Juan Zorrilla de San Martín y Grito de Asencio,"Treinta y Tres Orientales, Grito de Asencio",0.714,0.195,yes
,ap-e024259734de,psk,,,-77,46,2026-09-22T19:10:29-03:00,30,,2026-09-22T19:10:25-03:00,2026-09-22T19:47:22-03:00,Juan Zorrilla de San Martín y Grito de Asencio,"Treinta y Tres Orientales, Grito de Asencio",0.899,-33.522699,-58.222951,-33.522545,-58.222650,38,"Treinta y Tres Orientales, Grito de Asencio","Treinta y Tres Orientales, Carlos P. Puig",0.383,0.217,yes
,ap-1a07c8d2abed,psk,,,-74,52,2026-09-22T19:10:29-03:00,11,,2026-09-22T19:10:25-03:00,2026-09-22T19:11:15-03:00,Juan Zorrilla de San Martín y Grito de Asencio,"Treinta y Tres Orientales, Grito de Asencio",0.899,-33.522699,-58.222951,-33.522688,-58.222750,12,"Treinta y Tres Orientales, Grito de Asencio","Treinta y Tres Orientales, Carlos P. Puig",0.196,0.083,yes
,ap-0fcd49773d75,psk,,,-74,52,2026-09-22T19:10:29-03:00,22,,2026-09-22T19:10:29-03:00,2026-09-22T19:47:17-03:00,Juan Zorrilla de San Martín y Grito de Asencio,"Treinta y Tres Orientales, Grito de Asencio",0.899,-33.522699,-58.222951,-33.522638,-58.222786,22,"Treinta y Tres Orientales, Grito de Asencio","Treinta y Tres Orientales, Carlos P. Puig",0.264,0.132,yes
,ap-3059b2793c3b,open,,,-86,28,2026-09-22T19:10:29-03:00,7,,2026-09-22T19:10:29-03:00,2026-09-22T19:10:59-03:00,Juan Zorrilla de San Martín y Grito de Asencio,"Treinta y Tres Orientales, Grito de Asencio",0.899,-33.522699,-58.222951,-33.522710,-58.222794,10,"Treinta y Tres Orientales, Grito de Asencio","Treinta y Tres Orientales, Carlos P. Puig",0.155,0.064,yes
,ap-f1e8336e8aca,psk,,,-58,84,2026-09-22T19:10:39-03:00,38,,2026-09-22T19:08:04-03:00,2026-09-22T19:47:27-03:00,"Treinta y Tres Orientales, Grito de Asencio","Treinta y Tres Orientales, Carlos P. Puig",0.048,-33.522754,-58.222847,-33.522559,-58.222822,32,"Treinta y Tres Orientales, Grito de Asencio","Treinta y Tres Orientales, Carlos P. Puig",0.276,0.155,
,ap-d9e8a0f6981c,psk,2452,9,-58,84,2026-09-22T19:10:39-03:00,49,,2026-09-22T19:10:25-03:00,2026-09-22T19:47:42-03:00,"Treinta y Tres Orientales, Grito de Asencio","Treinta y Tres Orientales, Carlos P. Puig",0.048,-33.522754,-58.222847,-33.522542,-58.222759,38,"Treinta y Tres Orientales, Grito de Asencio","Treinta y Tres Orientales, Carlos P. Puig",0.308,0.185,
,ap-459e38f95cbf,psk,2417,2,-76,48,2026-09-22T19:10:39-03:00,20,,2026-09-22T19:10:29-03:00,2026-09-22T19:47:12-03:00,"Treinta y Tres Orientales, Grito de Asencio","Treinta y Tres Orientales, Carlos P. Puig",0.048,-33.522754,-58.222847,-33.522623,-58.222747,24,"Treinta y Tres Orientales, Grito de Asencio","Treinta y Tres Orientales, Carlos P. Puig",0.307,0.162,yes
,ap-572a379a4b3c,psk,,,-76,48,2026-09-22T19:10:39-03:00,6,,2026-09-22T19:10:34-03:00,2026-09-22T19:10:59-03:00,"Treinta y Tres Orientales, Grito de Asencio","Treinta y Tres Orientales, Carlos P. Puig",0.048,-33.522754,-58.222847,-33.522717,-58.222776,8,"Treinta y Tres Orientales, Grito de Asencio","Treinta y Tres Orientales, Carlos P. Puig",0.142,0.067,yes
,ap-31abc8ad7b33,open,,,-73,54,2026-09-22T19:11:04-03:00,6,,2026-09-22T19:10:54-03:00,2026-09-22T19:11:19-03:00,"Treinta y Tres Orientales, Grito de Asencio","Treinta y Tres Orientales, Carlos P. Puig",0.300,-33.522629,-58.222595,-33.522621,-58.222580,6,"Treinta y Tres Orientales, Grito de Asencio","Treinta y Tres Orientales, Carlos P. Puig",0.315,0.058,yes
,ap-fda52d1d32a9,psk,,,-64,72,2026-09-22T19:11:15-03:00,70,,2026-09-22T19:08:20-03:00,2026-09-22T19:47:47-03:00,"Treinta y Tres Orientales, Grito de Asencio","Treinta y Tres Orientales, Carlos P. Puig",0.354,-33.522602,-58.222541,-33.522372,-58.222776,56,Juan Zorrilla de San Martín y Grito de Asencio,"Treinta y Tres Orientales, Grito de Asencio",0.520,0.261,yes
,ap-28a4196c8e67,psk,,,-64,72,2026-09-22T19:11:15-03:00,53,,2026-09-22T19:08:49-03:00,2026-09-22T19:47:42-03:00,"Treinta y Tres Orientales, Grito de Asencio","Treinta y Tres Orientales, Carlos P. Puig",0.354,-33.522602,-58.222541,-33.522443,-58.222948,42,Juan Zorrilla de San Martín y Grito de Asencio,"Treinta y Tres Orientales, Grito de Asencio",0.535,0.254,yes
,ap-fc055c68ce36,psk,2427,4,-68,64,2026-09-22T19:11:15-03:00,36,,2026-09-22T19:10:09-03:00,2026-09-22T19:47:42-03:00,"Treinta y Tres Orientales, Grito de Asencio","Treinta y Tres Orientales, Carlos P. Puig",0.354,-33.522602,-58.222541,-33.522562,-58.222820,34,Juan Zorrilla de San Martín y Grito de Asencio,"Treinta y Tres Orientales, Grito de Asencio",0.675,0.229,yes
,ap-27d42e84cd03,psk,2452,9,-62,76,2026-09-22T19:11:24-03:00,90,,2026-09-22T19:07:59-03:00,2026-09-22T19:47:47-03:00,"Treinta y Tres Orientales, Grito de Asencio","Treinta y Tres Orientales, Carlos P. Puig",0.548,-33.522506,-58.222348,-33.522244,-58.222454,59,"Treinta y Tres Orientales, Grito de Asencio","Treinta y Tres Orientales, Carlos P. Puig",0.660,0.149,yes
,ap-77b571c7f846,psk,,,-53,94,2026-09-22T19:11:24-03:00,27,,2026-09-22T19:11:24-03:00,2026-09-22T19:47:42-03:00,"Treinta y Tres Orientales, Grito de Asencio","Treinta y Tres Orientales, Carlos P. Puig",0.548,-33.522506,-58.222348,-33.522369,-58.222214,27,"Treinta y Tres Orientales, Grito de Asencio","Treinta y Tres Orientales, Carlos P. Puig",0.704,0.103,
,ap-c93084177fae,psk,2457,10,-48,100,2026-09-22T19:11:34-03:00,82,,2026-09-22T19:07:59-03:00,2026-09-22T19:47:47-03:00,"Treinta y Tres Orientales, Grito de Asencio","Treinta y Tres Orientales, Carlos P. Puig",0.683,-33.522439,-58.222213,-33.522329,-58.222410,56,"Treinta y Tres Orientales, Grito de Asencio","Treinta y Tres Orientales, Carlos P. Puig",0.513,0.254,yes
,ap-578730034648,psk,2462,11,-59,82,2026-09-22T19:11:40-03:00,68,,2026-09-22T19:08:09-03:00,2026-09-22T19:47:37-03:00,"Treinta y Tres Orientales, Grito de Asencio","Treinta y Tres Orientales, Carlos P. Puig",0.726,-33.522417,-58.222169,-33.522187,-58.222315,60,"Treinta y Tres Orientales, Grito de Asencio","Treinta y Tres Orientales, Carlos P. Puig",0.756,0.052,yes
,ap-6b3025079bfe,psk,,,-60,80,2026-09-22T19:11:40-03:00,94,,2026-09-22T19:08:09-03:00,2026-09-22T19:47:47-03:00,"Treinta y Tres Orientales, Grito de Asencio","Treinta y Tres Orientales, Carlos P. Puig",0.726,-33.522417,-58.222169,-33.522334,-58.222453,60,"Treinta y Tres Orientales, Grito de Asencio","Treinta y Tres Orientales, Carlos P. Puig",0.448,0.269,yes
,ap-2d7712a0d6c9,psk,,,-59,82,2026-09-22T19:11:40-03:00,37,,2026-09-22T19:11:19-03:00,2026-09-22T19:42:12-03:00,"Treinta y Tres Orientales, Grito de Asencio","Treinta y Tres Orientales, Carlos P. Puig",0.726,-33.522417,-58.222169,-33.522390,-58.221845,33,"Treinta y Tres Orientales, Grito de Asencio","Treinta y Tres Orientales, Carlos P. Puig",0.727,0.064,yes
,ap-eeda518dcc30,psk,,,-63,74,2026-09-22T19:11:40-03:00,19,,2026-09-22T19:11:34-03:00,2026-09-22T19:41:16-03:00,"Treinta y Tres Orientales, Grito de Asencio","Treinta y Tres Orientales, Carlos P. Puig",0.726,-33.522417,-58.222169,-33.522309,-58.221962,19,"Treinta y Tres Orientales, Grito de Asencio","Treinta y Tres Orientales, Carlos P. Puig",0.754,0.048,yes
,ap-a04198567822,psk,,,-71,58,2026-09-22T19:11:44-03:00,28,,2026-09-22T19:08:20-03:00,2026-09-22T19:41:47-03:00,"Treinta y Tres Orientales, Grito de Asencio","Treinta y Tres Orientales, Carlos P. Puig",0.755,-33.522403,-58.222141,-33.522167,-58.222236,52,Juan Zorrilla de San Martín y Carlos P. Puig,Juan Zorrilla de San Martín y Grito de Asencio,0.515,0.116,yes
,ap-f46a6cdd1d3a,psk,2457,10,-71,58,2026-09-22T19:11:44-03:00,18,,2026-09-22T19:11:44-03:00,2026-09-22T19:41:53-03:00,"Treinta y Tres Orientales, Grito de Asencio","Treinta y Tres Orientales, Carlos P. Puig",0.755,-33.522403,-58.222141,-33.522335,-58.221818,25,"Treinta y Tres Orientales, Carlos P. Puig","Treinta y Tres Orientales, José Pedro Varela",0.188,0.136,yes
,ap-039201edfe0c,psk,2432,5,-50,100,2026-09-22T19:11:49-03:00,67,,2026-09-22T19:08:24-03:00,2026-09-22T19:47:33-03:00,"Treinta y Tres Orientales, Grito de Asencio","Treinta y Tres Orientales, Carlos P. Puig",0.796,-33.522382,-58.222100,-33.522253,-58.222071,47,"Treinta y Tres Orientales, Carlos P. Puig","Treinta y Tres Orientales, José Pedro Varela",0.264,0.222,
,ap-d61b877d41f4,psk,2422,3,-75,50,2026-09-22T19:11:54-03:00,19,,2026-09-22T19:11:49-03:00,2026-09-22T19:41:37-03:00,"Treinta y Tres Orientales, Grito de Asencio","Treinta y Tres Orientales, Carlos P. Puig",0.952,-33.522305,-58.221944,-33.522299,-58.221846,19,"Treinta y Tres Orientales, Carlos P. Puig","Treinta y Tres Orientales, José Pedro Varela",0.099,0.062,
,ap-00406908d49a,psk,,,-75,50,2026-09-22T19:11:54-03:00,20,,2026-09-22T19:11:54-03:00,2026-09-22T19:41:47-03:00,"Treinta y Tres Orientales, Grito de Asencio","Treinta y Tres Orientales, Carlos P. Puig",0.952,-33.522305,-58.221944,-33.522330,-58.221776,20,"Treinta y Tres Orientales, Carlos P. Puig","Treinta y Tres Orientales, José Pedro Varela",0.148,0.100,yes
,ap-0db05ffaeae5,psk,,,-86,28,2026-09-22T19:11:54-03:00,6,,2026-09-22T19:11:54-03:00,2026-09-22T19:12:19-03:00,"Treinta y Tres Orientales, Grito de Asencio","Treinta y Tres Orientales, Carlos P. Puig",0.952,-33.522305,-58.221944,-33.522246,-58.221830,7,"Treinta y Tres Orientales, Carlos P. Puig","Treinta y Tres Orientales, José Pedro Varela",0.099,0.062,yes
,ap-af30ba3b9101,psk,,,-91,18,2026-09-22T19:11:54-03:00,6,,2026-09-22T19:11:54-03:00,2026-09-22T19:12:19-03:00,"Treinta y Tres Orientales, Grito de Asencio","Treinta y Tres Orientales, Carlos P. Puig",0.952,-33.522305,-58.221944,-33.522245,-58.221829,7,"Treinta y Tres Orientales, Carlos P. Puig","Treinta y Tres Orientales, José Pedro Varela",0.099,0.062,yes
,ap-4de43450b9cd,psk,,,-62,76,2026-09-22T19:11:59-03:00,49,,2026-09-22T19:08:24-03:00,2026-09-22T19:47:47-03:00,"Treinta y Tres Orientales, Carlos P. Puig","Treinta y Tres Orientales, José Pedro Varela",0.014,-33.522274,-58.221883,-33.522259,-58.222119,51,"Treinta y Tres Orientales, Carlos P. Puig","Treinta y Tres Orientales, José Pedro Varela",0.190,0.154,
,ap-d6fb7c421b9f,psk,2422,3,-90,20,2026-09-22T19:12:28-03:00,7,,2026-09-22T19:12:28-03:00,2026-09-22T19:12:55-03:00,"Treinta y Tres Orientales, Carlos P. Puig","Treinta y Tres Orientales, José Pedro Varela",0.329,-33.522122,-58.221596,-33.522054,-58.221466,9,"Treinta y Tres Orientales, Carlos P. Puig","Treinta y Tres Orientales, José Pedro Varela",0.471,0.086,yes
,ap-291b9a31e525,psk,2432,5,-76,48,2026-09-22T19:12:29-03:00,10,,2026-09-22T19:12:19-03:00,2026-09-22T19:13:04-03:00,"Treinta y Tres Orientales, Carlos P. Puig","Treinta y Tres Orientales, José Pedro Varela",0.381,-33.522097,-58.221549,-33.522029,-58.221417,17,"Treinta y Tres Orientales, Carlos P. Puig","Treinta y Tres Orientales, José Pedro Varela",0.525,0.166,yes
,ap-cc9a19daf317,psk,,,-72,56,2026-09-22T19:12:29-03:00,6,,2026-09-22T19:12:29-03:00,2026-09-22T19:12:55-03:00,"Treinta y Tres Orientales, Carlos P. Puig","Treinta y Tres Orientales, José Pedro Varela",0.381,-33.522097,-58.221549,-33.522042,-58.221445,8,"Treinta y Tres Orientales, Carlos P. Puig","Treinta y Tres Orientales, José Pedro Varela",0.495,0.077,yes
,ap-d44d4a6eaccf,psk,,,-80,40,2026-09-22T19:12:34-03:00,16,,2026-09-22T19:12:14-03:00,2026-09-22T19:13:29-03:00,"Treinta y Tres Orientales, Carlos P. Puig","Treinta y Tres Orientales, José Pedro Varela",0.422,-33.522077,-58.221511,-33.521943,-58.221250,28,"Treinta y Tres Orientales, Carlos P. Puig","Treinta y Tres Orientales, José Pedro Varela",0.540,0.154,yes
,ap-af2b51317cb3,psk,,,-84,32,2026-09-22T19:12:39-03:00,40,,2026-09-22T19:07:59-03:00,2026-09-22T19:40:47-03:00,"Treinta y Tres Orientales, Carlos P. Puig","Treinta y Tres Orientales, José Pedro Varela",0.451,-33.522063,-58.221485,-33.521727,-58.221643,73,"Treinta y Tres Orientales, Carlos P. Puig","Treinta y Tres Orientales, José Pedro Varela",0.557,0.171,yes
,ap-96e4ac150dd1,psk,2422,3,-53,94,2026-09-22T19:12:39-03:00,34,,2026-09-22T19:12:05-03:00,2026-09-22T19:41:26-03:00,"Treinta y Tres Orientales, Carlos P. Puig","Treinta y Tres Orientales, José Pedro Varela",0.451,-33.522063,-58.221485,-33.521939,-58.221201,50,"Treinta y Tres Orientales, Carlos P. Puig","Treinta y Tres Orientales, José Pedro Varela",0.485,0.138,
,ap-2d257bdeece3,psk,,,-53,94,2026-09-22T19:12:39-03:00,24,,2026-09-22T19:12:19-03:00,2026-09-22T19:14:29-03:00,"Treinta y Tres Orientales, Carlos P. Puig","Treinta y Tres Orientales, José Pedro Varela",0.451,-33.522063,-58.221485,-33.521890,-58.221148,40,"Treinta y Tres Orientales, Carlos P. Puig","Treinta y Tres Orientales, José Pedro Varela",0.528,0.121,
,ap-4dc4e29f7c15,psk,2452,9,-49,100,2026-09-22T19:12:39-03:00,18,,2026-09-22T19:12:28-03:00,2026-09-22T19:13:49-03:00,"Treinta y Tres Orientales, Carlos P. Puig","Treinta y Tres Orientales, José Pedro Varela",0.451,-33.522063,-58.221485,-33.521925,-58.221216,32,"Treinta y Tres Orientales, Carlos P. Puig","Treinta y Tres Orientales, José Pedro Varela",0.536,0.112,yes
,ap-48043a2c900d,psk,,,-61,78,2026-09-22T19:12:39-03:00,19,,2026-09-22T19:12:34-03:00,2026-09-22T19:38:28-03:00,"Treinta y Tres Orientales, Carlos P. Puig","Treinta y Tres Orientales, José Pedro Varela",0.451,-33.522063,-58.221485,-33.521860,-58.221216,30,"Treinta y Tres Orientales, Carlos P. Puig","Treinta y Tres Orientales, José Pedro Varela",0.585,0.133,yes
,ap-c2d20a954dbc,psk,2417,2,-67,66,2026-09-22T19:12:45-03:00,19,,2026-09-22T19:12:45-03:00,2026-09-22T19:38:45-03:00,"Treinta y Tres Orientales, Carlos P. Puig","Treinta y Tres Orientales, José Pedro Varela",0.504,-33.522037,-58.221436,-33.521781,-58.221153,30,"Treinta y Tres Orientales, Carlos P. Puig","Treinta y Tres Orientales, José Pedro Varela",0.651,0.147,yes
,ap-c05344324030,psk,,,-72,56,2026-09-22T19:12:49-03:00,6,,2026-09-22T19:12:49-03:00,2026-09-22T19:13:14-03:00,"Treinta y Tres Orientales, Carlos P. Puig","Treinta y Tres Orientales, José Pedro Varela",0.544,-33.522019,-58.221399,-33.521878,-58.221124,18,"Treinta y Tres Orientales, Carlos P. Puig","Treinta y Tres Orientales, José Pedro Varela",0.736,0.131,yes
,ap-82ca09b87bcb,psk,,,-70,60,2026-09-22T19:13:19-03:00,21,,2026-09-22T19:13:14-03:00,2026-09-22T19:38:45-03:00,"Treinta y Tres Orientales, José Pedro Varela","Treinta y Tres Orientales, José Bonifacio Redruello",0.144,-33.521737,-58.220848,-33.521550,-58.221019,33,"Treinta y Tres Orientales, José Pedro Varela",Juan Zorrilla de San Martín y José Pedro Varela,0.459,0.232,yes
,ap-c1fc07581bbd,psk,2457,10,-58,84,2026-09-22T19:13:19-03:00,27,,2026-09-22T19:13:19-03:00,2026-09-22T19:38:48-03:00,"Treinta y Tres Orientales, José Pedro Varela","Treinta y Tres Orientales, José Bonifacio Redruello",0.144,-33.521737,-58.220848,-33.521609,-58.220842,29,"Treinta y Tres Orientales, José Pedro Varela","Treinta y Tres Orientales, José Bonifacio Redruello",0.344,0.159,
,ap-9f69e8714485,psk,2417,2,-52,96,2026-09-22T19:13:24-03:00,33,,2026-09-22T19:13:19-03:00,2026-09-22T19:39:16-03:00,"Treinta y Tres Orientales, José Pedro Varela","Treinta y Tres Orientales, José Bonifacio Redruello",0.184,-33.521718,-58.220811,-33.521518,-58.220890,44,"Treinta y Tres Orientales, José Pedro Varela","Treinta y Tres Orientales, José Bonifacio Redruello",0.350,0.215,yes
,ap-1a1d83989a24,psk,,,-61,78,2026-09-22T19:13:24-03:00,23,,2026-09-22T19:13:24-03:00,2026-09-22T19:38:38-03:00,"Treinta y Tres Orientales, José Pedro Varela","Treinta y Tres Orientales, José Bonifacio Redruello",0.184,-33.521718,-58.220811,-33.521541,-58.220796,41,"Treinta y Tres Orientales, José Pedro Varela","Treinta y Tres Orientales, José Bonifacio Redruello",0.324,0.176,yes
,ap-8919a37d6635,psk,,,-66,68,2026-09-22T19:13:29-03:00,29,,2026-09-22T19:12:45-03:00,2026-09-22T19:38:33-03:00,"Treinta y Tres Orientales, José Pedro Varela","Treinta y Tres Orientales, José Bonifacio Redruello",0.246,-33.521688,-58.220753,-33.521566,-58.220746,43,"Treinta y Tres Orientales, José Pedro Varela","Treinta y Tres Orientales, José Bonifacio Redruello",0.425,0.245,yes
,ap-860b5daa1102,psk,,,-66,68,2026-09-22T19:13:29-03:00,9,,2026-09-22T19:12:55-03:00,2026-09-22T19:13:35-03:00,"Treinta y Tres Orientales, José Pedro Varela","Treinta y Tres Orientales, José Bonifacio Redruello",0.246,-33.521688,-58.220753,-33.521753,-58.220879,15,"Treinta y Tres Orientales, José Pedro Varela","Treinta y Tres Orientales, José Bonifacio Redruello",0.187,0.089,yes
,ap-efd8a807ac4f,psk,,,-80,40,2026-09-22T19:13:39-03:00,28,,2026-09-22T19:13:29-03:00,2026-09-22T19:32:52-03:00,"Treinta y Tres Orientales, José Pedro Varela","Treinta y Tres Orientales, José Bonifacio Redruello",0.449,-33.521592,-58.220566,-33.521376,-58.220229,35,"Treinta y Tres Orientales, José Pedro Varela","Treinta y Tres Orientales, José Bonifacio Redruello",0.574,0.213,yes
,ap-3f6518d8ff66,psk,2422,3,-71,58,2026-09-22T19:13:39-03:00,16,,2026-09-22T19:13:39-03:00,2026-09-22T19:32:47-03:00,"Treinta y Tres Orientales, José Pedro Varela","Treinta y Tres Orientales, José Bonifacio Redruello",0.449,-33.521592,-58.220566,-33.521498,-58.220190,24,"Treinta y Tres Orientales, José Pedro Varela","Treinta y Tres Orientales, José Bonifacio Redruello",0.665,0.134,yes
,ap-cbb0681d317b,psk,2442,7,-52,96,2026-09-22T19:13:49-03:00,40,,2026-09-22T19:13:35-03:00,2026-09-22T19:33:17-03:00,"Treinta y Tres Orientales, José Pedro Varela","Treinta y Tres Orientales, José Bonifacio Redruello",0.691,-33.521478,-58.220343,-33.521398,-58.220036,32,"Treinta y Tres Orientales, José Pedro Varela","Treinta y Tres Orientales, José Bonifacio Redruello",0.735,0.090,
,ap-cc58aaa62ca2,psk,,,-66,68,2026-09-22T19:13:49-03:00,30,,2026-09-22T19:13:48-03:00,2026-09-22T19:38:48-03:00,"Treinta y Tres Orientales, José Pedro Varela","Treinta y Tres Orientales, José Bonifacio Redruello",0.691,-33.521478,-58.220343,-33.521363,-58.220141,37,"Treinta y Tres Orientales, José Pedro Varela","Treinta y Tres Orientales, José Bonifacio Redruello",0.754,0.066,yes
,ap-980e832cc5c6,psk,,,-89,22,2026-09-22T19:13:49-03:00,8,,2026-09-22T19:13:48-03:00,2026-09-22T19:14:20-03:00,"Treinta y Tres Orientales, José Pedro Varela","Treinta y Tres Orientales, José Bonifacio Redruello",0.691,-33.521478,-58.220343,-33.521405,-58.220199,12,"Treinta y Tres Orientales, José Pedro Varela","Treinta y Tres Orientales, José Bonifacio Redruello",0.780,0.089,yes
,ap-55e1b1529988,psk,2457,10,-80,40,2026-09-22T19:13:54-03:00,15,,2026-09-22T19:13:24-03:00,2026-09-22T19:14:35-03:00,"Treinta y Tres Orientales, José Pedro Varela","Treinta y Tres Orientales, José Bonifacio Redruello",0.756,-33.521447,-58.220282,-33.521436,-58.220260,26,"Treinta y Tres Orientales, José Pedro Varela","Treinta y Tres Orientales, José Bonifacio Redruello",0.622,0.205,yes
,ap-0607decd1b65,psk,2432,5,-62,76,2026-09-22T19:14:04-03:00,37,,2026-09-22T19:13:48-03:00,2026-09-22T19:38:18-03:00,"Treinta y Tres Orientales, José Pedro Varela","Treinta y Tres Orientales, José Bonifacio Redruello",0.854,-33.521401,-58.220193,-33.521444,-58.220165,36,"Treinta y Tres Orientales, José Pedro Varela","Treinta y Tres Orientales, José Bonifacio Redruello",0.811,0.077,
,ap-b69fe5564445,psk,,,-59,82,2026-09-22T19:14:04-03:00,21,,2026-09-22T19:13:48-03:00,2026-09-22T19:32:47-03:00,"Treinta y Tres Orientales, José Pedro Varela","Treinta y Tres Orientales, José Bonifacio Redruello",0.854,-33.521401,-58.220193,-33.521428,-58.220039,21,"Treinta y Tres Orientales, José Pedro Varela","Treinta y Tres Orientales, José Bonifacio Redruello",0.837,0.043,yes
,ap-64976a8628be,psk,2427,4,-50,100,2026-09-22T19:14:02-03:00,22,,2026-09-22T19:13:54-03:00,2026-09-22T19:32:47-03:00,"Treinta y Tres Orientales, José Pedro Varela","Treinta y Tres Orientales, José Bonifacio Redruello",0.854,-33.521401,-58.220193,-33.521347,-58.219985,24,"Treinta y Tres Orientales, José Pedro Varela","Treinta y Tres Orientales, José Bonifacio Redruello",0.861,0.022,yes
,ap-e980f72cb30e,psk,,,-72,56,2026-09-22T19:14:02-03:00,9,,2026-09-22T19:13:54-03:00,2026-09-22T19:14:35-03:00,"Treinta y Tres Orientales, José Pedro Varela","Treinta y Tres Orientales, José Bonifacio Redruello",0.854,-33.521401,-58.220193,-33.521336,-58.220065,16,"Treinta y Tres Orientales, José Pedro Varela","Treinta y Tres Orientales, José Bonifacio Redruello",0.850,0.025,yes
,ap-569f5b727573,psk,,,-76,48,2026-09-22T19:14:02-03:00,7,,2026-09-22T19:14:02-03:00,2026-09-22T19:14:29-03:00,"Treinta y Tres Orientales, José Pedro Varela","Treinta y Tres Orientales, José Bonifacio Redruello",0.854,-33.521401,-58.220193,-33.521322,-58.220037,14,"Treinta y Tres Orientales, José Bonifacio Redruello","Treinta y Tres Orientales, Santiago Gadea",0.139,0.084,yes
,ap-e54245f33ee5,psk,,,-90,20,2026-09-22T19:14:02-03:00,7,,2026-09-22T19:14:02-03:00,2026-09-22T19:14:29-03:00,"Treinta y Tres Orientales, José Pedro Varela","Treinta y Tres Orientales, José Bonifacio Redruello",0.854,-33.521401,-58.220193,-33.521322,-58.220037,14,"Treinta y Tres Orientales, José Bonifacio Redruello","Treinta y Tres Orientales, Santiago Gadea",0.139,0.084,yes
,ap-d6cf74a21378,psk,,,-62,76,2026-09-22T19:14:09-03:00,40,,2026-09-22T19:13:35-03:00,2026-09-22T19:38:38-03:00,"Treinta y Tres Orientales, José Pedro Varela","Treinta y Tres Orientales, José Bonifacio Redruello",0.912,-33.521374,-58.220139,-33.521414,-58.220236,39,"Treinta y Tres Orientales, José Pedro Varela","Treinta y Tres Orientales, José Bonifacio Redruello",0.772,0.122,
,ap-ee42cee255fb,psk,,,-51,98,2026-09-22T19:14:09-03:00,47,,2026-09-22T19:13:48-03:00,2026-09-22T19:41:26-03:00,"Treinta y Tres Orientales, José Pedro Varela","Treinta y Tres Orientales, José Bonifacio Redruello",0.912,-33.521374,-58.220139,-33.521520,-58.219914,45,"Treinta y Tres Orientales, José Bonifacio Redruello",Carlos María Solari y José Bonifacio Redruello,0.466,0.229,
,ap-9248fd2111de,psk,,,-66,68,2026-09-22T19:14:26-03:00,19,,2026-09-22T19:14:26-03:00,2026-09-22T19:32:42-03:00,"Treinta y Tres Orientales, José Bonifacio Redruello","Treinta y Tres Orientales, Santiago Gadea",0.217,-33.521234,-58.219864,-33.521243,-58.219745,24,"Treinta y Tres Orientales, José Bonifacio Redruello","Treinta y Tres Orientales, Santiago Gadea",0.419,0.179,
,ap-b1bf17221c65,psk,2422,3,-61,78,2026-09-22T19:14:35-03:00,39,,2026-09-22T19:14:02-03:00,2026-09-22T19:33:17-03:00,"Treinta y Tres Orientales, José Bonifacio Redruello","Treinta y Tres Orientales, Santiago Gadea",0.342,-33.521177,-58.219752,-33.521276,-58.219713,37,"Treinta y Tres Orientales, José Bonifacio Redruello","Treinta y Tres Orientales, Santiago Gadea",0.438,0.195,yes
,ap-562bdfdf3c8f,psk,2462,11,-66,68,2026-09-22T19:14:39-03:00,38,,2026-09-22T19:14:20-03:00,2026-09-22T19:33:27-03:00,"Treinta y Tres Orientales, José Bonifacio Redruello","Treinta y Tres Orientales, Santiago Gadea",0.402,-33.521149,-58.219697,-33.521331,-58.219699,40,"Treinta y Tres Orientales, José Bonifacio Redruello","Treinta y Tres Orientales, Santiago Gadea",0.449,0.178,yes
,ap-ad5d5ba2cd82,psk,,,-66,68,2026-09-22T19:14:39-03:00,18,,2026-09-22T19:14:26-03:00,2026-09-22T19:32:52-03:00,"Treinta y Tres Orientales, José Bonifacio Redruello","Treinta y Tres Orientales, Santiago Gadea",0.402,-33.521149,-58.219697,-33.521307,-58.219745,29,"Treinta y Tres Orientales, José Bonifacio Redruello","Treinta y Tres Orientales, Santiago Gadea",0.447,0.142,yes
,ap-7b4757acdebf,psk,,,-70,60,2026-09-22T19:14:44-03:00,14,,2026-09-22T19:14:29-03:00,2026-09-22T19:15:34-03:00,"Treinta y Tres Orientales, José Bonifacio Redruello","Treinta y Tres Orientales, Santiago Gadea",0.448,-33.521128,-58.219656,-33.521056,-58.219496,20,"Treinta y Tres Orientales, José Bonifacio Redruello","Treinta y Tres Orientales, Santiago Gadea",0.558,0.159,yes
,ap-f2428e3b6fba,psk,2427,4,-69,62,2026-09-22T19:14:49-03:00,25,,2026-09-22T19:14:26-03:00,2026-09-22T19:29:27-03:00,"Treinta y Tres Orientales, José Bonifacio Redruello","Treinta y Tres Orientales, Santiago Gadea",0.489,-33.521110,-58.219619,-33.521004,-58.219459,25,"Treinta y Tres Orientales, José Bonifacio Redruello","Treinta y Tres Orientales, Santiago Gadea",0.544,0.161,yes
,ap-5dee088ccaf4,psk,2447,8,-85,30,2026-09-22T19:14:49-03:00,10,,2026-09-22T19:14:49-03:00,2026-09-22T19:15:34-03:00,"Treinta y Tres Orientales, José Bonifacio Redruello","Treinta y Tres Orientales, Santiago Gadea",0.489,-33.521110,-58.219619,-33.520998,-58.219376,15,"Treinta y Tres Orientales, José Bonifacio Redruello","Treinta y Tres Orientales, Santiago Gadea",0.693,0.119,yes
,ap-0da0b3751d0b,psk,,,-75,50,2026-09-22T19:14:54-03:00,9,,2026-09-22T19:14:49-03:00,2026-09-22T19:15:29-03:00,"Treinta y Tres Orientales, José Bonifacio Redruello","Treinta y Tres Orientales, Santiago Gadea",0.591,-33.521063,-58.219527,-33.521006,-58.219399,15,"Treinta y Tres Orientales, José Bonifacio Redruello","Treinta y Tres Orientales, Santiago Gadea",0.684,0.120,yes
,ap-3fea6edd9a11,psk,,,-64,72,2026-09-22T19:15:04-03:00,20,,2026-09-22T19:14:44-03:00,2026-09-22T19:29:16-03:00,"Treinta y Tres Orientales, José Bonifacio Redruello","Treinta y Tres Orientales, Santiago Gadea",0.746,-33.520993,-58.219388,-33.520967,-58.219251,19,"Treinta y Tres Orientales, José Bonifacio Redruello","Treinta y Tres Orientales, Santiago Gadea",0.739,0.109,yes
,ap-f46255c4ff80,psk,,,-64,72,2026-09-22T19:15:04-03:00,11,,2026-09-22T19:14:44-03:00,2026-09-22T19:15:34-03:00,"Treinta y Tres Orientales, José Bonifacio Redruello","Treinta y Tres Orientales, Santiago Gadea",0.746,-33.520993,-58.219388,-33.520977,-58.219328,14,"Treinta y Tres Orientales, José Bonifacio Redruello","Treinta y Tres Orientales, Santiago Gadea",0.739,0.109,yes
,ap-43b18321085a,psk,,,-64,72,2026-09-22T19:15:04-03:00,20,,2026-09-22T19:14:44-03:00,2026-09-22T19:29:16-03:00,"Treinta y Tres Orientales, José Bonifacio Redruello","Treinta y Tres Orientales, Santiago Gadea",0.746,-33.520993,-58.219388,-33.520967,-58.219235,17,"Treinta y Tres Orientales, José Bonifacio Redruello","Treinta y Tres Orientales, Santiago Gadea",0.752,0.101,yes
,ap-ba3b45995c57,psk,2447,8,-51,98,2026-09-22T19:15:04-03:00,19,,2026-09-22T19:14:49-03:00,2026-09-22T19:29:16-03:00,"Treinta y Tres Orientales, José Bonifacio Redruello","Treinta y Tres Orientales, Santiago Gadea",0.746,-33.520993,-58.219388,-33.520957,-58.219274,16,"Treinta y Tres Orientales, José Bonifacio Redruello","Treinta y Tres Orientales, Santiago Gadea",0.752,0.060,yes
,ap-33b18d98924c,psk,,,-64,72,2026-09-22T19:15:04-03:00,9,,2026-09-22T19:14:54-03:00,2026-09-22T19:15:34-03:00,"Treinta y Tres Orientales, José Bonifacio Redruello","Treinta y Tres Orientales, Santiago Gadea",0.746,-33.520993,-58.219388,-33.520965,-58.219301,12,"Treinta y Tres Orientales, José Bonifacio Redruello","Treinta y Tres Orientales, Santiago Gadea",0.772,0.091,yes
,ap-7dbd02e9bae7,psk,2432,5,-68,64,2026-09-22T19:15:04-03:00,19,,2026-09-22T19:15:00-03:00,2026-09-22T19:29:25-03:00,"Treinta y Tres Orientales, José Bonifacio Redruello","Treinta y Tres Orientales, Santiago Gadea",0.746,-33.520993,-58.219388,-33.520933,-58.219240,16,"Treinta y Tres Orientales, José Bonifacio Redruello","Treinta y Tres Orientales, Santiago Gadea",0.800,0.084,yes
,ap-f80874dc2d70,psk,2432,5,-46,100,2026-09-22T19:15:10-03:00,44,,2026-09-22T19:14:39-03:00,2026-09-22T19:31:02-03:00,"Treinta y Tres Orientales, José Bonifacio Redruello","Treinta y Tres Orientales, Santiago Gadea",0.830,-33.520954,-58.219313,-33.520860,-58.219314,24,"Treinta y Tres Orientales, José Bonifacio Redruello","Treinta y Tres Orientales, Santiago Gadea",0.779,0.089,
,ap-d2b2f7fe3d7c,psk,,,-55,90,2026-09-22T19:15:10-03:00,30,,2026-09-22T19:14:54-03:00,2026-09-22T19:29:52-03:00,"Treinta y Tres Orientales, José Bonifacio Redruello","Treinta y Tres Orientales, Santiago Gadea",0.830,-33.520954,-58.219313,-33.520873,-58.219240,19,"Treinta y Tres Orientales, Santiago Gadea",Juan Zorrilla de San Martín y Santiago Gadea,0.216,0.125,
,ap-34ac5f9ecceb,psk,,,-77,46,2026-09-22T19:15:44-03:00,53,,2026-09-22T19:15:00-03:00,2026-09-22T19:30:37-03:00,"Treinta y Tres Orientales, Santiago Gadea",Carlos María Solari y Santiago Gadea,0.241,-33.521062,-58.219032,-33.520945,-58.219178,45,"Treinta y Tres Orientales, Santiago Gadea",Carlos María Solari y Santiago Gadea,0.345,0.171,yes
,ap-3f656a98e9c9,psk,,,-73,54,2026-09-22T19:15:49-03:00,22,,2026-09-22T19:15:19-03:00,2026-09-22T19:29:11-03:00,"Treinta y Tres Orientales, Santiago Gadea",Carlos María Solari y Santiago Gadea,0.345,-33.521143,-58.218976,-33.521075,-58.219024,19,"Treinta y Tres Orientales, Santiago Gadea",Carlos María Solari y Santiago Gadea,0.315,0.155,yes
,ap-f78f4253b9b8,psk,2442,7,-73,54,2026-09-22T19:15:49-03:00,30,,2026-09-22T19:15:29-03:00,2026-09-22T19:29:27-03:00,"Treinta y Tres Orientales, Santiago Gadea",Carlos María Solari y Santiago Gadea,0.345,-33.521143,-58.218976,-33.521123,-58.219003,27,"Treinta y Tres Orientales, Santiago Gadea",Carlos María Solari y Santiago Gadea,0.356,0.172,yes
,ap-f6fedab72009,psk,,,-64,72,2026-09-22T19:16:24-03:00,28,,2026-09-22T19:16:14-03:00,2026-09-22T19:28:32-03:00,"Treinta y Tres Orientales, Santiago Gadea",Carlos María Solari y Santiago Gadea,0.940,-33.521602,-58.218655,-33.521674,-58.218856,26,Carlos María Solari y Santiago Gadea,Carlos María Solari y José Bonifacio Redruello,0.405,0.212,yes
,ap-034aead5a82e,psk,,,-67,66,2026-09-22T19:16:34-03:00,28,,2026-09-22T19:16:24-03:00,2026-09-22T19:28:26-03:00,Carlos María Solari y Santiago Gadea,Carlos María Solari y José Bonifacio Redruello,0.088,-33.521688,-58.218702,-33.521713,-58.218897,30,Carlos María Solari y Santiago Gadea,Carlos María Solari y José Bonifacio Redruello,0.343,0.214,yes
,ap-b0e83707cd2f,psk,2422,3,-79,42,2026-09-22T19:16:34-03:00,7,,2026-09-22T19:16:34-03:00,2026-09-22T19:17:00-03:00,Carlos María Solari y Santiago Gadea,Carlos María Solari y José Bonifacio Redruello,0.088,-33.521688,-58.218702,-33.521755,-58.218832,8,Carlos María Solari y Santiago Gadea,Carlos María Solari y José Bonifacio Redruello,0.232,0.077,yes
,ap-b82ba722b07a,psk,2442,7,-80,40,2026-09-22T19:16:34-03:00,6,,2026-09-22T19:16:34-03:00,2026-09-22T19:16:55-03:00,Carlos María Solari y Santiago Gadea,Carlos María Solari y José Bonifacio Redruello,0.088,-33.521688,-58.218702,-33.521747,-58.218816,7,Carlos María Solari y Santiago Gadea,Carlos María Solari y José Bonifacio Redruello,0.214,0.072,yes
,ap-f8c2eb96da2c,psk,2422,3,-80,40,2026-09-22T19:16:34-03:00,7,,2026-09-22T19:16:34-03:00,2026-09-22T19:17:00-03:00,Carlos María Solari y Santiago Gadea,Carlos María Solari y José Bonifacio Redruello,0.088,-33.521688,-58.218702,-33.521755,-58.218832,8,Carlos María Solari y Santiago Gadea,Carlos María Solari y José Bonifacio Redruello,0.232,0.077,yes
,ap-4c03b453e29d,psk,2437,6,-82,36,2026-09-22T19:16:34-03:00,7,,2026-09-22T19:16:34-03:00,2026-09-22T19:17:00-03:00,Carlos María Solari y Santiago Gadea,Carlos María Solari y José Bonifacio Redruello,0.088,-33.521688,-58.218702,-33.521755,-58.218832,8,Carlos María Solari y Santiago Gadea,Carlos María Solari y José Bonifacio Redruello,0.232,0.077,yes
,ap-2990e92a7995,psk,5745,149,-90,20,2026-09-22T19:16:34-03:00,7,,2026-09-22T19:16:34-03:00,2026-09-22T19:17:00-03:00,Carlos María Solari y Santiago Gadea,Carlos María Solari y José Bonifacio Redruello,0.088,-33.521688,-58.218702,-33.521755,-58.218832,8,Carlos María Solari y Santiago Gadea,Carlos María Solari y José Bonifacio Redruello,0.232,0.077,yes
,ap-6d23cabd5370,psk,5180,36,-93,14,2026-09-22T19:16:34-03:00,7,,2026-09-22T19:16:34-03:00,2026-09-22T19:17:00-03:00,Carlos María Solari y Santiago Gadea,Carlos María Solari y José Bonifacio Redruello,0.088,-33.521688,-58.218702,-33.521755,-58.218832,8,Carlos María Solari y Santiago Gadea,Carlos María Solari y José Bonifacio Redruello,0.232,0.077,yes
,ap-4dc468ffb2d5,psk,5260,52,-94,12,2026-09-22T19:16:34-03:00,7,,2026-09-22T19:16:34-03:00,2026-09-22T19:17:00-03:00,Carlos María Solari y Santiago Gadea,Carlos María Solari y José Bonifacio Redruello,0.088,-33.521688,-58.218702,-33.521755,-58.218832,8,Carlos María Solari y Santiago Gadea,Carlos María Solari y José Bonifacio Redruello,0.232,0.077,yes
,ap-8364e7739b22,psk,2427,4,-68,64,2026-09-22T19:16:36-03:00,35,,2026-09-22T19:16:14-03:00,2026-09-22T19:28:21-03:00,Carlos María Solari y Santiago Gadea,Carlos María Solari y José Bonifacio Redruello,0.150,-33.521717,-58.218758,-33.521739,-58.218917,34,Carlos María Solari y Santiago Gadea,Carlos María Solari y José Bonifacio Redruello,0.371,0.207,
,ap-ea81e0905672,psk,,,-68,64,2026-09-22T19:16:36-03:00,29,,2026-09-22T19:16:19-03:00,2026-09-22T19:28:41-03:00,Carlos María Solari y Santiago Gadea,Carlos María Solari y José Bonifacio Redruello,0.150,-33.521717,-58.218758,-33.521646,-58.218805,25,"Treinta y Tres Orientales, Santiago Gadea",Carlos María Solari y Santiago Gadea,0.750,0.154,yes
,ap-eb69736ea108,psk,,,-67,66,2026-09-22T19:16:36-03:00,20,,2026-09-22T19:16:34-03:00,2026-09-22T19:28:21-03:00,Carlos María Solari y Santiago Gadea,Carlos María Solari y José Bonifacio Redruello,0.150,-33.521717,-58.218758,-33.521676,-58.218829,22,Carlos María Solari y Santiago Gadea,Carlos María Solari y José Bonifacio Redruello,0.325,0.174,yes
,ap-b9b032c270fb,psk,,,-88,24,2026-09-22T19:16:36-03:00,8,,2026-09-22T19:16:34-03:00,2026-09-22T19:17:06-03:00,Carlos María Solari y Santiago Gadea,Carlos María Solari y José Bonifacio Redruello,0.150,-33.521717,-58.218758,-33.521776,-58.218872,10,Carlos María Solari y Santiago Gadea,Carlos María Solari y José Bonifacio Redruello,0.277,0.106,yes
,ap-82859c53bb40,psk,,,-86,28,2026-09-22T19:16:41-03:00,6,,2026-09-22T19:16:41-03:00,2026-09-22T19:17:06-03:00,Carlos María Solari y Santiago Gadea,Carlos María Solari y José Bonifacio Redruello,0.190,-33.521735,-58.218794,-33.521799,-58.218918,9,Carlos María Solari y Santiago Gadea,Carlos María Solari y José Bonifacio Redruello,0.328,0.088,yes
,ap-5a2ad6464fbe,psk,,,-79,42,2026-09-22T19:16:47-03:00,21,,2026-09-22T19:16:36-03:00,2026-09-22T19:28:16-03:00,Carlos María Solari y Santiago Gadea,Carlos María Solari y José Bonifacio Redruello,0.248,-33.521762,-58.218846,-33.521785,-58.219023,35,Carlos María Solari y Santiago Gadea,Carlos María Solari y José Bonifacio Redruello,0.491,0.243,yes
,ap-c060a3b805db,psk,2457,10,-54,92,2026-09-22T19:16:55-03:00,25,,2026-09-22T19:16:34-03:00,2026-09-22T19:28:21-03:00,Carlos María Solari y Santiago Gadea,Carlos María Solari y José Bonifacio Redruello,0.323,-33.521797,-58.218914,-33.521830,-58.219039,28,Carlos María Solari y Santiago Gadea,Carlos María Solari y José Bonifacio Redruello,0.472,0.206,yes
,ap-4ede582bcf94,psk,,,-63,74,2026-09-22T19:16:55-03:00,21,,2026-09-22T19:16:47-03:00,2026-09-22T19:28:16-03:00,Carlos María Solari y Santiago Gadea,Carlos María Solari y José Bonifacio Redruello,0.323,-33.521797,-58.218914,-33.521834,-58.219063,32,Carlos María Solari y Santiago Gadea,Carlos María Solari y José Bonifacio Redruello,0.447,0.188,yes
,ap-8e2a468c49c6,psk,,,-78,44,2026-09-22T19:16:55-03:00,10,,2026-09-22T19:16:51-03:00,2026-09-22T19:17:37-03:00,Carlos María Solari y Santiago Gadea,Carlos María Solari y José Bonifacio Redruello,0.323,-33.521797,-58.218914,-33.521922,-58.219157,22,Carlos María Solari y Santiago Gadea,Carlos María Solari y José Bonifacio Redruello,0.557,0.210,yes
,ap-d1c70b63f969,psk,2432,5,-65,70,2026-09-22T19:17:00-03:00,14,,2026-09-22T19:16:51-03:00,2026-09-22T19:17:55-03:00,Carlos María Solari y Santiago Gadea,Carlos María Solari y José Bonifacio Redruello,0.341,-33.521806,-58.218930,-33.521956,-58.219221,24,Carlos María Solari y Santiago Gadea,Carlos María Solari y José Bonifacio Redruello,0.565,0.202,yes
,ap-ae1c93538426,psk,,,-64,72,2026-09-22T19:17:06-03:00,49,,2026-09-22T19:16:19-03:00,2026-09-22T19:33:48-03:00,Carlos María Solari y Santiago Gadea,Carlos María Solari y José Bonifacio Redruello,0.577,-33.521915,-58.219142,-33.521977,-58.219296,53,Carlos María Solari y Santiago Gadea,Carlos María Solari y José Bonifacio Redruello,0.547,0.222,yes
,ap-719ad80fd2f6,psk,2442,7,-59,82,2026-09-22T19:17:06-03:00,55,,2026-09-22T19:16:24-03:00,2026-09-22T19:33:52-03:00,Carlos María Solari y Santiago Gadea,Carlos María Solari y José Bonifacio Redruello,0.577,-33.521915,-58.219142,-33.522060,-58.219429,53,Carlos María Solari y Santiago Gadea,Carlos María Solari y José Bonifacio Redruello,0.555,0.204,yes
,ap-968888e65e0a,psk,,,-92,16,2026-09-22T19:17:06-03:00,9,,2026-09-22T19:17:06-03:00,2026-09-22T19:17:46-03:00,Carlos María Solari y Santiago Gadea,Carlos María Solari y José Bonifacio Redruello,0.577,-33.521915,-58.219142,-33.522040,-58.219384,15,Carlos María Solari y Santiago Gadea,Carlos María Solari y José Bonifacio Redruello,0.749,0.097,yes
,ap-50a6c91ca4ee,psk,2452,9,-68,64,2026-09-22T19:17:11-03:00,31,,2026-09-22T19:16:55-03:00,2026-09-22T19:33:52-03:00,Carlos María Solari y Santiago Gadea,Carlos María Solari y José Bonifacio Redruello,0.687,-33.521966,-58.219241,-33.522117,-58.219403,26,Carlos María Solari y Santiago Gadea,Carlos María Solari y José Bonifacio Redruello,0.704,0.136,yes
,ap-fe0b6d9c48e6,psk,,,-68,64,2026-09-22T19:17:11-03:00,11,,2026-09-22T19:17:06-03:00,2026-09-22T19:17:55-03:00,Carlos María Solari y Santiago Gadea,Carlos María Solari y José Bonifacio Redruello,0.687,-33.521966,-58.219241,-33.522047,-58.219398,15,Carlos María Solari y Santiago Gadea,Carlos María Solari y José Bonifacio Redruello,0.767,0.093,yes
,ap-1275e1f30dc6,psk,,,-62,76,2026-09-22T19:17:20-03:00,61,,2026-09-22T19:14:15-03:00,2026-09-22T19:34:22-03:00,Carlos María Solari y Santiago Gadea,Carlos María Solari y José Bonifacio Redruello,0.761,-33.522000,-58.219308,-33.521996,-58.219510,44,Carlos María Solari y Santiago Gadea,Carlos María Solari y José Bonifacio Redruello,0.713,0.131,
,ap-eb0325d95552,psk,,,-68,64,2026-09-22T19:17:20-03:00,18,,2026-09-22T19:17:06-03:00,2026-09-22T19:33:57-03:00,Carlos María Solari y Santiago Gadea,Carlos María Solari y José Bonifacio Redruello,0.761,-33.522000,-58.219308,-33.522143,-58.219372,24,Carlos María Solari y Santiago Gadea,Carlos María Solari y José Bonifacio Redruello,0.760,0.068,yes
,ap-9fc2a5e2cb41,psk,,,-72,56,2026-09-22T19:17:37-03:00,36,,2026-09-22T19:17:20-03:00,2026-09-22T19:34:31-03:00,Carlos María Solari y José Bonifacio Redruello,Carlos María Solari y José Pedro Varela,0.014,-33.522117,-58.219534,-33.522350,-58.219543,40,Carlos María Solari y José Bonifacio Redruello,Carlos María Solari y José Pedro Varela,0.239,0.188,yes
,ap-931c29079bc6,psk,,,-85,30,2026-09-22T19:17:37-03:00,6,,2026-09-22T19:17:37-03:00,2026-09-22T19:18:02-03:00,Carlos María Solari y José Bonifacio Redruello,Carlos María Solari y José Pedro Varela,0.014,-33.522117,-58.219534,-33.522169,-58.219634,7,Carlos María Solari y José Bonifacio Redruello,Carlos María Solari y José Pedro Varela,0.123,0.067,yes
,ap-84eba0eb7d8c,psk,2472,13,-77,46,2026-09-22T19:17:46-03:00,25,,2026-09-22T19:17:25-03:00,2026-09-22T19:34:58-03:00,Carlos María Solari y José Bonifacio Redruello,Carlos María Solari y José Pedro Varela,0.102,-33.522159,-58.219615,-33.522573,-58.219371,48,Carlos María Solari y José Bonifacio Redruello,Carlos María Solari y José Pedro Varela,0.208,0.098,yes
,ap-ac71c4c2cbac,psk,,,-78,44,2026-09-22T19:18:02-03:00,10,,2026-09-22T19:18:02-03:00,2026-09-22T19:18:45-03:00,Carlos María Solari y José Bonifacio Redruello,Carlos María Solari y José Pedro Varela,0.237,-33.522223,-58.219738,-33.522358,-58.219997,21,Carlos María Solari y José Bonifacio Redruello,Carlos María Solari y José Pedro Varela,0.522,0.206,yes
,ap-d168848f1597,psk,,,-73,54,2026-09-22T19:18:11-03:00,10,,2026-09-22T19:18:11-03:00,2026-09-22T19:18:56-03:00,Carlos María Solari y José Bonifacio Redruello,Carlos María Solari y José Pedro Varela,0.424,-33.522312,-58.219908,-33.522412,-58.220101,18,Carlos María Solari y José Bonifacio Redruello,Carlos María Solari y José Pedro Varela,0.586,0.139,yes
,ap-93f4fc82b1b0,psk,,,-59,82,2026-09-22T19:18:27-03:00,27,,2026-09-22T19:18:11-03:00,2026-09-22T19:37:13-03:00,Carlos María Solari y José Bonifacio Redruello,Carlos María Solari y José Pedro Varela,0.669,-33.522428,-58.220130,-33.522534,-58.220464,30,Carlos María Solari y José Bonifacio Redruello,Carlos María Solari y José Pedro Varela,0.709,0.117,yes
,ap-b835bdef1599,psk,,,-95,10,2026-09-22T19:18:27-03:00,6,,2026-09-22T19:18:27-03:00,2026-09-22T19:18:52-03:00,Carlos María Solari y José Bonifacio Redruello,Carlos María Solari y José Pedro Varela,0.669,-33.522428,-58.220130,-33.522510,-58.220288,11,Carlos María Solari y José Bonifacio Redruello,Carlos María Solari y José Pedro Varela,0.804,0.087,yes
,ap-66c0322f182b,psk,2417,2,-54,92,2026-09-22T19:18:31-03:00,34,,2026-09-22T19:18:05-03:00,2026-09-22T19:37:08-03:00,Carlos María Solari y José Bonifacio Redruello,Carlos María Solari y José Pedro Varela,0.752,-33.522467,-58.220206,-33.522527,-58.220400,36,Carlos María Solari y José Bonifacio Redruello,Carlos María Solari y José Pedro Varela,0.703,0.142,
,ap-e0f97de60fd4,psk,2442,7,-77,46,2026-09-22T19:18:31-03:00,13,,2026-09-22T19:18:31-03:00,2026-09-22T19:37:13-03:00,Carlos María Solari y José Bonifacio Redruello,Carlos María Solari y José Pedro Varela,0.752,-33.522467,-58.220206,-33.522491,-58.220467,20,Carlos María Solari y José Bonifacio Redruello,Carlos María Solari y José Pedro Varela,0.838,0.075,yes
,ap-c3a934cdb0b9,psk,,,-61,78,2026-09-22T19:18:56-03:00,7,,2026-09-22T19:18:52-03:00,2026-09-22T19:19:21-03:00,Carlos María Solari y José Pedro Varela,Carlos María Solari y Carlos P. Puig,0.146,-33.522653,-58.220566,-33.522730,-58.220714,11,Carlos María Solari y José Pedro Varela,Carlos María Solari y Carlos P. Puig,0.306,0.109,yes
,ap-ee24bb4f67e7,psk,,,-62,76,2026-09-22T19:19:00-03:00,44,,2026-09-22T19:18:41-03:00,2026-09-22T19:38:18-03:00,Carlos María Solari y José Pedro Varela,Carlos María Solari y Carlos P. Puig,0.226,-33.522692,-58.220640,-33.522536,-58.220817,47,Carlos María Solari y José Pedro Varela,Carlos María Solari y Carlos P. Puig,0.405,0.186,
,ap-c57aaa301536,psk,,,-60,80,2026-09-22T19:19:06-03:00,94,,2026-09-22T19:13:10-03:00,2026-09-22T19:42:43-03:00,Carlos María Solari y José Pedro Varela,Carlos María Solari y Carlos P. Puig,0.290,-33.522722,-58.220700,-33.522370,-58.220843,72,Carlos María Solari y José Pedro Varela,Carlos María Solari y Carlos P. Puig,0.449,0.202,yes
,ap-064108da802e,psk,,,-68,64,2026-09-22T19:19:06-03:00,33,,2026-09-22T19:18:27-03:00,2026-09-22T19:37:37-03:00,Carlos María Solari y José Pedro Varela,Carlos María Solari y Carlos P. Puig,0.290,-33.522722,-58.220700,-33.522554,-58.220680,35,Carlos María Solari y José Pedro Varela,Carlos María Solari y Carlos P. Puig,0.435,0.179,yes
,ap-ec96253ef0ab,psk,,,-68,64,2026-09-22T19:19:06-03:00,24,,2026-09-22T19:18:56-03:00,2026-09-22T19:37:28-03:00,Carlos María Solari y José Pedro Varela,Carlos María Solari y Carlos P. Puig,0.290,-33.522722,-58.220700,-33.522586,-58.220713,33,Carlos María Solari y José Pedro Varela,Carlos María Solari y Carlos P. Puig,0.456,0.167,yes
,ap-88e233cf51ef,psk,,,-68,64,2026-09-22T19:19:06-03:00,24,,2026-09-22T19:18:56-03:00,2026-09-22T19:37:28-03:00,Carlos María Solari y José Pedro Varela,Carlos María Solari y Carlos P. Puig,0.290,-33.522722,-58.220700,-33.522576,-58.220709,32,Carlos María Solari y José Pedro Varela,Carlos María Solari y Carlos P. Puig,0.401,0.159,yes
,ap-696865ac40c3,psk,,,-52,96,2026-09-22T19:19:10-03:00,48,,2026-09-22T19:18:45-03:00,2026-09-22T19:42:43-03:00,Carlos María Solari y José Pedro Varela,Carlos María Solari y Carlos P. Puig,0.348,-33.522750,-58.220754,-33.522903,-58.221109,48,Carlos María Solari y José Pedro Varela,Carlos María Solari y Carlos P. Puig,0.502,0.169,yes
,ap-e256672f2fa2,psk,,,-52,96,2026-09-22T19:19:10-03:00,36,,2026-09-22T19:19:06-03:00,2026-09-22T19:42:47-03:00,Carlos María Solari y José Pedro Varela,Carlos María Solari y Carlos P. Puig,0.348,-33.522750,-58.220754,-33.522827,-58.220987,39,Carlos María Solari y José Pedro Varela,Carlos María Solari y Carlos P. Puig,0.540,0.164,
,ap-33fa2d307cd0,psk,,,-83,34,2026-09-22T19:19:10-03:00,9,,2026-09-22T19:19:06-03:00,2026-09-22T19:19:46-03:00,Carlos María Solari y José Pedro Varela,Carlos María Solari y Carlos P. Puig,0.348,-33.522750,-58.220754,-33.522822,-58.220894,15,Carlos María Solari y José Pedro Varela,Carlos María Solari y Carlos P. Puig,0.500,0.149,yes
,ap-dd2e35afd591,psk,2417,2,-78,44,2026-09-22T19:19:10-03:00,8,,2026-09-22T19:19:10-03:00,2026-09-22T19:19:46-03:00,Carlos María Solari y José Pedro Varela,Carlos María Solari y Carlos P. Puig,0.348,-33.522750,-58.220754,-33.522848,-58.220946,13,Carlos María Solari y José Pedro Varela,Carlos María Solari y Carlos P. Puig,0.556,0.128,yes
,ap-8792eda86ae3,psk,,,-63,74,2026-09-22T19:19:19-03:00,33,,2026-09-22T19:19:06-03:00,2026-09-22T19:42:47-03:00,Carlos María Solari y José Pedro Varela,Carlos María Solari y Carlos P. Puig,0.444,-33.522795,-58.220842,-33.522944,-58.221117,50,Carlos María Solari y José Pedro Varela,Carlos María Solari y Carlos P. Puig,0.534,0.141,yes
,ap-30cbcaece2b0,psk,,,-75,50,2026-09-22T19:19:21-03:00,15,,2026-09-22T19:19:19-03:00,2026-09-22T19:20:36-03:00,Carlos María Solari y José Pedro Varela,Carlos María Solari y Carlos P. Puig,0.468,-33.522806,-58.220864,-33.522953,-58.221151,23,Carlos María Solari y José Pedro Varela,Carlos María Solari y Carlos P. Puig,0.661,0.122,
,ap-119b14fc9900,psk,2432,5,-75,50,2026-09-22T19:19:21-03:00,12,,2026-09-22T19:19:21-03:00,2026-09-22T19:42:27-03:00,Carlos María Solari y José Pedro Varela,Carlos María Solari y Carlos P. Puig,0.468,-33.522806,-58.220864,-33.522955,-58.221093,18,Carlos María Solari y José Pedro Varela,Carlos María Solari y Carlos P. Puig,0.633,0.088,yes
,ap-8462a630505f,psk,2427,4,-63,74,2026-09-22T19:19:26-03:00,18,,2026-09-22T19:19:10-03:00,2026-09-22T19:20:36-03:00,Carlos María Solari y José Pedro Varela,Carlos María Solari y Carlos P. Puig,0.552,-33.522846,-58.220942,-33.522966,-58.221176,30,Carlos María Solari y José Pedro Varela,Carlos María Solari y Carlos P. Puig,0.612,0.112,yes
,ap-476a6a61d319,psk,,,-65,70,2026-09-22T19:19:26-03:00,18,,2026-09-22T19:19:10-03:00,2026-09-22T19:20:36-03:00,Carlos María Solari y José Pedro Varela,Carlos María Solari y Carlos P. Puig,0.552,-33.522846,-58.220942,-33.522960,-58.221164,29,Carlos María Solari y José Pedro Varela,Carlos María Solari y Carlos P. Puig,0.609,0.103,yes
,ap-86f4bef6dca5,psk,2452,9,-56,88,2026-09-22T19:19:32-03:00,26,,2026-09-22T19:19:19-03:00,2026-09-22T19:42:37-03:00,Carlos María Solari y José Pedro Varela,Carlos María Solari y Carlos P. Puig,0.616,-33.522877,-58.221002,-33.523028,-58.221221,26,Carlos María Solari y José Pedro Varela,Carlos María Solari y Carlos P. Puig,0.699,0.115,yes
,ap-63030f59bba5,psk,,,-56,88,2026-09-22T19:19:32-03:00,30,,2026-09-22T19:19:19-03:00,2026-09-22T19:42:52-03:00,Carlos María Solari y José Pedro Varela,Carlos María Solari y Carlos P. Puig,0.616,-33.522877,-58.221002,-33.523045,-58.221216,27,Carlos María Solari y José Pedro Varela,Carlos María Solari y Carlos P. Puig,0.699,0.115,yes
,ap-686d29d97278,psk,,,-56,88,2026-09-22T19:19:32-03:00,9,,2026-09-22T19:19:32-03:00,2026-09-22T19:20:11-03:00,Carlos María Solari y José Pedro Varela,Carlos María Solari y Carlos P. Puig,0.616,-33.522877,-58.221002,-33.522955,-58.221155,16,Carlos María Solari y José Pedro Varela,Carlos María Solari y Carlos P. Puig,0.725,0.109,yes
,ap-699b63f897a3,psk,,,-84,32,2026-09-22T19:19:32-03:00,7,,2026-09-22T19:19:32-03:00,2026-09-22T19:20:01-03:00,Carlos María Solari y José Pedro Varela,Carlos María Solari y Carlos P. Puig,0.616,-33.522877,-58.221002,-33.522963,-58.221169,14,Carlos María Solari y José Pedro Varela,Carlos María Solari y Carlos P. Puig,0.762,0.117,yes
,ap-5ce2e3957308,psk,2442,7,-75,50,2026-09-22T19:19:41-03:00,6,,2026-09-22T19:19:41-03:00,2026-09-22T19:20:06-03:00,Carlos María Solari y José Pedro Varela,Carlos María Solari y Carlos P. Puig,0.727,-33.522929,-58.221104,-33.523023,-58.221287,12,Carlos María Solari y José Pedro Varela,Carlos María Solari y Carlos P. Puig,0.849,0.088,yes
,ap-c97cd5f7f00a,psk,,,-81,38,2026-09-22T19:19:41-03:00,12,,2026-09-22T19:19:41-03:00,2026-09-22T19:42:18-03:00,Carlos María Solari y José Pedro Varela,Carlos María Solari y Carlos P. Puig,0.727,-33.522929,-58.221104,-33.523021,-58.221312,12,Carlos María Solari y José Pedro Varela,Carlos María Solari y Carlos P. Puig,0.849,0.088,yes
,ap-c9228f996f98,psk,2432,5,-48,100,2026-09-22T19:19:57-03:00,53,,2026-09-22T19:11:59-03:00,2026-09-22T19:43:12-03:00,Carlos María Solari y José Pedro Varela,Carlos María Solari y Carlos P. Puig,0.971,-33.523045,-58.221330,-33.523190,-58.221417,36,Carlos María Solari y Carlos P. Puig,Río Negro y Carlos P. Puig,0.387,0.206,
,ap-46eb3cf5c550,psk,,,-70,60,2026-09-22T19:19:57-03:00,7,,2026-09-22T19:19:46-03:00,2026-09-22T19:20:16-03:00,Carlos María Solari y José Pedro Varela,Carlos María Solari y Carlos P. Puig,0.971,-33.523045,-58.221330,-33.523073,-58.221385,10,Carlos María Solari y Carlos P. Puig,Carlos María Solari y Grito de Asencio,0.113,0.082,
,ap-ad8817657182,psk,,,-77,46,2026-09-22T19:20:06-03:00,7,,2026-09-22T19:20:06-03:00,2026-09-22T19:20:36-03:00,Carlos María Solari y Carlos P. Puig,Carlos María Solari y Grito de Asencio,0.112,-33.523115,-58.221467,-33.523219,-58.221672,12,Carlos María Solari y Carlos P. Puig,Carlos María Solari y Grito de Asencio,0.321,0.112,yes
,ap-942c03d0dfb2,psk,,,-78,44,2026-09-22T19:20:16-03:00,19,,2026-09-22T19:19:57-03:00,2026-09-22T19:21:26-03:00,Carlos María Solari y Carlos P. Puig,Carlos María Solari y Grito de Asencio,0.260,-33.523189,-58.221612,-33.523307,-58.221800,34,Carlos María Solari y Carlos P. Puig,Carlos María Solari y Grito de Asencio,0.395,0.226,yes
,ap-916cd5155cbc,psk,2462,11,-68,64,2026-09-22T19:20:22-03:00,32,,2026-09-22T19:19:57-03:00,2026-09-22T19:46:02-03:00,Carlos María Solari y Carlos P. Puig,Carlos María Solari y Grito de Asencio,0.310,-33.523214,-58.221662,-33.523355,-58.221896,36,Carlos María Solari y Carlos P. Puig,Carlos María Solari y Grito de Asencio,0.495,0.196,yes
,ap-89c2430a3e61,psk,2417,2,-69,62,2026-09-22T19:20:22-03:00,11,,2026-09-22T19:20:22-03:00,2026-09-22T19:21:12-03:00,Carlos María Solari y Carlos P. Puig,Carlos María Solari y Grito de Asencio,0.310,-33.523214,-58.221662,-33.523346,-58.221916,20,Carlos María Solari y Carlos P. Puig,Carlos María Solari y Grito de Asencio,0.533,0.159,yes
,ap-ed142514c396,psk,,,-69,62,2026-09-22T19:20:22-03:00,10,,2026-09-22T19:20:22-03:00,2026-09-22T19:21:06-03:00,Carlos María Solari y Carlos P. Puig,Carlos María Solari y Grito de Asencio,0.310,-33.523214,-58.221662,-33.523336,-58.221901,19,Carlos María Solari y Carlos P. Puig,Carlos María Solari y Grito de Asencio,0.533,0.159,yes
,ap-61303b973524,psk,2412,1,-59,82,2026-09-22T19:20:26-03:00,33,,2026-09-22T19:20:01-03:00,2026-09-22T19:45:57-03:00,Carlos María Solari y Carlos P. Puig,Carlos María Solari y Grito de Asencio,0.373,-33.523246,-58.221724,-33.523352,-58.221715,41,Carlos María Solari y Carlos P. Puig,Carlos María Solari y Grito de Asencio,0.492,0.208,yes
,ap-72f097dbc453,psk,,,-69,62,2026-09-22T19:20:26-03:00,8,,2026-09-22T19:20:26-03:00,2026-09-22T19:21:01-03:00,Carlos María Solari y Carlos P. Puig,Carlos María Solari y Grito de Asencio,0.373,-33.523246,-58.221724,-33.523356,-58.221940,18,Carlos María Solari y Carlos P. Puig,Carlos María Solari y Grito de Asencio,0.593,0.170,yes
,ap-9ad9224b870c,psk,2432,5,-81,38,2026-09-22T19:20:26-03:00,6,,2026-09-22T19:20:26-03:00,2026-09-22T19:20:51-03:00,Carlos María Solari y Carlos P. Puig,Carlos María Solari y Grito de Asencio,0.373,-33.523246,-58.221724,-33.523352,-58.221932,14,Carlos María Solari y Carlos P. Puig,Carlos María Solari y Grito de Asencio,0.585,0.134,yes
,ap-ecf02546103b,psk,,,-68,64,2026-09-22T19:20:31-03:00,33,,2026-09-22T19:19:57-03:00,2026-09-22T19:45:57-03:00,Carlos María Solari y Carlos P. Puig,Carlos María Solari y Grito de Asencio,0.432,-33.523275,-58.221782,-33.523353,-58.221648,42,Carlos María Solari y Carlos P. Puig,Carlos María Solari y Grito de Asencio,0.434,0.180,yes
,ap-171657cd7b95,psk,2472,13,-66,68,2026-09-22T19:20:31-03:00,37,,2026-09-22T19:20:01-03:00,2026-09-22T19:46:02-03:00,Carlos María Solari y Carlos P. Puig,Carlos María Solari y Grito de Asencio,0.432,-33.523275,-58.221782,-33.523369,-58.221834,39,Carlos María Solari y Carlos P. Puig,Carlos María Solari y Grito de Asencio,0.497,0.187,yes
,ap-2605fe9017e3,psk,,,-68,64,2026-09-22T19:20:31-03:00,21,,2026-09-22T19:20:16-03:00,2026-09-22T19:42:32-03:00,Carlos María Solari y Carlos P. Puig,Carlos María Solari y Grito de Asencio,0.432,-33.523275,-58.221782,-33.523338,-58.221790,31,Carlos María Solari y Carlos P. Puig,Carlos María Solari y Grito de Asencio,0.499,0.164,yes
,ap-cb2732e79549,psk,,,-64,72,2026-09-22T19:20:31-03:00,13,,2026-09-22T19:20:26-03:00,2026-09-22T19:21:26-03:00,Carlos María Solari y Carlos P. Puig,Carlos María Solari y Grito de Asencio,0.432,-33.523275,-58.221782,-33.523430,-58.222039,18,Carlos María Solari y Carlos P. Puig,Carlos María Solari y Grito de Asencio,0.632,0.133,yes
,ap-99189e5b2e5f,psk,2457,10,-63,74,2026-09-22T19:20:31-03:00,11,,2026-09-22T19:20:31-03:00,2026-09-22T19:21:21-03:00,Carlos María Solari y Carlos P. Puig,Carlos María Solari y Grito de Asencio,0.432,-33.523275,-58.221782,-33.523425,-58.222041,17,Carlos María Solari y Carlos P. Puig,Carlos María Solari y Grito de Asencio,0.636,0.129,yes
,ap-8b4000f3d2e6,psk,,,-66,68,2026-09-22T19:20:36-03:00,32,,2026-09-22T19:20:06-03:00,2026-09-22T19:45:57-03:00,Carlos María Solari y Carlos P. Puig,Carlos María Solari y Grito de Asencio,0.547,-33.523333,-58.221895,-33.523374,-58.221755,42,Carlos María Solari y Carlos P. Puig,Carlos María Solari y Grito de Asencio,0.523,0.211,yes
,ap-5f8a6029e920,psk,,,-47,100,2026-09-22T19:20:41-03:00,36,,2026-09-22T19:20:11-03:00,2026-09-22T19:46:12-03:00,Carlos María Solari y Carlos P. Puig,Carlos María Solari y Grito de Asencio,0.712,-33.523416,-58.222057,-33.523450,-58.222115,19,Carlos María Solari y Carlos P. Puig,Carlos María Solari y Grito de Asencio,0.761,0.091,
,ap-f300b176c982,psk,2447,8,-68,64,2026-09-22T19:20:41-03:00,28,,2026-09-22T19:20:26-03:00,2026-09-22T19:46:27-03:00,Carlos María Solari y Carlos P. Puig,Carlos María Solari y Grito de Asencio,0.712,-33.523416,-58.222057,-33.523448,-58.222211,29,Carlos María Solari y Carlos P. Puig,Carlos María Solari y Grito de Asencio,0.667,0.131,yes
,ap-02f792905cf9,psk,,,-65,70,2026-09-22T19:20:41-03:00,21,,2026-09-22T19:20:31-03:00,2026-09-22T19:46:12-03:00,Carlos María Solari y Carlos P. Puig,Carlos María Solari y Grito de Asencio,0.712,-33.523416,-58.222057,-33.523444,-58.222195,22,Carlos María Solari y Carlos P. Puig,Carlos María Solari y Grito de Asencio,0.684,0.110,yes
,ap-4f67b5ef5769,psk,2427,4,-47,100,2026-09-22T19:20:41-03:00,32,,2026-09-22T19:20:31-03:00,2026-09-22T19:46:27-03:00,Carlos María Solari y Carlos P. Puig,Carlos María Solari y Grito de Asencio,0.712,-33.523416,-58.222057,-33.523461,-58.222136,18,Carlos María Solari y Carlos P. Puig,Carlos María Solari y Grito de Asencio,0.775,0.084,
,ap-c0b5bb073320,psk,2427,4,-65,70,2026-09-22T19:20:47-03:00,34,,2026-09-22T19:20:36-03:00,2026-09-22T19:46:27-03:00,Carlos María Solari y Carlos P. Puig,Carlos María Solari y Grito de Asencio,0.712,-33.523416,-58.222057,-33.523602,-58.222194,29,Carlos María Solari y Grito de Asencio,Río Negro y Grito de Asencio,0.321,0.201,yes
,ap-937659f934d1,psk,,,-75,50,2026-09-22T19:20:47-03:00,23,,2026-09-22T19:20:36-03:00,2026-09-22T19:46:02-03:00,Carlos María Solari y Carlos P. Puig,Carlos María Solari y Grito de Asencio,0.712,-33.523416,-58.222057,-33.523586,-58.222232,23,Carlos María Solari y Grito de Asencio,Río Negro y Grito de Asencio,0.245,0.147,yes
,ap-2ddf7e02b16c,psk,,,-84,32,2026-09-22T19:21:06-03:00,13,,2026-09-22T19:21:06-03:00,2026-09-22T19:46:07-03:00,Carlos María Solari y Grito de Asencio,Río Negro y Grito de Asencio,0.000,-33.523560,-58.222340,-33.523575,-58.222330,24,Carlos María Solari y Grito de Asencio,Río Negro y Grito de Asencio,0.221,0.151,yes
,ap-e86ff52fd5b0,psk,,,-76,48,2026-09-22T19:21:12-03:00,26,,2026-09-22T19:21:01-03:00,2026-09-22T19:46:37-03:00,Carlos María Solari y Grito de Asencio,Río Negro y Grito de Asencio,0.058,-33.523606,-58.222308,-33.523622,-58.222293,30,Carlos María Solari y Grito de Asencio,Río Negro y Grito de Asencio,0.299,0.191,yes
,ap-882fc5a4858a,psk,,,-77,46,2026-09-22T19:21:12-03:00,17,,2026-09-22T19:21:12-03:00,2026-09-22T19:46:12-03:00,Carlos María Solari y Grito de Asencio,Río Negro y Grito de Asencio,0.058,-33.523606,-58.222308,-33.523576,-58.222329,21,Carlos María Solari y Grito de Asencio,Río Negro y Grito de Asencio,0.212,0.155,yes
,ap-a8ed656b9968,psk,,,-71,58,2026-09-22T19:21:16-03:00,39,,2026-09-22T19:20:56-03:00,2026-09-22T19:46:47-03:00,Carlos María Solari y Grito de Asencio,Río Negro y Grito de Asencio,0.101,-33.523640,-58.222283,-33.523643,-58.222258,36,Carlos María Solari y Grito de Asencio,Río Negro y Grito de Asencio,0.298,0.223,
,ap-9a7ce4f2b48a,psk,,,-74,52,2026-09-22T19:21:16-03:00,33,,2026-09-22T19:20:56-03:00,2026-09-22T19:46:57-03:00,Carlos María Solari y Grito de Asencio,Río Negro y Grito de Asencio,0.101,-33.523640,-58.222283,-33.523510,-58.222368,39,Carlos María Solari y Grito de Asencio,Río Negro y Grito de Asencio,0.301,0.235,yes
,ap-caafe3babd18,psk,,,-66,68,2026-09-22T19:21:16-03:00,13,,2026-09-22T19:21:16-03:00,2026-09-22T19:45:53-03:00,Carlos María Solari y Grito de Asencio,Río Negro y Grito de Asencio,0.101,-33.523640,-58.222283,-33.523713,-58.222233,20,Carlos María Solari y Grito de Asencio,Río Negro y Grito de Asencio,0.271,0.177,yes
,ap-5a335c3db05c,psk,,,-85,30,2026-09-22T19:21:21-03:00,17,,2026-09-22T19:21:16-03:00,2026-09-22T19:46:22-03:00,Carlos María Solari y Grito de Asencio,Río Negro y Grito de Asencio,0.196,-33.523717,-58.222230,-33.523616,-58.222302,34,Carlos María Solari y Grito de Asencio,Río Negro y Grito de Asencio,0.387,0.162,yes
,ap-86863a31a44b,psk,2457,10,-72,56,2026-09-22T19:21:31-03:00,23,,2026-09-22T19:21:31-03:00,2026-09-22T19:45:57-03:00,Carlos María Solari y Grito de Asencio,Río Negro y Grito de Asencio,0.436,-33.523909,-58.222096,-33.523873,-58.222118,29,Carlos María Solari y Grito de Asencio,Río Negro y Grito de Asencio,0.489,0.155,yes
,ap-00dae8eefbaa,psk,,,-87,26,2026-09-22T19:21:31-03:00,6,,2026-09-22T19:21:31-03:00,2026-09-22T19:21:56-03:00,Carlos María Solari y Grito de Asencio,Río Negro y Grito de Asencio,0.436,-33.523909,-58.222096,-33.524054,-58.221994,13,Carlos María Solari y Grito de Asencio,Río Negro y Grito de Asencio,0.617,0.126,yes
,ap-d68adcfefec6,psk,,,-70,60,2026-09-22T19:21:37-03:00,30,,2026-09-22T19:21:01-03:00,2026-09-22T19:45:57-03:00,Carlos María Solari y Grito de Asencio,Río Negro y Grito de Asencio,0.487,-33.523949,-58.222067,-33.523858,-58.222121,28,Carlos María Solari y Grito de Asencio,Río Negro y Grito de Asencio,0.443,0.159,yes
,ap-9ea932dc51b9,psk,,,-82,36,2026-09-22T19:21:37-03:00,15,,2026-09-22T19:21:31-03:00,2026-09-22T19:45:33-03:00,Carlos María Solari y Grito de Asencio,Río Negro y Grito de Asencio,0.487,-33.523949,-58.222067,-33.523971,-58.222048,23,Carlos María Solari y Grito de Asencio,Río Negro y Grito de Asencio,0.459,0.183,yes
,ap-383da6799705,psk,,,-71,58,2026-09-22T19:21:41-03:00,16,,2026-09-22T19:21:41-03:00,2026-09-22T19:45:28-03:00,Carlos María Solari y Grito de Asencio,Río Negro y Grito de Asencio,0.550,-33.524000,-58.222032,-33.524066,-58.221969,21,Carlos María Solari y Grito de Asencio,Río Negro y Grito de Asencio,0.573,0.168,yes
,ap-1d8c5c00bbc6,psk,,,-71,58,2026-09-22T19:21:41-03:00,12,,2026-09-22T19:21:41-03:00,2026-09-22T19:45:28-03:00,Carlos María Solari y Grito de Asencio,Río Negro y Grito de Asencio,0.550,-33.524000,-58.222032,-33.524016,-58.222021,17,Carlos María Solari y Grito de Asencio,Río Negro y Grito de Asencio,0.546,0.143,yes
,ap-762629561dad,psk,,,-87,26,2026-09-22T19:21:41-03:00,7,,2026-09-22T19:21:41-03:00,2026-09-22T19:22:11-03:00,Carlos María Solari y Grito de Asencio,Río Negro y Grito de Asencio,0.550,-33.524000,-58.222032,-33.524198,-58.221881,16,Carlos María Solari y Grito de Asencio,Río Negro y Grito de Asencio,0.730,0.129,yes
,ap-61f2c348075c,psk,,,-73,54,2026-09-22T19:21:46-03:00,8,,2026-09-22T19:21:46-03:00,2026-09-22T19:22:21-03:00,Carlos María Solari y Grito de Asencio,Río Negro y Grito de Asencio,0.627,-33.524062,-58.221989,-33.524224,-58.221804,16,Carlos María Solari y Grito de Asencio,Río Negro y Grito de Asencio,0.764,0.089,yes
,ap-97eb81e8f642,psk,2462,11,-64,72,2026-09-22T19:21:56-03:00,40,,2026-09-22T19:21:51-03:00,2026-09-22T19:46:37-03:00,Carlos María Solari y Grito de Asencio,Río Negro y Grito de Asencio,0.826,-33.524221,-58.221877,-33.523980,-58.221971,47,Carlos María Solari y Grito de Asencio,Río Negro y Grito de Asencio,0.704,0.174,yes
,ap-3bfec91008f8,psk,,,-48,100,2026-09-22T19:22:02-03:00,48,,2026-09-22T19:21:51-03:00,2026-09-22T19:46:18-03:00,Carlos María Solari y Grito de Asencio,Río Negro y Grito de Asencio,0.933,-33.524307,-58.221817,-33.524158,-58.221728,35,Carlos María Solari y Grito de Asencio,Río Negro y Grito de Asencio,0.840,0.135,
,ap-d027d41a160b,psk,,,-83,34,2026-09-22T19:22:02-03:00,15,,2026-09-22T19:21:56-03:00,2026-09-22T19:45:13-03:00,Carlos María Solari y Grito de Asencio,Río Negro y Grito de Asencio,0.933,-33.524307,-58.221817,-33.524194,-58.221811,21,Carlos María Solari y Grito de Asencio,Río Negro y Grito de Asencio,0.730,0.159,yes
,ap-a96c6d218c98,psk,2427,4,-60,80,2026-09-22T19:22:02-03:00,27,,2026-09-22T19:22:02-03:00,2026-09-22T19:45:43-03:00,Carlos María Solari y Grito de Asencio,Río Negro y Grito de Asencio,0.933,-33.524307,-58.221817,-33.524099,-58.221670,42,Carlos María Solari y Grito de Asencio,Río Negro y Grito de Asencio,0.684,0.211,
,ap-cc14e800c31c,psk,,,-79,42,2026-09-22T19:22:02-03:00,12,,2026-09-22T19:22:02-03:00,2026-09-22T19:45:18-03:00,Carlos María Solari y Grito de Asencio,Río Negro y Grito de Asencio,0.933,-33.524307,-58.221817,-33.524182,-58.221779,25,Río Negro y Grito de Asencio,Río Negro y Carlos P. Puig,0.174,0.113,yes
,ap-7a363291d056,psk,,,-71,58,2026-09-22T19:22:11-03:00,24,,2026-09-22T19:21:46-03:00,2026-09-22T19:45:18-03:00,Río Negro y Grito de Asencio,Río Negro y Carlos P. Puig,0.067,-33.524329,-58.221713,-33.524203,-58.221698,25,Río Negro y Grito de Asencio,Río Negro y Carlos P. Puig,0.250,0.169,yes
,ap-4fb0552de3d0,psk,2447,8,-68,64,2026-09-22T19:22:11-03:00,33,,2026-09-22T19:22:06-03:00,2026-09-22T19:46:52-03:00,Río Negro y Grito de Asencio,Río Negro y Carlos P. Puig,0.067,-33.524329,-58.221713,-33.524068,-58.221806,44,Río Negro y Grito de Asencio,Río Negro y Carlos P. Puig,0.280,0.198,
,ap-6624a0d7c505,open,,,-82,36,2026-09-22T19:22:11-03:00,24,,2026-09-22T19:22:11-03:00,2026-09-22T19:45:47-03:00,Río Negro y Grito de Asencio,Río Negro y Carlos P. Puig,0.067,-33.524329,-58.221713,-33.524073,-58.221854,38,Carlos María Solari y Grito de Asencio,Río Negro y Grito de Asencio,0.611,0.267,yes
,ap-bd019d3cf567,psk,,,-68,64,2026-09-22T19:22:16-03:00,40,,2026-09-22T19:21:26-03:00,2026-09-22T19:45:37-03:00,Río Negro y Grito de Asencio,Río Negro y Carlos P. Puig,0.176,-33.524277,-58.221603,-33.524114,-58.221707,37,Carlos María Solari y Grito de Asencio,Río Negro y Grito de Asencio,0.635,0.249,yes
,ap-0b5624a99838,psk,,,-66,68,2026-09-22T19:22:16-03:00,25,,2026-09-22T19:21:37-03:00,2026-09-22T19:46:22-03:00,Río Negro y Grito de Asencio,Río Negro y Carlos P. Puig,0.176,-33.524277,-58.221603,-33.523987,-58.221959,42,Carlos María Solari y Grito de Asencio,Río Negro y Grito de Asencio,0.527,0.197,yes
,ap-a9d604f8ad7c,psk,2422,3,-66,68,2026-09-22T19:22:16-03:00,20,,2026-09-22T19:22:02-03:00,2026-09-22T19:45:08-03:00,Río Negro y Grito de Asencio,Río Negro y Carlos P. Puig,0.176,-33.524277,-58.221603,-33.524174,-58.221577,29,Río Negro y Grito de Asencio,Río Negro y Carlos P. Puig,0.370,0.218,yes
,ap-acc75885974f,psk,,,-68,64,2026-09-22T19:22:16-03:00,24,,2026-09-22T19:22:11-03:00,2026-09-22T19:45:33-03:00,Río Negro y Grito de Asencio,Río Negro y Carlos P. Puig,0.176,-33.524277,-58.221603,-33.524139,-58.221738,31,Río Negro y Grito de Asencio,Río Negro y Carlos P. Puig,0.292,0.132,yes
,ap-3207a7444da5,psk,,,-68,64,2026-09-22T19:22:16-03:00,7,,2026-09-22T19:22:16-03:00,2026-09-22T19:22:46-03:00,Río Negro y Grito de Asencio,Río Negro y Carlos P. Puig,0.176,-33.524277,-58.221603,-33.524201,-58.221439,11,Río Negro y Grito de Asencio,Río Negro y Carlos P. Puig,0.339,0.107,yes
,ap-f0a75916023c,psk,,,-90,20,2026-09-22T19:22:16-03:00,6,,2026-09-22T19:22:16-03:00,2026-09-22T19:22:41-03:00,Río Negro y Grito de Asencio,Río Negro y Carlos P. Puig,0.176,-33.524277,-58.221603,-33.524194,-58.221424,9,Río Negro y Grito de Asencio,Río Negro y Carlos P. Puig,0.354,0.086,yes
,ap-c6aff156d865,psk,2432,5,-92,16,2026-09-22T19:22:16-03:00,6,,2026-09-22T19:22:16-03:00,2026-09-22T19:22:41-03:00,Río Negro y Grito de Asencio,Río Negro y Carlos P. Puig,0.176,-33.524277,-58.221603,-33.524194,-58.221424,9,Río Negro y Grito de Asencio,Río Negro y Carlos P. Puig,0.354,0.086,yes
,ap-3549333995b7,psk,2452,9,-82,36,2026-09-22T19:22:21-03:00,13,,2026-09-22T19:22:21-03:00,2026-09-22T19:44:57-03:00,Río Negro y Grito de Asencio,Río Negro y Carlos P. Puig,0.279,-33.524229,-58.221500,-33.524209,-58.221605,25,Río Negro y Grito de Asencio,Río Negro y Carlos P. Puig,0.369,0.121,yes
,ap-3e26ea4a0d74,psk,,,-89,22,2026-09-22T19:22:27-03:00,7,,2026-09-22T19:22:21-03:00,2026-09-22T19:22:52-03:00,Río Negro y Grito de Asencio,Río Negro y Carlos P. Puig,0.349,-33.524196,-58.221429,-33.524144,-58.221318,10,Río Negro y Grito de Asencio,Río Negro y Carlos P. Puig,0.459,0.098,yes
,ap-8b6476d49f99,psk,,,-85,30,2026-09-22T19:22:27-03:00,12,,2026-09-22T19:22:27-03:00,2026-09-22T19:23:21-03:00,Río Negro y Grito de Asencio,Río Negro y Carlos P. Puig,0.349,-33.524196,-58.221429,-33.524058,-58.221134,24,Río Negro y Grito de Asencio,Río Negro y Carlos P. Puig,0.557,0.162,yes
,ap-2192ca257058,psk,,,-95,10,2026-09-22T19:22:27-03:00,6,,2026-09-22T19:22:27-03:00,2026-09-22T19:22:52-03:00,Río Negro y Grito de Asencio,Río Negro y Carlos P. Puig,0.349,-33.524196,-58.221429,-33.524131,-58.221290,10,Río Negro y Grito de Asencio,Río Negro y Carlos P. Puig,0.487,0.094,yes
,ap-5e3edd0a25ec,psk,,,-95,10,2026-09-22T19:22:27-03:00,6,,2026-09-22T19:22:27-03:00,2026-09-22T19:22:52-03:00,Río Negro y Grito de Asencio,Río Negro y Carlos P. Puig,0.349,-33.524196,-58.221429,-33.524131,-58.221290,10,Río Negro y Grito de Asencio,Río Negro y Carlos P. Puig,0.487,0.094,yes
,ap-0396927c4b28,open,2437,6,-78,44,2026-09-22T19:22:31-03:00,30,,2026-09-22T19:22:21-03:00,2026-09-22T19:44:57-03:00,Río Negro y Grito de Asencio,Río Negro y Carlos P. Puig,0.414,-33.524166,-58.221364,-33.524142,-58.221396,30,Río Negro y Grito de Asencio,Río Negro y Carlos P. Puig,0.438,0.155,yes
,ap-e08d024aafbf,psk,,,-81,38,2026-09-22T19:22:46-03:00,6,,2026-09-22T19:22:46-03:00,2026-09-22T19:23:11-03:00,Río Negro y Grito de Asencio,Río Negro y Carlos P. Puig,0.571,-33.524092,-58.221206,-33.523980,-58.220966,14,Río Negro y Grito de Asencio,Río Negro y Carlos P. Puig,0.771,0.115,yes
,ap-1eaa087056b1,psk,2452,9,-66,68,2026-09-22T19:22:52-03:00,33,,2026-09-22T19:22:16-03:00,2026-09-22T19:44:38-03:00,Río Negro y Grito de Asencio,Río Negro y Carlos P. Puig,0.685,-33.524038,-58.221091,-33.524046,-58.221121,38,Río Negro y Grito de Asencio,Río Negro y Carlos P. Puig,0.517,0.205,
,ap-3f19644c5738,psk,,,-66,68,2026-09-22T19:22:52-03:00,17,,2026-09-22T19:22:46-03:00,2026-09-22T19:44:32-03:00,Río Negro y Grito de Asencio,Río Negro y Carlos P. Puig,0.685,-33.524038,-58.221091,-33.524065,-58.221152,31,Río Negro y Grito de Asencio,Río Negro y Carlos P. Puig,0.554,0.219,yes
,ap-2f5aa54f0aeb,psk,2442,7,-53,94,2026-09-22T19:23:01-03:00,46,,2026-09-22T19:22:52-03:00,2026-09-22T19:44:57-03:00,Río Negro y Grito de Asencio,Río Negro y Carlos P. Puig,0.895,-33.523939,-58.220879,-33.523908,-58.220873,40,Río Negro y Grito de Asencio,Río Negro y Carlos P. Puig,0.665,0.195,yes
,ap-4cc6eb76e846,psk,,,-88,24,2026-09-22T19:23:11-03:00,6,,2026-09-22T19:23:11-03:00,2026-09-22T19:23:36-03:00,Río Negro y Carlos P. Puig,Río Negro y José Pedro Varela,0.000,-33.523891,-58.220774,-33.523813,-58.220619,11,Río Negro y Carlos P. Puig,Río Negro y José Pedro Varela,0.169,0.109,yes
,ap-e0ccd43ea4f8,psk,,,-60,80,2026-09-22T19:23:17-03:00,40,,2026-09-22T19:22:41-03:00,2026-09-22T19:44:30-03:00,Río Negro y Carlos P. Puig,Río Negro y José Pedro Varela,0.070,-33.523859,-58.220711,-33.523888,-58.220803,39,Río Negro y Grito de Asencio,Río Negro y Carlos P. Puig,0.636,0.207,yes
,ap-d130d69915bf,psk,,,-44,100,2026-09-22T19:23:17-03:00,62,,2026-09-22T19:22:56-03:00,2026-09-22T19:44:57-03:00,Río Negro y Carlos P. Puig,Río Negro y José Pedro Varela,0.070,-33.523859,-58.220711,-33.523816,-58.220726,35,Río Negro y Carlos P. Puig,Río Negro y José Pedro Varela,0.259,0.260,
,ap-83cb46342d49,psk,,,-81,38,2026-09-22T19:23:17-03:00,12,,2026-09-22T19:23:01-03:00,2026-09-22T19:44:03-03:00,Río Negro y Carlos P. Puig,Río Negro y José Pedro Varela,0.070,-33.523859,-58.220711,-33.523968,-58.220943,22,Río Negro y Grito de Asencio,Río Negro y Carlos P. Puig,0.689,0.117,yes
,ap-36f8ee90f958,psk,,,-81,38,2026-09-22T19:23:17-03:00,30,,2026-09-22T19:23:06-03:00,2026-09-22T19:44:17-03:00,Río Negro y Carlos P. Puig,Río Negro y José Pedro Varela,0.070,-33.523859,-58.220711,-33.523889,-58.220791,35,Río Negro y Carlos P. Puig,Río Negro y José Pedro Varela,0.346,0.251,yes
,ap-754aa9c5148b,psk,,,-81,38,2026-09-22T19:23:17-03:00,9,,2026-09-22T19:23:06-03:00,2026-09-22T19:23:46-03:00,Río Negro y Carlos P. Puig,Río Negro y José Pedro Varela,0.070,-33.523859,-58.220711,-33.523800,-58.220593,17,Río Negro y Carlos P. Puig,Río Negro y José Pedro Varela,0.228,0.159,yes
,ap-4baaf5c6f03a,psk,2447,8,-83,34,2026-09-22T19:23:17-03:00,7,,2026-09-22T19:23:17-03:00,2026-09-22T19:23:46-03:00,Río Negro y Carlos P. Puig,Río Negro y José Pedro Varela,0.070,-33.523859,-58.220711,-33.523759,-58.220512,14,Río Negro y Carlos P. Puig,Río Negro y José Pedro Varela,0.285,0.140,yes
,ap-1c36bf1b1b7d,psk,,,-69,62,2026-09-22T19:23:21-03:00,8,,2026-09-22T19:23:11-03:00,2026-09-22T19:23:46-03:00,Río Negro y Carlos P. Puig,Río Negro y José Pedro Varela,0.111,-33.523840,-58.220673,-33.523760,-58.220513,14,Río Negro y Carlos P. Puig,Río Negro y José Pedro Varela,0.284,0.143,yes
,ap-470cdf7d2f1a,psk,,,-74,52,2026-09-22T19:23:31-03:00,26,,2026-09-22T19:23:31-03:00,2026-09-22T19:44:30-03:00,Río Negro y Carlos P. Puig,Río Negro y José Pedro Varela,0.296,-33.523754,-58.220503,-33.523846,-58.220702,47,Río Negro y Carlos P. Puig,Río Negro y José Pedro Varela,0.534,0.200,yes
,ap-08a81a3d6713,psk,2432,5,-68,64,2026-09-22T19:23:36-03:00,40,,2026-09-22T19:23:01-03:00,2026-09-22T19:44:32-03:00,Río Negro y Carlos P. Puig,Río Negro y José Pedro Varela,0.350,-33.523729,-58.220453,-33.523795,-58.220595,53,Río Negro y Carlos P. Puig,Río Negro y José Pedro Varela,0.436,0.221,yes
,ap-3786045fcad4,psk,,,-68,64,2026-09-22T19:23:36-03:00,20,,2026-09-22T19:23:26-03:00,2026-09-22T19:44:03-03:00,Río Negro y Carlos P. Puig,Río Negro y José Pedro Varela,0.350,-33.523729,-58.220453,-33.523802,-58.220605,39,Río Negro y Carlos P. Puig,Río Negro y José Pedro Varela,0.502,0.197,yes
,ap-35986215dbcd,psk,,,-90,20,2026-09-22T19:23:36-03:00,6,,2026-09-22T19:23:36-03:00,2026-09-22T19:24:01-03:00,Río Negro y Carlos P. Puig,Río Negro y José Pedro Varela,0.350,-33.523729,-58.220453,-33.523621,-58.220237,14,Río Negro y Carlos P. Puig,Río Negro y José Pedro Varela,0.584,0.139,yes
,ap-b504a05b043a,psk,,,-61,78,2026-09-22T19:23:42-03:00,20,,2026-09-22T19:23:26-03:00,2026-09-22T19:44:17-03:00,Río Negro y Carlos P. Puig,Río Negro y José Pedro Varela,0.462,-33.523678,-58.220350,-33.523745,-58.220493,43,Río Negro y Carlos P. Puig,Río Negro y José Pedro Varela,0.612,0.187,yes
,ap-d33df48a2584,psk,,,-61,78,2026-09-22T19:23:42-03:00,14,,2026-09-22T19:23:31-03:00,2026-09-22T19:24:36-03:00,Río Negro y Carlos P. Puig,Río Negro y José Pedro Varela,0.462,-33.523678,-58.220350,-33.523581,-58.220156,21,Río Negro y Carlos P. Puig,Río Negro y José Pedro Varela,0.622,0.181,yes
,ap-d13feb40e313,psk,,,-61,78,2026-09-22T19:23:42-03:00,11,,2026-09-22T19:23:31-03:00,2026-09-22T19:24:23-03:00,Río Negro y Carlos P. Puig,Río Negro y José Pedro Varela,0.462,-33.523678,-58.220350,-33.523597,-58.220189,19,Río Negro y Carlos P. Puig,Río Negro y José Pedro Varela,0.622,0.181,yes
,ap-98c5c2042978,psk,2457,10,-61,78,2026-09-22T19:23:42-03:00,28,,2026-09-22T19:23:42-03:00,2026-09-22T19:44:17-03:00,Río Negro y Carlos P. Puig,Río Negro y José Pedro Varela,0.462,-33.523678,-58.220350,-33.523725,-58.220451,53,Río Negro y Carlos P. Puig,Río Negro y José Pedro Varela,0.670,0.160,yes
,ap-213741a335d8,psk,2452,9,-74,52,2026-09-22T19:23:42-03:00,9,,2026-09-22T19:23:42-03:00,2026-09-22T19:24:23-03:00,Río Negro y Carlos P. Puig,Río Negro y José Pedro Varela,0.462,-33.523678,-58.220350,-33.523561,-58.220117,17,Río Negro y Carlos P. Puig,Río Negro y José Pedro Varela,0.681,0.153,yes
,ap-2956e4898bd4,psk,,,-74,52,2026-09-22T19:23:51-03:00,13,,2026-09-22T19:23:46-03:00,2026-09-22T19:24:47-03:00,Río Negro y Carlos P. Puig,Río Negro y José Pedro Varela,0.638,-33.523597,-58.220187,-33.523479,-58.219952,20,Río Negro y Carlos P. Puig,Río Negro y José Pedro Varela,0.755,0.125,yes
,ap-7ab83b9dc6e8,psk,,,-74,52,2026-09-22T19:23:51-03:00,7,,2026-09-22T19:23:51-03:00,2026-09-22T19:24:23-03:00,Río Negro y Carlos P. Puig,Río Negro y José Pedro Varela,0.638,-33.523597,-58.220187,-33.523503,-58.220000,12,Río Negro y Carlos P. Puig,Río Negro y José Pedro Varela,0.804,0.095,yes
,ap-ca800d44f797,psk,,,-70,60,2026-09-22T19:23:56-03:00,46,,2026-09-22T19:23:21-03:00,2026-09-22T19:44:57-03:00,Río Negro y Carlos P. Puig,Río Negro y José Pedro Varela,0.739,-33.523550,-58.220095,-33.523633,-58.220438,69,Río Negro y Carlos P. Puig,Río Negro y José Pedro Varela,0.633,0.197,yes
,ap-922d50019a00,open,2442,7,-84,32,2026-09-22T19:23:56-03:00,9,,2026-09-22T19:23:56-03:00,2026-09-22T19:24:36-03:00,Río Negro y Carlos P. Puig,Río Negro y José Pedro Varela,0.739,-33.523550,-58.220095,-33.523454,-58.219901,16,Río Negro y Carlos P. Puig,Río Negro y José Pedro Varela,0.826,0.068,yes
,ap-852b02a1a6bb,psk,,,-73,54,2026-09-22T19:24:01-03:00,11,,2026-09-22T19:23:51-03:00,2026-09-22T19:24:41-03:00,Río Negro y Carlos P. Puig,Río Negro y José Pedro Varela,0.795,-33.523524,-58.220043,-33.523449,-58.219891,18,Río Negro y Carlos P. Puig,Río Negro y José Pedro Varela,0.817,0.064,yes
,ap-69ed0480d22b,psk,2442,7,-73,54,2026-09-22T19:24:01-03:00,16,,2026-09-22T19:23:56-03:00,2026-09-22T19:43:47-03:00,Río Negro y Carlos P. Puig,Río Negro y José Pedro Varela,0.795,-33.523524,-58.220043,-33.523560,-58.220116,40,Río Negro y Carlos P. Puig,Río Negro y José Pedro Varela,0.837,0.058,
,ap-482b30e1a14e,psk,,,-78,44,2026-09-22T19:24:01-03:00,7,,2026-09-22T19:23:56-03:00,2026-09-22T19:24:26-03:00,Río Negro y Carlos P. Puig,Río Negro y José Pedro Varela,0.795,-33.523524,-58.220043,-33.523463,-58.219921,12,Río Negro y Carlos P. Puig,Río Negro y José Pedro Varela,0.854,0.063,yes
,ap-4eeefd3d6002,psk,,,-68,64,2026-09-22T19:24:07-03:00,21,,2026-09-22T19:24:01-03:00,2026-09-22T19:36:08-03:00,Río Negro y Carlos P. Puig,Río Negro y José Pedro Varela,0.859,-33.523495,-58.219984,-33.523340,-58.219846,21,Río Negro y José Pedro Varela,Río Negro y José Bonifacio Redruello,0.248,0.112,yes
,ap-36cbb2590737,psk,2422,3,-71,58,2026-09-22T19:24:11-03:00,25,,2026-09-22T19:24:01-03:00,2026-09-22T19:36:12-03:00,Río Negro y Carlos P. Puig,Río Negro y José Pedro Varela,0.885,-33.523483,-58.219960,-33.523312,-58.219821,23,Río Negro y José Pedro Varela,Río Negro y José Bonifacio Redruello,0.262,0.133,yes
,ap-de2a8e504b4f,psk,2442,7,-52,96,2026-09-22T19:24:11-03:00,31,,2026-09-22T19:24:07-03:00,2026-09-22T19:36:42-03:00,Río Negro y Carlos P. Puig,Río Negro y José Pedro Varela,0.885,-33.523483,-58.219960,-33.523244,-58.219897,30,Río Negro y José Pedro Varela,Carlos María Solari y José Pedro Varela,0.374,0.211,
,ap-1bfdb72b37f3,psk,2417,2,-70,60,2026-09-22T19:24:16-03:00,45,,2026-09-22T19:23:31-03:00,2026-09-22T19:43:52-03:00,Río Negro y Carlos P. Puig,Río Negro y José Pedro Varela,0.970,-33.523443,-58.219881,-33.523239,-58.219978,44,Río Negro y José Pedro Varela,Río Negro y José Bonifacio Redruello,0.274,0.133,yes
,ap-1e74fbd7c7d2,psk,,,-63,74,2026-09-22T19:24:16-03:00,32,,2026-09-22T19:23:56-03:00,2026-09-22T19:36:37-03:00,Río Negro y Carlos P. Puig,Río Negro y José Pedro Varela,0.970,-33.523443,-58.219881,-33.523257,-58.219855,32,Río Negro y José Pedro Varela,Carlos María Solari y José Pedro Varela,0.404,0.259,yes
,ap-444a9d0e37d0,psk,,,-75,50,2026-09-22T19:24:16-03:00,27,,2026-09-22T19:24:01-03:00,2026-09-22T19:36:12-03:00,Río Negro y Carlos P. Puig,Río Negro y José Pedro Varela,0.970,-33.523443,-58.219881,-33.523295,-58.219830,24,Río Negro y José Pedro Varela,Río Negro y José Bonifacio Redruello,0.254,0.137,yes
,ap-aab6957bab8c,psk,,,-78,44,2026-09-22T19:24:16-03:00,22,,2026-09-22T19:24:07-03:00,2026-09-22T19:36:12-03:00,Río Negro y Carlos P. Puig,Río Negro y José Pedro Varela,0.970,-33.523443,-58.219881,-33.523300,-58.219814,24,Río Negro y José Pedro Varela,Río Negro y José Bonifacio Redruello,0.297,0.128,yes
,ap-6acde54dca42,psk,2427,4,-72,56,2026-09-22T19:24:16-03:00,29,,2026-09-22T19:24:16-03:00,2026-09-22T19:36:37-03:00,Río Negro y Carlos P. Puig,Río Negro y José Pedro Varela,0.970,-33.523443,-58.219881,-33.523126,-58.219882,40,Río Negro y José Pedro Varela,Carlos María Solari y José Pedro Varela,0.548,0.260,yes
,ap-5a170dbb57ea,psk,,,-89,22,2026-09-22T19:24:16-03:00,21,,2026-09-22T19:24:16-03:00,2026-09-22T19:36:37-03:00,Río Negro y Carlos P. Puig,Río Negro y José Pedro Varela,0.970,-33.523443,-58.219881,-33.523145,-58.219983,33,Río Negro y José Pedro Varela,Carlos María Solari y José Pedro Varela,0.474,0.254,yes
,ap-51bf5d9e4405,psk,,,-92,16,2026-09-22T19:24:23-03:00,6,,2026-09-22T19:24:23-03:00,2026-09-22T19:24:47-03:00,Río Negro y José Pedro Varela,Río Negro y José Bonifacio Redruello,0.076,-33.523395,-58.219784,-33.523332,-58.219654,8,Río Negro y José Pedro Varela,Río Negro y José Bonifacio Redruello,0.214,0.075,yes
,ap-12fd41140fff,psk,,,-93,14,2026-09-22T19:24:23-03:00,6,,2026-09-22T19:24:23-03:00,2026-09-22T19:24:47-03:00,Río Negro y José Pedro Varela,Río Negro y José Bonifacio Redruello,0.076,-33.523395,-58.219784,-33.523332,-58.219654,8,Río Negro y José Pedro Varela,Río Negro y José Bonifacio Redruello,0.214,0.075,yes
,ap-f01d4dc93c40,psk,2427,4,-50,100,2026-09-22T19:24:26-03:00,71,,2026-09-22T19:13:04-03:00,2026-09-22T19:39:01-03:00,Río Negro y José Pedro Varela,Río Negro y José Bonifacio Redruello,0.130,-33.523370,-58.219733,-33.522821,-58.220132,79,Río Negro y José Pedro Varela,Carlos María Solari y José Pedro Varela,0.388,0.201,yes
,ap-05adf88473a9,psk,,,-50,100,2026-09-22T19:24:26-03:00,36,,2026-09-22T19:13:10-03:00,2026-09-22T19:36:53-03:00,Río Negro y José Pedro Varela,Río Negro y José Bonifacio Redruello,0.130,-33.523370,-58.219733,-33.523059,-58.219991,47,Río Negro y José Pedro Varela,Carlos María Solari y José Pedro Varela,0.411,0.232,
,ap-6c542e1dd144,psk,,,-51,98,2026-09-22T19:24:36-03:00,41,,2026-09-22T19:23:46-03:00,2026-09-22T19:36:23-03:00,Río Negro y José Pedro Varela,Río Negro y José Bonifacio Redruello,0.226,-33.523327,-58.219643,-33.523275,-58.219676,28,Río Negro y José Pedro Varela,Río Negro y José Bonifacio Redruello,0.305,0.168,
,ap-cc279a13280d,psk,,,-51,98,2026-09-22T19:24:36-03:00,35,,2026-09-22T19:24:07-03:00,2026-09-22T19:36:12-03:00,Río Negro y José Pedro Varela,Río Negro y José Bonifacio Redruello,0.226,-33.523327,-58.219643,-33.523274,-58.219637,28,Río Negro y José Pedro Varela,Río Negro y José Bonifacio Redruello,0.294,0.167,
,ap-3f818a3b3362,psk,,,-74,52,2026-09-22T19:24:41-03:00,26,,2026-09-22T19:24:31-03:00,2026-09-22T19:35:58-03:00,Río Negro y José Pedro Varela,Río Negro y José Bonifacio Redruello,0.293,-33.523296,-58.219581,-33.523223,-58.219534,34,Río Negro y José Pedro Varela,Río Negro y José Bonifacio Redruello,0.400,0.203,yes
,ap-de30e4c7158d,psk,,,-74,52,2026-09-22T19:24:41-03:00,26,,2026-09-22T19:24:31-03:00,2026-09-22T19:36:08-03:00,Río Negro y José Pedro Varela,Río Negro y José Bonifacio Redruello,0.293,-33.523296,-58.219581,-33.523228,-58.219614,31,Río Negro y José Pedro Varela,Río Negro y José Bonifacio Redruello,0.400,0.203,yes
,ap-dbe14b658359,psk,,,-75,50,2026-09-22T19:24:41-03:00,14,,2026-09-22T19:24:31-03:00,2026-09-22T19:35:48-03:00,Río Negro y José Pedro Varela,Río Negro y José Bonifacio Redruello,0.293,-33.523296,-58.219581,-33.523294,-58.219656,19,Río Negro y José Pedro Varela,Río Negro y José Bonifacio Redruello,0.339,0.118,yes
,ap-3e00304fe1bd,psk,,,-75,50,2026-09-22T19:24:41-03:00,24,,2026-09-22T19:24:36-03:00,2026-09-22T19:36:12-03:00,Río Negro y José Pedro Varela,Río Negro y José Bonifacio Redruello,0.293,-33.523296,-58.219581,-33.523184,-58.219584,38,Río Negro y José Pedro Varela,Río Negro y José Bonifacio Redruello,0.405,0.138,
,ap-21047ea1b184,psk,,,-75,50,2026-09-22T19:24:41-03:00,6,,2026-09-22T19:24:41-03:00,2026-09-22T19:25:06-03:00,Río Negro y José Pedro Varela,Río Negro y José Bonifacio Redruello,0.293,-33.523296,-58.219581,-33.523219,-58.219423,11,Río Negro y José Pedro Varela,Río Negro y José Bonifacio Redruello,0.462,0.113,yes
,ap-f2d8582f0cfc,psk,2422,3,-65,70,2026-09-22T19:24:47-03:00,19,,2026-09-22T19:24:41-03:00,2026-09-22T19:35:38-03:00,Río Negro y José Pedro Varela,Río Negro y José Bonifacio Redruello,0.349,-33.523271,-58.219529,-33.523245,-58.219493,26,Río Negro y José Pedro Varela,Río Negro y José Bonifacio Redruello,0.445,0.212,yes
,ap-40386ce4ed7e,psk,,,-65,70,2026-09-22T19:24:47-03:00,15,,2026-09-22T19:24:47-03:00,2026-09-22T19:35:38-03:00,Río Negro y José Pedro Varela,Río Negro y José Bonifacio Redruello,0.349,-33.523271,-58.219529,-33.523244,-58.219494,30,Río Negro y José Pedro Varela,Río Negro y José Bonifacio Redruello,0.465,0.252,yes
,ap-09d8e48fc6ca,psk,2412,1,-63,74,2026-09-22T19:25:12-03:00,39,,2026-09-22T19:24:56-03:00,2026-09-22T19:35:48-03:00,Río Negro y José Pedro Varela,Río Negro y José Bonifacio Redruello,0.844,-33.523045,-58.219066,-33.523020,-58.219066,29,Río Negro y José Pedro Varela,Río Negro y José Bonifacio Redruello,0.740,0.175,
,ap-3bbfe938da98,psk,,,-74,52,2026-09-22T19:25:12-03:00,25,,2026-09-22T19:25:01-03:00,2026-09-22T19:35:44-03:00,Río Negro y José Pedro Varela,Río Negro y José Bonifacio Redruello,0.844,-33.523045,-58.219066,-33.523070,-58.219136,27,Río Negro y José Pedro Varela,Río Negro y José Bonifacio Redruello,0.733,0.178,yes
,ap-9f6e33827486,psk,,,-81,38,2026-09-22T19:25:12-03:00,13,,2026-09-22T19:25:06-03:00,2026-09-22T19:35:08-03:00,Río Negro y José Pedro Varela,Río Negro y José Bonifacio Redruello,0.844,-33.523045,-58.219066,-33.523031,-58.219035,20,Río Negro y José Pedro Varela,Río Negro y José Bonifacio Redruello,0.748,0.140,yes
,ap-616b0db5216f,psk,,,-63,74,2026-09-22T19:25:16-03:00,38,,2026-09-22T19:25:01-03:00,2026-09-22T19:35:38-03:00,Río Negro y José Pedro Varela,Río Negro y José Bonifacio Redruello,0.888,-33.523025,-58.219025,-33.522992,-58.218978,37,Río Negro y José Pedro Varela,Río Negro y José Bonifacio Redruello,0.725,0.179,
,ap-980eb0c18c0f,psk,,,-71,58,2026-09-22T19:25:41-03:00,18,,2026-09-22T19:25:37-03:00,2026-09-22T19:34:54-03:00,Río Negro y José Bonifacio Redruello,Río Negro y Santiago Gadea,0.328,-33.522833,-58.218618,-33.522797,-58.218549,30,Río Negro y José Bonifacio Redruello,Río Negro y Santiago Gadea,0.510,0.200,yes
,ap-da46223862d2,psk,2447,8,-62,76,2026-09-22T19:25:46-03:00,36,,2026-09-22T19:25:12-03:00,2026-09-22T19:35:38-03:00,Río Negro y José Bonifacio Redruello,Río Negro y Santiago Gadea,0.380,-33.522810,-58.218571,-33.522869,-58.218743,46,Río Negro y José Bonifacio Redruello,Río Negro y Santiago Gadea,0.481,0.210,yes
,ap-e56555fe57fa,psk,,,-86,28,2026-09-22T19:25:46-03:00,15,,2026-09-22T19:25:31-03:00,2026-09-22T19:35:08-03:00,Río Negro y José Bonifacio Redruello,Río Negro y Santiago Gadea,0.380,-33.522810,-58.218571,-33.522863,-58.218680,36,Río Negro y José Bonifacio Redruello,Río Negro y Santiago Gadea,0.507,0.185,yes
,ap-d42104e832ea,psk,2427,4,-62,76,2026-09-22T19:25:46-03:00,22,,2026-09-22T19:25:37-03:00,2026-09-22T19:34:58-03:00,Río Negro y José Bonifacio Redruello,Río Negro y Santiago Gadea,0.380,-33.522810,-58.218571,-33.522833,-58.218638,40,Río Negro y José Bonifacio Redruello,Río Negro y Santiago Gadea,0.595,0.184,yes
,ap-d369172c69db,psk,,,-55,90,2026-09-22T19:25:51-03:00,11,,2026-09-22T19:25:41-03:00,2026-09-22T19:26:31-03:00,Río Negro y José Bonifacio Redruello,Río Negro y Santiago Gadea,0.457,-33.522777,-58.218500,-33.522712,-58.218364,18,Río Negro y José Bonifacio Redruello,Río Negro y Santiago Gadea,0.591,0.172,yes
,ap-12eb638dae4f,psk,,,-55,90,2026-09-22T19:25:51-03:00,8,,2026-09-22T19:25:46-03:00,2026-09-22T19:26:21-03:00,Río Negro y José Bonifacio Redruello,Río Negro y Santiago Gadea,0.457,-33.522777,-58.218500,-33.522716,-58.218368,17,Río Negro y José Bonifacio Redruello,Río Negro y Santiago Gadea,0.600,0.170,yes
,ap-de61743ac6ef,psk,2432,5,-55,90,2026-09-22T19:25:51-03:00,27,,2026-09-22T19:25:46-03:00,2026-09-22T19:35:28-03:00,Río Negro y José Bonifacio Redruello,Río Negro y Santiago Gadea,0.457,-33.522777,-58.218500,-33.522778,-58.218571,38,Río Negro y José Bonifacio Redruello,Río Negro y Santiago Gadea,0.611,0.165,
,ap-9fe02ca0072c,psk,,,-88,24,2026-09-22T19:25:51-03:00,6,,2026-09-22T19:25:51-03:00,2026-09-22T19:26:16-03:00,Río Negro y José Bonifacio Redruello,Río Negro y Santiago Gadea,0.457,-33.522777,-58.218500,-33.522677,-58.218286,11,Río Negro y José Bonifacio Redruello,Río Negro y Santiago Gadea,0.689,0.111,yes
,ap-2ee729aaf1b0,psk,,,-72,56,2026-09-22T19:25:56-03:00,27,,2026-09-22T19:25:31-03:00,2026-09-22T19:35:19-03:00,Río Negro y José Bonifacio Redruello,Río Negro y Santiago Gadea,0.589,-33.522720,-58.218378,-33.522832,-58.218675,54,Río Negro y José Bonifacio Redruello,Río Negro y Santiago Gadea,0.600,0.186,yes
,ap-8fce57477df3,psk,,,-72,56,2026-09-22T19:25:56-03:00,11,,2026-09-22T19:25:51-03:00,2026-09-22T19:26:41-03:00,Río Negro y José Bonifacio Redruello,Río Negro y Santiago Gadea,0.589,-33.522720,-58.218378,-33.522617,-58.218215,15,Río Negro y José Bonifacio Redruello,Río Negro y Santiago Gadea,0.708,0.105,yes
,ap-f6f32dc0a988,psk,2422,3,-77,46,2026-09-22T19:26:02-03:00,20,,2026-09-22T19:25:31-03:00,2026-09-22T19:34:54-03:00,Río Negro y José Bonifacio Redruello,Río Negro y Santiago Gadea,0.708,-33.522669,-58.218269,-33.522760,-58.218484,37,Río Negro y José Bonifacio Redruello,Río Negro y Santiago Gadea,0.595,0.222,yes
,ap-9a64b23f4d2c,psk,2452,9,-55,90,2026-09-22T19:26:02-03:00,27,,2026-09-22T19:25:56-03:00,2026-09-22T19:35:38-03:00,Río Negro y José Bonifacio Redruello,Río Negro y Santiago Gadea,0.708,-33.522669,-58.218269,-33.522677,-58.218406,40,Río Negro y José Bonifacio Redruello,Río Negro y Santiago Gadea,0.745,0.076,
,ap-c04043ffbd9a,psk,,,-55,90,2026-09-22T19:26:02-03:00,11,,2026-09-22T19:25:56-03:00,2026-09-22T19:26:46-03:00,Río Negro y José Bonifacio Redruello,Río Negro y Santiago Gadea,0.708,-33.522669,-58.218269,-33.522600,-58.218193,13,Río Negro y José Bonifacio Redruello,Río Negro y Santiago Gadea,0.745,0.076,yes
,ap-d36ee34ce22d,psk,2442,7,-87,26,2026-09-22T19:26:02-03:00,7,,2026-09-22T19:26:02-03:00,2026-09-22T19:26:31-03:00,Río Negro y José Bonifacio Redruello,Río Negro y Santiago Gadea,0.708,-33.522669,-58.218269,-33.522595,-58.218137,10,Río Negro y José Bonifacio Redruello,Río Negro y Santiago Gadea,0.802,0.069,yes
,ap-02d9a4c2c91b,psk,2417,2,-85,30,2026-09-22T19:26:11-03:00,8,,2026-09-22T19:26:11-03:00,2026-09-22T19:26:46-03:00,Río Negro y José Bonifacio Redruello,Río Negro y Santiago Gadea,0.802,-33.522628,-58.218182,-33.522515,-58.218099,11,Río Negro y Santiago Gadea,Carlos María Solari y Santiago Gadea,0.111,0.061,yes
,ap-059848d21060,psk,2462,11,-77,46,2026-09-22T19:26:16-03:00,12,,2026-09-22T19:25:51-03:00,2026-09-22T19:26:46-03:00,Río Negro y José Bonifacio Redruello,Río Negro y Santiago Gadea,0.855,-33.522606,-58.218134,-33.522589,-58.218192,16,Río Negro y José Bonifacio Redruello,Río Negro y Santiago Gadea,0.728,0.112,yes
,ap-01fc89e4cd0d,psk,,,-76,48,2026-09-22T19:26:27-03:00,27,,2026-09-22T19:25:31-03:00,2026-09-22T19:35:38-03:00,Río Negro y Santiago Gadea,Carlos María Solari y Santiago Gadea,0.013,-33.522531,-58.218009,-33.522861,-58.218816,66,Río Negro y José Pedro Varela,Río Negro y José Bonifacio Redruello,0.574,0.233,yes
,ap-ed57845de608,psk,,,-52,96,2026-09-22T19:26:27-03:00,29,,2026-09-22T19:25:51-03:00,2026-09-22T19:35:02-03:00,Río Negro y Santiago Gadea,Carlos María Solari y Santiago Gadea,0.013,-33.522531,-58.218009,-33.522448,-58.218283,40,Río Negro y Santiago Gadea,Carlos María Solari y Santiago Gadea,0.260,0.234,
,ap-48e9820b065e,psk,,,-76,48,2026-09-22T19:26:27-03:00,28,,2026-09-22T19:25:56-03:00,2026-09-22T19:35:38-03:00,Río Negro y Santiago Gadea,Carlos María Solari y Santiago Gadea,0.013,-33.522531,-58.218009,-33.522836,-58.218740,70,Río Negro y José Pedro Varela,Río Negro y José Bonifacio Redruello,0.595,0.245,yes
,ap-ef81fe97e1e1,psk,,,-76,48,2026-09-22T19:26:27-03:00,28,,2026-09-22T19:25:56-03:00,2026-09-22T19:35:38-03:00,Río Negro y Santiago Gadea,Carlos María Solari y Santiago Gadea,0.013,-33.522531,-58.218009,-33.522839,-58.218753,70,Río Negro y José Pedro Varela,Río Negro y José Bonifacio Redruello,0.606,0.231,yes
,ap-20c938f97e31,psk,,,-75,50,2026-09-22T19:26:27-03:00,22,,2026-09-22T19:25:56-03:00,2026-09-22T19:35:08-03:00,Río Negro y Santiago Gadea,Carlos María Solari y Santiago Gadea,0.013,-33.522531,-58.218009,-33.522751,-58.218577,58,Río Negro y José Pedro Varela,Río Negro y José Bonifacio Redruello,0.705,0.144,yes
,ap-8f6403537bcb,psk,2432,5,-61,78,2026-09-22T19:26:27-03:00,24,,2026-09-22T19:26:21-03:00,2026-09-22T19:28:16-03:00,Río Negro y Santiago Gadea,Carlos María Solari y Santiago Gadea,0.013,-33.522531,-58.218009,-33.522163,-58.218269,41,Río Negro y Santiago Gadea,Carlos María Solari y Santiago Gadea,0.328,0.264,yes
,ap-32af7638843f,psk,2422,3,-79,42,2026-09-22T19:26:27-03:00,7,,2026-09-22T19:26:27-03:00,2026-09-22T19:26:56-03:00,Río Negro y Santiago Gadea,Carlos María Solari y Santiago Gadea,0.013,-33.522531,-58.218009,-33.522384,-58.218112,12,Río Negro y Santiago Gadea,Carlos María Solari y Santiago Gadea,0.178,0.102,yes
,ap-d6c2d1bd7a74,psk,,,-65,70,2026-09-22T19:26:31-03:00,29,,2026-09-22T19:26:02-03:00,2026-09-22T19:35:23-03:00,Río Negro y Santiago Gadea,Carlos María Solari y Santiago Gadea,0.059,-33.522491,-58.218037,-33.522406,-58.218379,52,Río Negro y Santiago Gadea,Carlos María Solari y Santiago Gadea,0.281,0.210,
,ap-1cb73977d169,psk,2447,8,-47,100,2026-09-22T19:26:31-03:00,39,,2026-09-22T19:26:06-03:00,2026-09-22T19:35:23-03:00,Río Negro y Santiago Gadea,Carlos María Solari y Santiago Gadea,0.059,-33.522491,-58.218037,-33.522453,-58.218370,53,Río Negro y Santiago Gadea,Carlos María Solari y Santiago Gadea,0.233,0.211,
,ap-326de66de88f,psk,,,-72,56,2026-09-22T19:26:31-03:00,16,,2026-09-22T19:26:21-03:00,2026-09-22T19:27:36-03:00,Río Negro y Santiago Gadea,Carlos María Solari y Santiago Gadea,0.059,-33.522491,-58.218037,-33.522275,-58.218193,26,Río Negro y Santiago Gadea,Carlos María Solari y Santiago Gadea,0.319,0.223,yes
,ap-113567951ce4,psk,,,-79,42,2026-09-22T19:26:31-03:00,9,,2026-09-22T19:26:27-03:00,2026-09-22T19:27:06-03:00,Río Negro y Santiago Gadea,Carlos María Solari y Santiago Gadea,0.059,-33.522491,-58.218037,-33.522333,-58.218147,18,Río Negro y Santiago Gadea,Carlos María Solari y Santiago Gadea,0.234,0.153,yes
,ap-215eba0038ff,psk,,,-71,58,2026-09-22T19:26:31-03:00,16,,2026-09-22T19:26:27-03:00,2026-09-22T19:27:42-03:00,Río Negro y Santiago Gadea,Carlos María Solari y Santiago Gadea,0.059,-33.522491,-58.218037,-33.522228,-58.218220,29,Río Negro y Santiago Gadea,Carlos María Solari y Santiago Gadea,0.352,0.253,yes
,ap-0db9be82dce4,psk,,,-79,42,2026-09-22T19:26:31-03:00,7,,2026-09-22T19:26:27-03:00,2026-09-22T19:26:56-03:00,Río Negro y Santiago Gadea,Carlos María Solari y Santiago Gadea,0.059,-33.522491,-58.218037,-33.522372,-58.218119,11,Río Negro y Santiago Gadea,Carlos María Solari y Santiago Gadea,0.191,0.098,yes
,ap-fe59746786b0,psk,,,-71,58,2026-09-22T19:26:31-03:00,8,,2026-09-22T19:26:31-03:00,2026-09-22T19:27:06-03:00,Río Negro y Santiago Gadea,Carlos María Solari y Santiago Gadea,0.059,-33.522491,-58.218037,-33.522356,-58.218131,14,Río Negro y Santiago Gadea,Carlos María Solari y Santiago Gadea,0.209,0.123,yes
,ap-5d6ff199960f,psk,,,-59,82,2026-09-22T19:26:36-03:00,24,,2026-09-22T19:26:11-03:00,2026-09-22T19:28:21-03:00,Río Negro y Santiago Gadea,Carlos María Solari y Santiago Gadea,0.117,-33.522438,-58.218073,-33.522187,-58.218260,35,Río Negro y Santiago Gadea,Carlos María Solari y Santiago Gadea,0.357,0.235,yes
,ap-e070bd86bf7c,psk,,,-59,82,2026-09-22T19:26:36-03:00,22,,2026-09-22T19:26:16-03:00,2026-09-22T19:28:01-03:00,Río Negro y Santiago Gadea,Carlos María Solari y Santiago Gadea,0.117,-33.522438,-58.218073,-33.522201,-58.218244,32,Río Negro y Santiago Gadea,Carlos María Solari y Santiago Gadea,0.352,0.230,yes
,ap-b8d53654a2f1,psk,2457,10,-61,78,2026-09-22T19:26:36-03:00,26,,2026-09-22T19:26:21-03:00,2026-09-22T19:35:23-03:00,Río Negro y Santiago Gadea,Carlos María Solari y Santiago Gadea,0.117,-33.522438,-58.218073,-33.522420,-58.218416,53,Río Negro y Santiago Gadea,Carlos María Solari y Santiago Gadea,0.334,0.217,
,ap-fd8a4601f58a,psk,,,-59,82,2026-09-22T19:26:36-03:00,18,,2026-09-22T19:26:27-03:00,2026-09-22T19:27:51-03:00,Río Negro y Santiago Gadea,Carlos María Solari y Santiago Gadea,0.117,-33.522438,-58.218073,-33.522195,-58.218243,30,Río Negro y Santiago Gadea,Carlos María Solari y Santiago Gadea,0.359,0.238,yes
,ap-faf67b8fd823,psk,,,-59,82,2026-09-22T19:26:36-03:00,16,,2026-09-22T19:26:31-03:00,2026-09-22T19:27:46-03:00,Río Negro y Santiago Gadea,Carlos María Solari y Santiago Gadea,0.117,-33.522438,-58.218073,-33.522195,-58.218243,27,Río Negro y Santiago Gadea,Carlos María Solari y Santiago Gadea,0.375,0.227,yes
,ap-9aa0ac51a7d5,open,2452,9,-71,58,2026-09-22T19:26:41-03:00,20,,2026-09-22T19:26:27-03:00,2026-09-22T19:28:11-03:00,Río Negro y Santiago Gadea,Carlos María Solari y Santiago Gadea,0.166,-33.522394,-58.218104,-33.522159,-58.218268,30,Río Negro y Santiago Gadea,Carlos María Solari y Santiago Gadea,0.358,0.201,
,ap-2c98eab91c3a,psk,2427,4,-91,18,2026-09-22T19:26:41-03:00,6,,2026-09-22T19:26:41-03:00,2026-09-22T19:27:06-03:00,Río Negro y Santiago Gadea,Carlos María Solari y Santiago Gadea,0.166,-33.522394,-58.218104,-33.522240,-58.218211,13,Río Negro y Santiago Gadea,Carlos María Solari y Santiago Gadea,0.339,0.109,yes
,ap-0a337e92b337,psk,2442,7,-83,34,2026-09-22T19:26:46-03:00,6,,2026-09-22T19:26:46-03:00,2026-09-22T19:27:11-03:00,Río Negro y Santiago Gadea,Carlos María Solari y Santiago Gadea,0.203,-33.522361,-58.218127,-33.522180,-58.218253,12,Río Negro y Santiago Gadea,Carlos María Solari y Santiago Gadea,0.406,0.109,yes
,ap-7c09dfda5487,psk,2447,8,-91,18,2026-09-22T19:26:52-03:00,7,,2026-09-22T19:26:52-03:00,2026-09-22T19:27:21-03:00,Río Negro y Santiago Gadea,Carlos María Solari y Santiago Gadea,0.320,-33.522257,-58.218200,-33.522091,-58.218315,12,Río Negro y Santiago Gadea,Carlos María Solari y Santiago Gadea,0.505,0.102,yes
,ap-0c79d62d72df,psk,,,-63,74,2026-09-22T19:26:56-03:00,37,,2026-09-22T19:26:11-03:00,2026-09-22T19:29:38-03:00,Río Negro y Santiago Gadea,Carlos María Solari y Santiago Gadea,0.370,-33.522212,-58.218231,-33.521854,-58.218485,46,Río Negro y Santiago Gadea,Carlos María Solari y Santiago Gadea,0.544,0.179,
,ap-818a0eec0033,psk,,,-55,90,2026-09-22T19:26:56-03:00,26,,2026-09-22T19:26:16-03:00,2026-09-22T19:28:36-03:00,Río Negro y Santiago Gadea,Carlos María Solari y Santiago Gadea,0.370,-33.522212,-58.218231,-33.522111,-58.218304,31,Río Negro y Santiago Gadea,Carlos María Solari y Santiago Gadea,0.394,0.187,
,ap-99cee826a1e2,psk,,,-55,90,2026-09-22T19:26:56-03:00,12,,2026-09-22T19:26:41-03:00,2026-09-22T19:27:36-03:00,Río Negro y Santiago Gadea,Carlos María Solari y Santiago Gadea,0.370,-33.522212,-58.218231,-33.522145,-58.218277,17,Río Negro y Santiago Gadea,Carlos María Solari y Santiago Gadea,0.445,0.143,yes
,ap-5c8a3670b690,psk,2447,8,-63,74,2026-09-22T19:26:56-03:00,14,,2026-09-22T19:26:52-03:00,2026-09-22T19:27:56-03:00,Río Negro y Santiago Gadea,Carlos María Solari y Santiago Gadea,0.370,-33.522212,-58.218231,-33.521979,-58.218393,21,Río Negro y Santiago Gadea,Carlos María Solari y Santiago Gadea,0.587,0.146,yes
,ap-8a4ecb1c7499,psk,,,-63,74,2026-09-22T19:26:56-03:00,10,,2026-09-22T19:26:52-03:00,2026-09-22T19:27:36-03:00,Río Negro y Santiago Gadea,Carlos María Solari y Santiago Gadea,0.370,-33.522212,-58.218231,-33.522040,-58.218351,14,Río Negro y Santiago Gadea,Carlos María Solari y Santiago Gadea,0.562,0.122,yes
,ap-5f741b1998f7,psk,2417,2,-84,32,2026-09-22T19:26:56-03:00,7,,2026-09-22T19:26:56-03:00,2026-09-22T19:27:26-03:00,Río Negro y Santiago Gadea,Carlos María Solari y Santiago Gadea,0.370,-33.522212,-58.218231,-33.522051,-58.218343,13,Río Negro y Santiago Gadea,Carlos María Solari y Santiago Gadea,0.549,0.112,yes
,ap-f037833774c0,psk,,,-88,24,2026-09-22T19:26:56-03:00,6,,2026-09-22T19:26:56-03:00,2026-09-22T19:27:21-03:00,Río Negro y Santiago Gadea,Carlos María Solari y Santiago Gadea,0.370,-33.522212,-58.218231,-33.522064,-58.218334,10,Río Negro y Santiago Gadea,Carlos María Solari y Santiago Gadea,0.536,0.088,yes
,ap-05d305e06bd8,psk,,,-65,70,2026-09-22T19:27:11-03:00,34,,2026-09-22T19:16:34-03:00,2026-09-22T19:28:51-03:00,Río Negro y Santiago Gadea,Carlos María Solari y Santiago Gadea,0.570,-33.522033,-58.218356,-33.521797,-58.218551,36,Río Negro y Santiago Gadea,Carlos María Solari y Santiago Gadea,0.620,0.130,yes
,ap-8d980a1b282c,open,2412,1,-68,64,2026-09-22T19:27:17-03:00,10,,2026-09-22T19:27:11-03:00,2026-09-22T19:27:56-03:00,Río Negro y Santiago Gadea,Carlos María Solari y Santiago Gadea,0.624,-33.521984,-58.218389,-33.521840,-58.218489,17,Río Negro y Santiago Gadea,Carlos María Solari y Santiago Gadea,0.715,0.094,yes
,ap-74425a985e3f,psk,,,-69,62,2026-09-22T19:27:26-03:00,19,,2026-09-22T19:16:34-03:00,2026-09-22T19:28:11-03:00,Río Negro y Santiago Gadea,Carlos María Solari y Santiago Gadea,0.759,-33.521863,-58.218473,-33.521723,-58.218630,21,Río Negro y Santiago Gadea,Carlos María Solari y Santiago Gadea,0.776,0.078,yes
,ap-be08cac2de24,psk,,,-62,76,2026-09-22T19:27:31-03:00,56,,2026-09-22T19:15:40-03:00,2026-09-22T19:30:22-03:00,Río Negro y Santiago Gadea,Carlos María Solari y Santiago Gadea,0.795,-33.521831,-58.218496,-33.521487,-58.218805,51,"Treinta y Tres Orientales, Santiago Gadea",Carlos María Solari y Santiago Gadea,0.576,0.246,yes
,ap-6d8d5c5a30cc,psk,,,-65,70,2026-09-22T19:27:31-03:00,27,,2026-09-22T19:16:34-03:00,2026-09-22T19:28:41-03:00,Río Negro y Santiago Gadea,Carlos María Solari y Santiago Gadea,0.795,-33.521831,-58.218496,-33.521684,-58.218764,27,Carlos María Solari y Santiago Gadea,Carlos María Solari y José Bonifacio Redruello,0.357,0.174,yes
,ap-c17d239509b9,psk,,,-65,70,2026-09-22T19:27:31-03:00,26,,2026-09-22T19:16:36-03:00,2026-09-22T19:28:26-03:00,Río Negro y Santiago Gadea,Carlos María Solari y Santiago Gadea,0.795,-33.521831,-58.218496,-33.521749,-58.218736,27,Río Negro y Santiago Gadea,Carlos María Solari y Santiago Gadea,0.786,0.073,yes
,ap-595c5d64be25,psk,,,-92,16,2026-09-22T19:27:42-03:00,12,,2026-09-22T19:26:11-03:00,2026-09-22T19:28:07-03:00,Río Negro y Santiago Gadea,Carlos María Solari y Santiago Gadea,0.987,-33.521660,-58.218615,-33.521979,-58.218429,60,"Treinta y Tres Orientales, Santiago Gadea",Carlos María Solari y Santiago Gadea,0.865,0.048,yes
,ap-0446c034d237,psk,,,-85,30,2026-09-22T19:27:46-03:00,18,,2026-09-22T19:16:34-03:00,2026-09-22T19:28:11-03:00,Carlos María Solari y Santiago Gadea,"Treinta y Tres Orientales, Santiago Gadea",0.043,-33.521615,-58.218646,-33.521712,-58.218875,25,Carlos María Solari y Santiago Gadea,Carlos María Solari y José Bonifacio Redruello,0.407,0.226,yes
,ap-4ea2ca00f41c,psk,2442,7,-62,76,2026-09-22T19:27:51-03:00,41,,2026-09-22T19:16:14-03:00,2026-09-22T19:28:41-03:00,Carlos María Solari y Santiago Gadea,"Treinta y Tres Orientales, Santiago Gadea",0.108,-33.521565,-58.218681,-33.521718,-58.218948,37,Carlos María Solari y Santiago Gadea,Carlos María Solari y José Bonifacio Redruello,0.394,0.212,
,ap-aabe26a592be,psk,,,-87,26,2026-09-22T19:27:51-03:00,13,,2026-09-22T19:16:34-03:00,2026-09-22T19:28:16-03:00,Carlos María Solari y Santiago Gadea,"Treinta y Tres Orientales, Santiago Gadea",0.108,-33.521565,-58.218681,-33.521623,-58.218782,16,Carlos María Solari y Santiago Gadea,Carlos María Solari y José Bonifacio Redruello,0.232,0.077,yes
,ap-4922bb93e21a,psk,2472,13,-88,24,2026-09-22T19:28:16-03:00,7,,2026-09-22T19:28:16-03:00,2026-09-22T19:28:46-03:00,Carlos María Solari y Santiago Gadea,"Treinta y Tres Orientales, Santiago Gadea",0.333,-33.521391,-58.218802,-33.521198,-58.218938,14,"Treinta y Tres Orientales, Santiago Gadea",Carlos María Solari y Santiago Gadea,0.416,0.142,yes
,ap-98f22d0f0814,psk,2457,10,-47,100,2026-09-22T19:28:21-03:00,53,,2026-09-22T19:15:19-03:00,2026-09-22T19:29:52-03:00,Carlos María Solari y Santiago Gadea,"Treinta y Tres Orientales, Santiago Gadea",0.434,-33.521314,-58.218857,-33.521272,-58.218916,25,"Treinta y Tres Orientales, Santiago Gadea",Carlos María Solari y Santiago Gadea,0.492,0.133,
,ap-b6dc2fefc454,psk,,,-52,96,2026-09-22T19:28:21-03:00,27,,2026-09-22T19:15:49-03:00,2026-09-22T19:29:01-03:00,Carlos María Solari y Santiago Gadea,"Treinta y Tres Orientales, Santiago Gadea",0.434,-33.521314,-58.218857,-33.521287,-58.218909,20,"Treinta y Tres Orientales, Santiago Gadea",Carlos María Solari y Santiago Gadea,0.496,0.127,
,ap-0c9acc079613,psk,2417,2,-71,58,2026-09-22T19:28:21-03:00,18,,2026-09-22T19:15:54-03:00,2026-09-22T19:28:51-03:00,Carlos María Solari y Santiago Gadea,"Treinta y Tres Orientales, Santiago Gadea",0.434,-33.521314,-58.218857,-33.521298,-58.218890,21,"Treinta y Tres Orientales, Santiago Gadea",Carlos María Solari y Santiago Gadea,0.466,0.157,yes
,ap-cdab6a601c39,psk,,,-80,40,2026-09-22T19:28:21-03:00,44,,2026-09-22T19:15:59-03:00,2026-09-22T19:29:52-03:00,Carlos María Solari y Santiago Gadea,"Treinta y Tres Orientales, Santiago Gadea",0.434,-33.521314,-58.218857,-33.521436,-58.219211,69,"Treinta y Tres Orientales, Santiago Gadea",Carlos María Solari y Santiago Gadea,0.480,0.158,yes
,ap-4ce4c3875c7c,psk,2457,10,-59,82,2026-09-22T19:28:51-03:00,34,,2026-09-22T19:15:10-03:00,2026-09-22T19:29:52-03:00,Carlos María Solari y Santiago Gadea,"Treinta y Tres Orientales, Santiago Gadea",0.971,-33.520899,-58.219146,-33.520968,-58.219107,26,"Treinta y Tres Orientales, Santiago Gadea",Carlos María Solari y Santiago Gadea,0.247,0.183,
,ap-4e9a889cbe54,psk,,,-59,82,2026-09-22T19:28:51-03:00,29,,2026-09-22T19:15:15-03:00,2026-09-22T19:29:52-03:00,Carlos María Solari y Santiago Gadea,"Treinta y Tres Orientales, Santiago Gadea",0.971,-33.520899,-58.219146,-33.520926,-58.219132,21,"Treinta y Tres Orientales, Santiago Gadea",Carlos María Solari y Santiago Gadea,0.202,0.140,
,ap-deab10e4d85e,psk,,,-83,34,2026-09-22T19:28:51-03:00,8,,2026-09-22T19:28:51-03:00,2026-09-22T19:29:27-03:00,Carlos María Solari y Santiago Gadea,"Treinta y Tres Orientales, Santiago Gadea",0.971,-33.520899,-58.219146,-33.520740,-58.219257,11,"Treinta y Tres Orientales, Santiago Gadea",Juan Zorrilla de San Martín y Santiago Gadea,0.214,0.107,yes
,ap-2af24e9eb12f,psk,,,-83,34,2026-09-22T19:28:51-03:00,9,,2026-09-22T19:28:51-03:00,2026-09-22T19:29:32-03:00,Carlos María Solari y Santiago Gadea,"Treinta y Tres Orientales, Santiago Gadea",0.971,-33.520899,-58.219146,-33.520714,-58.219275,14,"Treinta y Tres Orientales, Santiago Gadea",Juan Zorrilla de San Martín y Santiago Gadea,0.250,0.139,yes
,ap-38760b71a8fc,psk,2462,11,-64,72,2026-09-22T19:28:57-03:00,52,,2026-09-22T19:04:34-03:00,2026-09-22T19:30:57-03:00,"Treinta y Tres Orientales, Santiago Gadea",Juan Zorrilla de San Martín y Santiago Gadea,0.061,-33.520831,-58.219193,-33.520771,-58.219329,42,"Treinta y Tres Orientales, Santiago Gadea",Juan Zorrilla de San Martín y Santiago Gadea,0.288,0.218,yes
,ap-622860715858,psk,,,-64,72,2026-09-22T19:28:57-03:00,25,,2026-09-22T19:15:19-03:00,2026-09-22T19:29:52-03:00,"Treinta y Tres Orientales, Santiago Gadea",Juan Zorrilla de San Martín y Santiago Gadea,0.061,-33.520831,-58.219193,-33.520845,-58.219185,24,"Treinta y Tres Orientales, Santiago Gadea",Juan Zorrilla de San Martín y Santiago Gadea,0.275,0.203,
,ap-a8e56086ff57,psk,,,-64,72,2026-09-22T19:28:57-03:00,7,,2026-09-22T19:28:57-03:00,2026-09-22T19:29:27-03:00,"Treinta y Tres Orientales, Santiago Gadea",Juan Zorrilla de San Martín y Santiago Gadea,0.061,-33.520831,-58.219193,-33.520755,-58.219246,8,"Treinta y Tres Orientales, Santiago Gadea",Juan Zorrilla de San Martín y Santiago Gadea,0.161,0.082,yes
,ap-259a3f7e65af,psk,2427,4,-73,54,2026-09-22T19:29:01-03:00,14,,2026-09-22T19:15:44-03:00,2026-09-22T19:29:38-03:00,"Treinta y Tres Orientales, Santiago Gadea",Juan Zorrilla de San Martín y Santiago Gadea,0.111,-33.520793,-58.219220,-33.520852,-58.219178,30,"Treinta y Tres Orientales, Santiago Gadea",Juan Zorrilla de San Martín y Santiago Gadea,0.274,0.152,yes
,ap-ac821a851d7d,psk,5805,161,-75,50,2026-09-22T19:29:25-03:00,10,,2026-09-22T19:29:25-03:00,2026-09-22T19:30:07-03:00,"Treinta y Tres Orientales, Santiago Gadea",Juan Zorrilla de San Martín y Santiago Gadea,0.399,-33.520575,-58.219372,-33.520403,-58.219505,19,"Treinta y Tres Orientales, Santiago Gadea",Juan Zorrilla de San Martín y Santiago Gadea,0.570,0.150,yes
,ap-03e10342617e,psk,,,-77,46,2026-09-22T19:29:27-03:00,10,,2026-09-22T19:29:25-03:00,2026-09-22T19:30:07-03:00,"Treinta y Tres Orientales, Santiago Gadea",Juan Zorrilla de San Martín y Santiago Gadea,0.421,-33.520558,-58.219383,-33.520390,-58.219515,19,"Treinta y Tres Orientales, Santiago Gadea",Juan Zorrilla de San Martín y Santiago Gadea,0.585,0.150,yes
,ap-6360d17d4381,psk,2442,7,-62,76,2026-09-22T19:29:32-03:00,24,,2026-09-22T19:04:34-03:00,2026-09-22T19:30:32-03:00,"Treinta y Tres Orientales, Santiago Gadea",Juan Zorrilla de San Martín y Santiago Gadea,0.509,-33.520491,-58.219430,-33.520333,-58.219684,25,"Treinta y Tres Orientales, Santiago Gadea",Juan Zorrilla de San Martín y Santiago Gadea,0.632,0.123,yes
,ap-66db4c2bfad5,psk,,,-69,62,2026-09-22T19:29:38-03:00,27,,2026-09-22T19:04:34-03:00,2026-09-22T19:30:22-03:00,"Treinta y Tres Orientales, Santiago Gadea",Juan Zorrilla de San Martín y Santiago Gadea,0.582,-33.520436,-58.219468,-33.520483,-58.219520,38,"Treinta y Tres Orientales, Santiago Gadea",Juan Zorrilla de San Martín y Santiago Gadea,0.583,0.116,
,ap-54f063f02796,psk,,,-78,44,2026-09-22T19:29:38-03:00,22,,2026-09-22T19:04:34-03:00,2026-09-22T19:30:28-03:00,"Treinta y Tres Orientales, Santiago Gadea",Juan Zorrilla de San Martín y Santiago Gadea,0.582,-33.520436,-58.219468,-33.520281,-58.219784,23,Juan Zorrilla de San Martín y Santiago Gadea,Juan Zorrilla de San Martín y José Bonifacio Redruello,0.295,0.178,yes
,ap-cbc0b4a964d8,psk,,,-78,44,2026-09-22T19:29:38-03:00,7,,2026-09-22T19:29:38-03:00,2026-09-22T19:30:07-03:00,"Treinta y Tres Orientales, Santiago Gadea",Juan Zorrilla de San Martín y Santiago Gadea,0.582,-33.520436,-58.219468,-33.520283,-58.219599,14,"Treinta y Tres Orientales, Santiago Gadea",Juan Zorrilla de San Martín y Santiago Gadea,0.729,0.105,yes
,ap-5a75944bb2e0,psk,2452,9,-59,82,2026-09-22T19:29:42-03:00,32,,2026-09-22T19:04:34-03:00,2026-09-22T19:30:37-03:00,"Treinta y Tres Orientales, Santiago Gadea",Juan Zorrilla de San Martín y Santiago Gadea,0.658,-33.520379,-58.219508,-33.520454,-58.219551,38,"Treinta y Tres Orientales, Santiago Gadea",Juan Zorrilla de San Martín y Santiago Gadea,0.663,0.118,
,ap-dc90f0fe3d35,psk,,,-62,76,2026-09-22T19:29:42-03:00,23,,2026-09-22T19:04:34-03:00,2026-09-22T19:30:37-03:00,"Treinta y Tres Orientales, Santiago Gadea",Juan Zorrilla de San Martín y Santiago Gadea,0.658,-33.520379,-58.219508,-33.520324,-58.219680,25,"Treinta y Tres Orientales, Santiago Gadea",Juan Zorrilla de San Martín y Santiago Gadea,0.626,0.120,yes
,ap-0a0c02515566,psk,,,-77,46,2026-09-22T19:29:42-03:00,22,,2026-09-22T19:04:34-03:00,2026-09-22T19:30:17-03:00,"Treinta y Tres Orientales, Santiago Gadea",Juan Zorrilla de San Martín y Santiago Gadea,0.658,-33.520379,-58.219508,-33.520321,-58.219667,25,"Treinta y Tres Orientales, Santiago Gadea",Juan Zorrilla de San Martín y Santiago Gadea,0.597,0.173,yes
,ap-afe7496188a8,psk,2457,10,-78,44,2026-09-22T19:29:47-03:00,28,,2026-09-22T19:04:34-03:00,2026-09-22T19:30:47-03:00,"Treinta y Tres Orientales, Santiago Gadea",Juan Zorrilla de San Martín y Santiago Gadea,0.754,-33.520305,-58.219559,-33.520289,-58.219975,26,Juan Zorrilla de San Martín y Santiago Gadea,Juan Zorrilla de San Martín y José Bonifacio Redruello,0.352,0.214,yes
,ap-5650eff61ecb,psk,,,-78,44,2026-09-22T19:29:47-03:00,16,,2026-09-22T19:04:39-03:00,2026-09-22T19:30:32-03:00,"Treinta y Tres Orientales, Santiago Gadea",Juan Zorrilla de San Martín y Santiago Gadea,0.754,-33.520305,-58.219559,-33.520233,-58.219837,15,Juan Zorrilla de San Martín y Santiago Gadea,Juan Zorrilla de San Martín y José Bonifacio Redruello,0.244,0.113,yes
,ap-a449fa4c9064,psk,2457,10,-78,44,2026-09-22T19:29:47-03:00,8,,2026-09-22T19:29:47-03:00,2026-09-22T19:30:22-03:00,"Treinta y Tres Orientales, Santiago Gadea",Juan Zorrilla de San Martín y Santiago Gadea,0.754,-33.520305,-58.219559,-33.520227,-58.219758,15,Juan Zorrilla de San Martín y Santiago Gadea,Juan Zorrilla de San Martín y José Bonifacio Redruello,0.205,0.098,yes
,ap-4cc93cb99de9,psk,2417,2,-73,54,2026-09-22T19:30:03-03:00,17,,2026-09-22T19:04:34-03:00,2026-09-22T19:30:37-03:00,Juan Zorrilla de San Martín y Santiago Gadea,Juan Zorrilla de San Martín y José Bonifacio Redruello,0.060,-33.520146,-58.219741,-33.520230,-58.219894,14,Juan Zorrilla de San Martín y Santiago Gadea,Juan Zorrilla de San Martín y José Bonifacio Redruello,0.250,0.134,yes
,ap-ce99b11b4912,psk,2457,10,-72,56,2026-09-22T19:30:03-03:00,27,,2026-09-22T19:04:34-03:00,2026-09-22T19:30:47-03:00,Juan Zorrilla de San Martín y Santiago Gadea,Juan Zorrilla de San Martín y José Bonifacio Redruello,0.060,-33.520146,-58.219741,-33.520378,-58.219848,39,Juan Zorrilla de San Martín y Santiago Gadea,Juan Zorrilla de San Martín y José Bonifacio Redruello,0.323,0.193,
,ap-588d7da2b6f5,psk,,,-65,70,2026-09-22T19:30:12-03:00,20,,2026-09-22T19:04:34-03:00,2026-09-22T19:30:53-03:00,Juan Zorrilla de San Martín y Santiago Gadea,Juan Zorrilla de San Martín y José Bonifacio Redruello,0.259,-33.520234,-58.219921,-33.520290,-58.220035,15,Juan Zorrilla de San Martín y Santiago Gadea,Juan Zorrilla de San Martín y José Bonifacio Redruello,0.386,0.158,yes
,ap-b1f6433770aa,psk,2427,4,-65,70,2026-09-22T19:30:12-03:00,39,,2026-09-22T19:04:34-03:00,2026-09-22T19:31:22-03:00,Juan Zorrilla de San Martín y Santiago Gadea,Juan Zorrilla de San Martín y José Bonifacio Redruello,0.259,-33.520234,-58.219921,-33.520363,-58.220166,30,Juan Zorrilla de San Martín y Santiago Gadea,Juan Zorrilla de San Martín y José Bonifacio Redruello,0.428,0.208,yes
,ap-b8c63152ce0b,psk,,,-84,32,2026-09-22T19:30:12-03:00,36,,2026-09-22T19:04:34-03:00,2026-09-22T19:31:27-03:00,Juan Zorrilla de San Martín y Santiago Gadea,Juan Zorrilla de San Martín y José Bonifacio Redruello,0.259,-33.520234,-58.219921,-33.520357,-58.220106,31,Juan Zorrilla de San Martín y Santiago Gadea,Juan Zorrilla de San Martín y José Bonifacio Redruello,0.472,0.258,yes
,ap-252af1e4451d,psk,,,-54,92,2026-09-22T19:30:22-03:00,51,,2026-09-22T19:04:34-03:00,2026-09-22T19:31:32-03:00,Juan Zorrilla de San Martín y Santiago Gadea,Juan Zorrilla de San Martín y José Bonifacio Redruello,0.321,-33.520261,-58.219976,-33.520425,-58.220204,35,Juan Zorrilla de San Martín y Santiago Gadea,Juan Zorrilla de San Martín y José Bonifacio Redruello,0.449,0.198,
,ap-75b9c3cc3450,psk,,,-54,92,2026-09-22T19:30:22-03:00,30,,2026-09-22T19:04:39-03:00,2026-09-22T19:31:22-03:00,Juan Zorrilla de San Martín y Santiago Gadea,Juan Zorrilla de San Martín y José Bonifacio Redruello,0.321,-33.520261,-58.219976,-33.520361,-58.220159,24,Juan Zorrilla de San Martín y Santiago Gadea,Juan Zorrilla de San Martín y José Bonifacio Redruello,0.465,0.200,yes
,ap-141ccea0ee53,psk,2457,10,-68,64,2026-09-22T19:30:32-03:00,27,,2026-09-22T19:05:05-03:00,2026-09-22T19:31:32-03:00,Juan Zorrilla de San Martín y Santiago Gadea,Juan Zorrilla de San Martín y José Bonifacio Redruello,0.519,-33.520349,-58.220155,-33.520486,-58.220382,22,Juan Zorrilla de San Martín y Santiago Gadea,Juan Zorrilla de San Martín y José Bonifacio Redruello,0.667,0.128,yes
,ap-c1038f00f096,psk,,,-68,64,2026-09-22T19:30:37-03:00,26,,2026-09-22T19:04:59-03:00,2026-09-22T19:31:32-03:00,Juan Zorrilla de San Martín y Santiago Gadea,Juan Zorrilla de San Martín y José Bonifacio Redruello,0.611,-33.520390,-58.220238,-33.520460,-58.220322,20,Juan Zorrilla de San Martín y Santiago Gadea,Juan Zorrilla de San Martín y José Bonifacio Redruello,0.634,0.127,yes
,ap-4b3e2cbe9cbc,psk,,,-82,36,2026-09-22T19:30:57-03:00,25,,2026-09-22T19:05:11-03:00,2026-09-22T19:31:22-03:00,Juan Zorrilla de San Martín y Santiago Gadea,Juan Zorrilla de San Martín y José Bonifacio Redruello,0.858,-33.520499,-58.220460,-33.520560,-58.220521,18,Juan Zorrilla de San Martín y Santiago Gadea,Juan Zorrilla de San Martín y José Bonifacio Redruello,0.790,0.128,yes
,ap-435f67afa0e7,psk,2472,13,-71,58,2026-09-22T19:30:57-03:00,24,,2026-09-22T19:05:25-03:00,2026-09-22T19:31:47-03:00,Juan Zorrilla de San Martín y Santiago Gadea,Juan Zorrilla de San Martín y José Bonifacio Redruello,0.858,-33.520499,-58.220460,-33.520698,-58.220549,24,Juan Zorrilla de San Martín y José Bonifacio Redruello,"Treinta y Tres Orientales, José Bonifacio Redruello",0.358,0.149,yes
,ap-dfa852cc78a0,psk,,,-94,12,2026-09-22T19:31:18-03:00,6,,2026-09-22T19:31:18-03:00,2026-09-22T19:31:43-03:00,Juan Zorrilla de San Martín y José Bonifacio Redruello,"Treinta y Tres Orientales, José Bonifacio Redruello",0.137,-33.520667,-58.220516,-33.520818,-58.220412,12,Juan Zorrilla de San Martín y José Bonifacio Redruello,"Treinta y Tres Orientales, José Bonifacio Redruello",0.332,0.125,yes
,ap-456af8edb535,psk,,,-80,40,2026-09-22T19:31:22-03:00,21,,2026-09-22T19:05:36-03:00,2026-09-22T19:32:02-03:00,Juan Zorrilla de San Martín y José Bonifacio Redruello,"Treinta y Tres Orientales, José Bonifacio Redruello",0.192,-33.520710,-58.220486,-33.520738,-58.220513,25,Juan Zorrilla de San Martín y José Bonifacio Redruello,"Treinta y Tres Orientales, José Bonifacio Redruello",0.400,0.219,yes
,ap-997ec1c94530,psk,,,-90,20,2026-09-22T19:31:27-03:00,14,,2026-09-22T19:31:07-03:00,2026-09-22T19:32:12-03:00,Juan Zorrilla de San Martín y José Bonifacio Redruello,"Treinta y Tres Orientales, José Bonifacio Redruello",0.294,-33.520789,-58.220432,-33.520958,-58.220316,26,Juan Zorrilla de San Martín y José Bonifacio Redruello,"Treinta y Tres Orientales, José Bonifacio Redruello",0.476,0.242,yes
,ap-65c5152823fe,psk,2432,5,-73,54,2026-09-22T19:31:32-03:00,11,,2026-09-22T19:31:32-03:00,2026-09-22T19:32:22-03:00,Juan Zorrilla de San Martín y José Bonifacio Redruello,"Treinta y Tres Orientales, José Bonifacio Redruello",0.369,-33.520846,-58.220393,-33.521068,-58.220240,19,Juan Zorrilla de San Martín y José Bonifacio Redruello,"Treinta y Tres Orientales, José Bonifacio Redruello",0.586,0.128,yes
,ap-f35c1a4099ac,psk,,,-73,54,2026-09-22T19:31:32-03:00,7,,2026-09-22T19:31:32-03:00,2026-09-22T19:32:02-03:00,Juan Zorrilla de San Martín y José Bonifacio Redruello,"Treinta y Tres Orientales, José Bonifacio Redruello",0.369,-33.520846,-58.220393,-33.521000,-58.220287,11,Juan Zorrilla de San Martín y José Bonifacio Redruello,"Treinta y Tres Orientales, José Bonifacio Redruello",0.569,0.116,yes
,ap-0a401431f6f4,psk,,,-89,22,2026-09-22T19:31:32-03:00,6,,2026-09-22T19:31:32-03:00,2026-09-22T19:31:57-03:00,Juan Zorrilla de San Martín y José Bonifacio Redruello,"Treinta y Tres Orientales, José Bonifacio Redruello",0.369,-33.520846,-58.220393,-33.521004,-58.220284,12,Juan Zorrilla de San Martín y José Bonifacio Redruello,"Treinta y Tres Orientales, José Bonifacio Redruello",0.574,0.117,yes
,ap-2992a3bd896d,psk,2442,7,-91,18,2026-09-22T19:31:32-03:00,6,,2026-09-22T19:31:32-03:00,2026-09-22T19:31:57-03:00,Juan Zorrilla de San Martín y José Bonifacio Redruello,"Treinta y Tres Orientales, José Bonifacio Redruello",0.369,-33.520846,-58.220393,-33.521004,-58.220284,12,Juan Zorrilla de San Martín y José Bonifacio Redruello,"Treinta y Tres Orientales, José Bonifacio Redruello",0.574,0.117,yes
,ap-0a294b27fdd7,psk,2447,8,-83,34,2026-09-22T19:31:52-03:00,39,,2026-09-22T19:05:05-03:00,2026-09-22T19:33:02-03:00,Juan Zorrilla de San Martín y José Bonifacio Redruello,"Treinta y Tres Orientales, José Bonifacio Redruello",0.704,-33.521105,-58.220215,-33.520880,-58.220246,52,Juan Zorrilla de San Martín y Santiago Gadea,Juan Zorrilla de San Martín y José Bonifacio Redruello,0.730,0.142,yes
,ap-ee8b5d6f70f6,psk,,,-70,60,2026-09-22T19:31:52-03:00,29,,2026-09-22T19:15:19-03:00,2026-09-22T19:33:17-03:00,Juan Zorrilla de San Martín y José Bonifacio Redruello,"Treinta y Tres Orientales, José Bonifacio Redruello",0.704,-33.521105,-58.220215,-33.521283,-58.219963,44,Juan Zorrilla de San Martín y José Bonifacio Redruello,"Treinta y Tres Orientales, José Bonifacio Redruello",0.661,0.133,yes
,ap-73c1df00973d,psk,,,-70,60,2026-09-22T19:31:52-03:00,13,,2026-09-22T19:31:37-03:00,2026-09-22T19:32:37-03:00,Juan Zorrilla de San Martín y José Bonifacio Redruello,"Treinta y Tres Orientales, José Bonifacio Redruello",0.704,-33.521105,-58.220215,-33.521214,-58.220139,22,Juan Zorrilla de San Martín y José Bonifacio Redruello,"Treinta y Tres Orientales, José Bonifacio Redruello",0.690,0.110,yes
,ap-751ae06a20d0,psk,,,-83,34,2026-09-22T19:31:52-03:00,6,,2026-09-22T19:31:43-03:00,2026-09-22T19:32:08-03:00,Juan Zorrilla de San Martín y José Bonifacio Redruello,"Treinta y Tres Orientales, José Bonifacio Redruello",0.704,-33.521105,-58.220215,-33.521130,-58.220198,11,Juan Zorrilla de San Martín y José Bonifacio Redruello,"Treinta y Tres Orientales, José Bonifacio Redruello",0.737,0.112,yes
,ap-a8e35dddf45a,psk,,,-63,74,2026-09-22T19:31:57-03:00,47,,2026-09-22T19:14:09-03:00,2026-09-22T19:34:07-03:00,Juan Zorrilla de San Martín y José Bonifacio Redruello,"Treinta y Tres Orientales, José Bonifacio Redruello",0.778,-33.521161,-58.220176,-33.521476,-58.219880,56,Juan Zorrilla de San Martín y José Bonifacio Redruello,"Treinta y Tres Orientales, José Bonifacio Redruello",0.713,0.119,yes
,ap-b3f3a1d5217e,psk,,,-63,74,2026-09-22T19:31:57-03:00,47,,2026-09-22T19:14:09-03:00,2026-09-22T19:34:13-03:00,Juan Zorrilla de San Martín y José Bonifacio Redruello,"Treinta y Tres Orientales, José Bonifacio Redruello",0.778,-33.521161,-58.220176,-33.521491,-58.219901,54,Juan Zorrilla de San Martín y José Bonifacio Redruello,"Treinta y Tres Orientales, José Bonifacio Redruello",0.716,0.117,yes
,ap-d49c43c9102e,psk,2427,4,-52,96,2026-09-22T19:32:02-03:00,37,,2026-09-22T19:14:09-03:00,2026-09-22T19:33:37-03:00,Juan Zorrilla de San Martín y José Bonifacio Redruello,"Treinta y Tres Orientales, José Bonifacio Redruello",0.816,-33.521191,-58.220156,-33.521344,-58.219990,38,Juan Zorrilla de San Martín y José Bonifacio Redruello,"Treinta y Tres Orientales, José Bonifacio Redruello",0.716,0.129,yes
,ap-7b6b9c1d3f8b,psk,,,-57,86,2026-09-22T19:32:27-03:00,45,,2026-09-22T19:13:35-03:00,2026-09-22T19:38:45-03:00,"Treinta y Tres Orientales, José Bonifacio Redruello",Carlos María Solari y José Bonifacio Redruello,0.263,-33.521536,-58.219918,-33.521372,-58.220042,35,"Treinta y Tres Orientales, José Bonifacio Redruello","Treinta y Tres Orientales, Santiago Gadea",0.302,0.206,
,ap-6fbd7e9e2c99,psk,,,-57,86,2026-09-22T19:32:27-03:00,56,,2026-09-22T19:14:02-03:00,2026-09-22T19:38:18-03:00,"Treinta y Tres Orientales, José Bonifacio Redruello",Carlos María Solari y José Bonifacio Redruello,0.263,-33.521536,-58.219918,-33.521432,-58.219926,38,"Treinta y Tres Orientales, José Bonifacio Redruello",Carlos María Solari y José Bonifacio Redruello,0.357,0.174,
,ap-0540d9e12945,psk,2457,10,-48,100,2026-09-22T19:32:27-03:00,42,,2026-09-22T19:14:02-03:00,2026-09-22T19:33:32-03:00,"Treinta y Tres Orientales, José Bonifacio Redruello",Carlos María Solari y José Bonifacio Redruello,0.263,-33.521536,-58.219918,-33.521443,-58.219820,37,"Treinta y Tres Orientales, José Bonifacio Redruello",Carlos María Solari y José Bonifacio Redruello,0.378,0.189,
,ap-b1bdfe29789d,psk,,,-80,40,2026-09-22T19:32:37-03:00,9,,2026-09-22T19:32:37-03:00,2026-09-22T19:33:17-03:00,"Treinta y Tres Orientales, José Bonifacio Redruello",Carlos María Solari y José Bonifacio Redruello,0.356,-33.521609,-58.219868,-33.521838,-58.219710,21,"Treinta y Tres Orientales, José Bonifacio Redruello",Carlos María Solari y José Bonifacio Redruello,0.649,0.212,yes
,ap-e334b05c885f,psk,,,-50,100,2026-09-22T19:32:47-03:00,38,,2026-09-22T19:14:09-03:00,2026-09-22T19:33:52-03:00,"Treinta y Tres Orientales, José Bonifacio Redruello",Carlos María Solari y José Bonifacio Redruello,0.491,-33.521714,-58.219795,-33.521824,-58.219665,39,"Treinta y Tres Orientales, José Bonifacio Redruello",Carlos María Solari y José Bonifacio Redruello,0.625,0.175,
,ap-555ff0a18c65,psk,2422,3,-50,100,2026-09-22T19:32:47-03:00,53,,2026-09-22T19:14:20-03:00,2026-09-22T19:34:43-03:00,"Treinta y Tres Orientales, José Bonifacio Redruello",Carlos María Solari y José Bonifacio Redruello,0.491,-33.521714,-58.219795,-33.521946,-58.219603,48,"Treinta y Tres Orientales, José Bonifacio Redruello",Carlos María Solari y José Bonifacio Redruello,0.613,0.183,yes
,ap-d7efcf3722f0,psk,,,-75,50,2026-09-22T19:33:07-03:00,25,,2026-09-22T19:17:25-03:00,2026-09-22T19:34:02-03:00,"Treinta y Tres Orientales, José Bonifacio Redruello",Carlos María Solari y José Bonifacio Redruello,0.912,-33.522043,-58.219569,-33.522213,-58.219572,23,Carlos María Solari y José Bonifacio Redruello,Carlos María Solari y José Pedro Varela,0.236,0.124,yes
,ap-5e4a1e014bf3,psk,,,-75,50,2026-09-22T19:33:12-03:00,26,,2026-09-22T19:17:37-03:00,2026-09-22T19:34:07-03:00,"Treinta y Tres Orientales, José Bonifacio Redruello",Carlos María Solari y José Bonifacio Redruello,0.942,-33.522066,-58.219553,-33.522284,-58.219539,29,Carlos María Solari y José Bonifacio Redruello,Carlos María Solari y José Pedro Varela,0.269,0.189,yes
,ap-f7621c46eac1,psk,,,-87,26,2026-09-22T19:33:27-03:00,6,,2026-09-22T19:33:27-03:00,2026-09-22T19:33:52-03:00,Carlos María Solari y José Bonifacio Redruello,Río Negro y José Bonifacio Redruello,0.134,-33.522227,-58.219441,-33.522401,-58.219320,12,Carlos María Solari y José Bonifacio Redruello,Río Negro y José Bonifacio Redruello,0.336,0.111,yes
,ap-66bc3048d558,psk,,,-66,68,2026-09-22T19:33:32-03:00,57,,2026-09-22T19:14:15-03:00,2026-09-22T19:37:08-03:00,Carlos María Solari y José Bonifacio Redruello,Río Negro y José Bonifacio Redruello,0.241,-33.522318,-58.219377,-33.522193,-58.219626,48,Carlos María Solari y José Bonifacio Redruello,Río Negro y José Bonifacio Redruello,0.380,0.190,yes
,ap-eb508a822f34,psk,2442,7,-50,100,2026-09-22T19:33:32-03:00,44,,2026-09-22T19:17:20-03:00,2026-09-22T19:34:58-03:00,Carlos María Solari y José Bonifacio Redruello,Río Negro y José Bonifacio Redruello,0.241,-33.522318,-58.219377,-33.522414,-58.219428,38,Carlos María Solari y José Bonifacio Redruello,Río Negro y José Bonifacio Redruello,0.444,0.237,
,ap-d552be7f975f,psk,2417,2,-54,92,2026-09-22T19:33:37-03:00,22,,2026-09-22T19:17:37-03:00,2026-09-22T19:34:43-03:00,Carlos María Solari y José Bonifacio Redruello,Río Negro y José Bonifacio Redruello,0.298,-33.522368,-58.219342,-33.522490,-58.219308,27,Carlos María Solari y José Bonifacio Redruello,Río Negro y José Bonifacio Redruello,0.458,0.147,
,ap-25c36a223ea3,psk,,,-57,86,2026-09-22T19:33:37-03:00,18,,2026-09-22T19:17:46-03:00,2026-09-22T19:34:22-03:00,Carlos María Solari y José Bonifacio Redruello,Río Negro y José Bonifacio Redruello,0.298,-33.522368,-58.219342,-33.522454,-58.219339,24,Carlos María Solari y José Bonifacio Redruello,Río Negro y José Bonifacio Redruello,0.466,0.158,
,ap-7b513f8ef944,psk,,,-55,90,2026-09-22T19:33:48-03:00,25,,2026-09-22T19:17:37-03:00,2026-09-22T19:34:58-03:00,Carlos María Solari y José Bonifacio Redruello,Río Negro y José Bonifacio Redruello,0.453,-33.522501,-58.219249,-33.522589,-58.219261,32,Carlos María Solari y José Bonifacio Redruello,Río Negro y José Bonifacio Redruello,0.564,0.161,
,ap-de403120e72a,psk,,,-55,90,2026-09-22T19:33:48-03:00,23,,2026-09-22T19:17:37-03:00,2026-09-22T19:34:54-03:00,Carlos María Solari y José Bonifacio Redruello,Río Negro y José Bonifacio Redruello,0.453,-33.522501,-58.219249,-33.522583,-58.219259,31,Carlos María Solari y José Bonifacio Redruello,Río Negro y José Bonifacio Redruello,0.573,0.157,
,ap-696d9d2bf9c7,psk,,,-76,48,2026-09-22T19:33:48-03:00,12,,2026-09-22T19:33:48-03:00,2026-09-22T19:34:43-03:00,Carlos María Solari y José Bonifacio Redruello,Río Negro y José Bonifacio Redruello,0.453,-33.522501,-58.219249,-33.522787,-58.219099,21,Carlos María Solari y José Bonifacio Redruello,Río Negro y José Bonifacio Redruello,0.663,0.132,yes
,ap-7a3681ddeed0,psk,2427,4,-63,74,2026-09-22T19:33:57-03:00,16,,2026-09-22T19:33:27-03:00,2026-09-22T19:34:43-03:00,Carlos María Solari y José Bonifacio Redruello,Río Negro y José Bonifacio Redruello,0.624,-33.522649,-58.219146,-33.522722,-58.219129,21,Carlos María Solari y José Bonifacio Redruello,Río Negro y José Bonifacio Redruello,0.614,0.141,
,ap-d814d6a227a5,psk,,,-68,64,2026-09-22T19:33:57-03:00,16,,2026-09-22T19:33:42-03:00,2026-09-22T19:34:58-03:00,Carlos María Solari y José Bonifacio Redruello,Río Negro y José Bonifacio Redruello,0.624,-33.522649,-58.219146,-33.522777,-58.219118,22,Carlos María Solari y José Bonifacio Redruello,Río Negro y José Bonifacio Redruello,0.645,0.134,yes
,ap-215e3c42c403,psk,2457,10,-54,92,2026-09-22T19:34:02-03:00,15,,2026-09-22T19:33:48-03:00,2026-09-22T19:34:58-03:00,Carlos María Solari y José Bonifacio Redruello,Río Negro y José Bonifacio Redruello,0.687,-33.522704,-58.219108,-33.522865,-58.219100,20,Carlos María Solari y José Bonifacio Redruello,Río Negro y José Bonifacio Redruello,0.717,0.067,yes
,ap-c9287aae54d4,psk,,,-58,84,2026-09-22T19:34:07-03:00,21,,2026-09-22T19:25:26-03:00,2026-09-22T19:34:58-03:00,Carlos María Solari y José Bonifacio Redruello,Río Negro y José Bonifacio Redruello,0.719,-33.522731,-58.219089,-33.522893,-58.219049,22,Carlos María Solari y José Bonifacio Redruello,Río Negro y José Bonifacio Redruello,0.733,0.071,yes
,ap-eeba74e9fb20,psk,,,-66,68,2026-09-22T19:34:07-03:00,13,,2026-09-22T19:33:57-03:00,2026-09-22T19:34:58-03:00,Carlos María Solari y José Bonifacio Redruello,Río Negro y José Bonifacio Redruello,0.719,-33.522731,-58.219089,-33.522810,-58.219083,14,Carlos María Solari y José Bonifacio Redruello,Río Negro y José Bonifacio Redruello,0.735,0.062,yes
,ap-8b7a893db9cd,psk,,,-72,56,2026-09-22T19:34:13-03:00,18,,2026-09-22T19:25:26-03:00,2026-09-22T19:34:58-03:00,Carlos María Solari y José Bonifacio Redruello,Río Negro y José Bonifacio Redruello,0.795,-33.522797,-58.219043,-33.522900,-58.218982,22,Carlos María Solari y José Bonifacio Redruello,Río Negro y José Bonifacio Redruello,0.777,0.053,yes
,ap-d0a7ea69808a,psk,,,-63,74,2026-09-22T19:34:13-03:00,17,,2026-09-22T19:25:31-03:00,2026-09-22T19:34:58-03:00,Carlos María Solari y José Bonifacio Redruello,Río Negro y José Bonifacio Redruello,0.795,-33.522797,-58.219043,-33.522909,-58.218978,21,Carlos María Solari y José Bonifacio Redruello,Río Negro y José Bonifacio Redruello,0.809,0.042,yes
,ap-447f4d7df485,psk,,,-72,56,2026-09-22T19:34:13-03:00,12,,2026-09-22T19:34:02-03:00,2026-09-22T19:34:58-03:00,Carlos María Solari y José Bonifacio Redruello,Río Negro y José Bonifacio Redruello,0.795,-33.522797,-58.219043,-33.522909,-58.219081,17,Carlos María Solari y José Bonifacio Redruello,Río Negro y José Bonifacio Redruello,0.779,0.053,yes
,ap-46c3ee359cab,psk,,,-91,18,2026-09-22T19:34:13-03:00,7,,2026-09-22T19:34:13-03:00,2026-09-22T19:34:43-03:00,Carlos María Solari y José Bonifacio Redruello,Río Negro y José Bonifacio Redruello,0.795,-33.522797,-58.219043,-33.522951,-58.219030,12,Río Negro y José Pedro Varela,Río Negro y José Bonifacio Redruello,0.869,0.050,yes
,ap-ef2df8c7c624,psk,,,-77,46,2026-09-22T19:34:17-03:00,16,,2026-09-22T19:25:31-03:00,2026-09-22T19:34:58-03:00,Carlos María Solari y José Bonifacio Redruello,Río Negro y José Bonifacio Redruello,0.843,-33.522838,-58.219014,-33.522911,-58.218870,26,Río Negro y José Bonifacio Redruello,Río Negro y Santiago Gadea,0.371,0.104,yes
,ap-59dc04ea5767,psk,2442,7,-69,62,2026-09-22T19:34:22-03:00,24,,2026-09-22T19:25:16-03:00,2026-09-22T19:34:58-03:00,Carlos María Solari y José Bonifacio Redruello,Río Negro y José Bonifacio Redruello,0.900,-33.522888,-58.218980,-33.522952,-58.218944,25,Río Negro y José Pedro Varela,Río Negro y José Bonifacio Redruello,0.802,0.089,yes
,ap-dc49df143d12,psk,,,-71,58,2026-09-22T19:34:22-03:00,9,,2026-09-22T19:34:17-03:00,2026-09-22T19:34:58-03:00,Carlos María Solari y José Bonifacio Redruello,Río Negro y José Bonifacio Redruello,0.900,-33.522888,-58.218980,-33.523023,-58.219086,12,Río Negro y José Pedro Varela,Río Negro y José Bonifacio Redruello,0.791,0.088,yes
,ap-f22bb8753d3f,psk,,,-80,40,2026-09-22T19:34:31-03:00,13,,2026-09-22T19:33:57-03:00,2026-09-22T19:34:58-03:00,Río Negro y José Bonifacio Redruello,Río Negro y José Pedro Varela,0.034,-33.522989,-58.218952,-33.522978,-58.219103,17,Río Negro y José Pedro Varela,Río Negro y José Bonifacio Redruello,0.791,0.088,yes
,ap-ca1e591c2558,psk,2452,9,-72,56,2026-09-22T19:34:33-03:00,39,,2026-09-22T19:24:31-03:00,2026-09-22T19:44:57-03:00,Río Negro y José Bonifacio Redruello,Río Negro y José Pedro Varela,0.129,-33.523033,-58.219041,-33.523233,-58.219645,97,Río Negro y José Pedro Varela,Río Negro y José Bonifacio Redruello,0.675,0.178,yes
,ap-de3f47c8ecb0,psk,2452,9,-71,58,2026-09-22T19:34:33-03:00,34,,2026-09-22T19:26:02-03:00,2026-09-22T19:44:57-03:00,Río Negro y José Bonifacio Redruello,Río Negro y José Pedro Varela,0.129,-33.523033,-58.219041,-33.522995,-58.219087,81,Río Negro y José Pedro Varela,Río Negro y José Bonifacio Redruello,0.650,0.172,
,ap-85a0052fdb7c,psk,,,-69,62,2026-09-22T19:34:38-03:00,32,,2026-09-22T19:25:01-03:00,2026-09-22T19:35:28-03:00,Río Negro y José Bonifacio Redruello,Río Negro y José Pedro Varela,0.164,-33.523049,-58.219073,-33.522999,-58.218972,34,Río Negro y José Pedro Varela,Río Negro y José Bonifacio Redruello,0.699,0.173,yes
,ap-e54c3593c03b,psk,,,-69,62,2026-09-22T19:34:38-03:00,20,,2026-09-22T19:25:06-03:00,2026-09-22T19:35:23-03:00,Río Negro y José Bonifacio Redruello,Río Negro y José Pedro Varela,0.164,-33.523049,-58.219073,-33.523041,-58.219054,25,Río Negro y José Pedro Varela,Río Negro y José Bonifacio Redruello,0.682,0.178,yes
,ap-c0127dba60bb,psk,,,-84,32,2026-09-22T19:34:38-03:00,20,,2026-09-22T19:25:16-03:00,2026-09-22T19:35:02-03:00,Río Negro y José Bonifacio Redruello,Río Negro y José Pedro Varela,0.164,-33.523049,-58.219073,-33.522928,-58.218818,37,Río Negro y José Pedro Varela,Río Negro y José Bonifacio Redruello,0.751,0.115,yes
,ap-174bb9df9e25,psk,,,-68,64,2026-09-22T19:34:43-03:00,21,,2026-09-22T19:25:12-03:00,2026-09-22T19:35:23-03:00,Río Negro y José Bonifacio Redruello,Río Negro y José Pedro Varela,0.198,-33.523064,-58.219105,-33.523036,-58.219045,22,Río Negro y José Pedro Varela,Río Negro y José Bonifacio Redruello,0.733,0.176,
,ap-b16b98c7e1ba,psk,2452,9,-74,52,2026-09-22T19:34:43-03:00,23,,2026-09-22T19:26:31-03:00,2026-09-22T19:35:48-03:00,Río Negro y José Bonifacio Redruello,Río Negro y José Pedro Varela,0.198,-33.523064,-58.219105,-33.522968,-58.219066,60,Río Negro y José Pedro Varela,Río Negro y José Bonifacio Redruello,0.588,0.194,yes
,ap-75caad3be232,psk,2452,9,-76,48,2026-09-22T19:34:48-03:00,20,,2026-09-22T19:26:02-03:00,2026-09-22T19:44:03-03:00,Río Negro y José Bonifacio Redruello,Río Negro y José Pedro Varela,0.274,-33.523099,-58.219176,-33.523124,-58.219224,97,Río Negro y José Pedro Varela,Río Negro y José Bonifacio Redruello,0.522,0.166,yes
,ap-424e0eebf531,psk,,,-90,20,2026-09-22T19:35:08-03:00,7,,2026-09-22T19:35:08-03:00,2026-09-22T19:35:38-03:00,Río Negro y José Bonifacio Redruello,Río Negro y José Pedro Varela,0.628,-33.523260,-58.219506,-33.523363,-58.219756,11,Río Negro y José Pedro Varela,Río Negro y José Bonifacio Redruello,0.202,0.097,yes
,ap-6ce028855198,psk,2432,5,-92,16,2026-09-22T19:35:19-03:00,7,,2026-09-22T19:35:19-03:00,2026-09-22T19:35:48-03:00,Río Negro y José Bonifacio Redruello,Río Negro y José Pedro Varela,0.874,-33.523372,-58.219736,-33.523344,-58.219876,11,Río Negro y José Pedro Varela,Carlos María Solari y José Pedro Varela,0.120,0.096,yes
,ap-7107a682031a,psk,,,-63,74,2026-09-22T19:35:23-03:00,32,,2026-09-22T19:23:56-03:00,2026-09-22T19:36:12-03:00,Río Negro y José Bonifacio Redruello,Río Negro y José Pedro Varela,0.915,-33.523391,-58.219775,-33.523309,-58.219752,23,Río Negro y José Pedro Varela,Río Negro y José Bonifacio Redruello,0.274,0.175,
,ap-7fc49e2cac29,psk,,,-63,74,2026-09-22T19:35:23-03:00,24,,2026-09-22T19:24:07-03:00,2026-09-22T19:36:12-03:00,Río Negro y José Bonifacio Redruello,Río Negro y José Pedro Varela,0.915,-33.523391,-58.219775,-33.523320,-58.219798,20,Río Negro y José Pedro Varela,Río Negro y José Bonifacio Redruello,0.226,0.120,
,ap-72d257132065,psk,2442,7,-68,64,2026-09-22T19:35:28-03:00,48,,2026-09-22T19:24:23-03:00,2026-09-22T19:43:52-03:00,Río Negro y José Pedro Varela,Carlos María Solari y José Pedro Varela,0.000,-33.523430,-58.219854,-33.523211,-58.219527,49,Río Negro y José Pedro Varela,Río Negro y José Bonifacio Redruello,0.427,0.230,yes
,ap-a146604020c2,psk,2447,8,-82,36,2026-09-22T19:35:28-03:00,15,,2026-09-22T19:35:28-03:00,2026-09-22T19:36:37-03:00,Río Negro y José Pedro Varela,Carlos María Solari y José Pedro Varela,0.000,-33.523430,-58.219854,-33.523083,-58.220091,27,Río Negro y José Pedro Varela,Carlos María Solari y José Pedro Varela,0.411,0.252,yes
,ap-a05b952ecd28,psk,,,-68,64,2026-09-22T19:35:33-03:00,40,,2026-09-22T19:23:51-03:00,2026-09-22T19:36:17-03:00,Río Negro y José Pedro Varela,Carlos María Solari y José Pedro Varela,0.054,-33.523385,-58.219885,-33.523221,-58.219554,37,Río Negro y José Pedro Varela,Río Negro y José Bonifacio Redruello,0.425,0.235,yes
,ap-6aedbce62d6b,psk,,,-87,26,2026-09-22T19:35:33-03:00,12,,2026-09-22T19:35:33-03:00,2026-09-22T19:36:28-03:00,Río Negro y José Pedro Varela,Carlos María Solari y José Pedro Varela,0.054,-33.523385,-58.219885,-33.523071,-58.220100,23,Río Negro y José Pedro Varela,Carlos María Solari y José Pedro Varela,0.426,0.216,yes
,ap-afa9f7de4df2,psk,,,-67,66,2026-09-22T19:35:58-03:00,20,,2026-09-22T19:24:23-03:00,2026-09-22T19:36:48-03:00,Río Negro y José Pedro Varela,Carlos María Solari y José Pedro Varela,0.385,-33.523105,-58.220076,-33.522994,-58.220089,34,Río Negro y José Pedro Varela,Carlos María Solari y José Pedro Varela,0.569,0.201,yes
,ap-d424e3e7efb5,psk,2452,9,-67,66,2026-09-22T19:35:58-03:00,25,,2026-09-22T19:24:23-03:00,2026-09-22T19:36:53-03:00,Río Negro y José Pedro Varela,Carlos María Solari y José Pedro Varela,0.385,-33.523105,-58.220076,-33.523011,-58.220063,38,Río Negro y José Pedro Varela,Carlos María Solari y José Pedro Varela,0.505,0.230,yes
,ap-2980b2896c8d,psk,,,-84,32,2026-09-22T19:36:03-03:00,11,,2026-09-22T19:36:03-03:00,2026-09-22T19:36:53-03:00,Río Negro y José Pedro Varela,Carlos María Solari y José Pedro Varela,0.439,-33.523060,-58.220107,-33.522753,-58.220317,22,Río Negro y José Pedro Varela,Carlos María Solari y José Pedro Varela,0.703,0.156,yes
,ap-1c2f267d316a,psk,2412,1,-68,64,2026-09-22T19:36:08-03:00,33,,2026-09-22T19:24:23-03:00,2026-09-22T19:37:48-03:00,Río Negro y José Pedro Varela,Carlos María Solari y José Pedro Varela,0.531,-33.522982,-58.220160,-33.522655,-58.220348,53,Río Negro y José Pedro Varela,Carlos María Solari y José Pedro Varela,0.648,0.187,yes
,ap-2c6ddea374f2,psk,,,-76,48,2026-09-22T19:36:08-03:00,13,,2026-09-22T19:35:53-03:00,2026-09-22T19:36:53-03:00,Río Negro y José Pedro Varela,Carlos María Solari y José Pedro Varela,0.531,-33.522982,-58.220160,-33.522800,-58.220285,23,Río Negro y José Pedro Varela,Carlos María Solari y José Pedro Varela,0.659,0.164,yes
,ap-d336dba52648,psk,,,-69,62,2026-09-22T19:36:08-03:00,10,,2026-09-22T19:36:08-03:00,2026-09-22T19:36:53-03:00,Río Negro y José Pedro Varela,Carlos María Solari y José Pedro Varela,0.531,-33.522982,-58.220160,-33.522752,-58.220318,19,Río Negro y José Pedro Varela,Carlos María Solari y José Pedro Varela,0.730,0.139,yes
,ap-a52625794c2f,psk,,,-69,62,2026-09-22T19:36:08-03:00,9,,2026-09-22T19:36:08-03:00,2026-09-22T19:36:48-03:00,Río Negro y José Pedro Varela,Carlos María Solari y José Pedro Varela,0.531,-33.522982,-58.220160,-33.522772,-58.220303,18,Río Negro y José Pedro Varela,Carlos María Solari y José Pedro Varela,0.730,0.139,yes
,ap-6f04c639746b,psk,2422,3,-84,32,2026-09-22T19:36:12-03:00,6,,2026-09-22T19:36:12-03:00,2026-09-22T19:36:37-03:00,Río Negro y José Pedro Varela,Carlos María Solari y José Pedro Varela,0.589,-33.522933,-58.220194,-33.522746,-58.220321,11,Río Negro y José Pedro Varela,Carlos María Solari y José Pedro Varela,0.809,0.103,yes
,ap-c7a21dc0f700,psk,2427,4,-96,8,2026-09-22T19:36:12-03:00,6,,2026-09-22T19:36:12-03:00,2026-09-22T19:36:37-03:00,Río Negro y José Pedro Varela,Carlos María Solari y José Pedro Varela,0.589,-33.522933,-58.220194,-33.522746,-58.220321,11,Río Negro y José Pedro Varela,Carlos María Solari y José Pedro Varela,0.809,0.103,yes
,ap-7ada55503c4c,psk,,,-61,78,2026-09-22T19:36:17-03:00,37,,2026-09-22T19:13:04-03:00,2026-09-22T19:37:52-03:00,Río Negro y José Pedro Varela,Carlos María Solari y José Pedro Varela,0.740,-33.522805,-58.220281,-33.522432,-58.220579,42,Carlos María Solari y José Pedro Varela,"Treinta y Tres Orientales, José Pedro Varela",0.457,0.222,yes
,ap-d0afe93fb065,psk,2462,11,-61,78,2026-09-22T19:36:17-03:00,42,,2026-09-22T19:18:41-03:00,2026-09-22T19:38:38-03:00,Río Negro y José Pedro Varela,Carlos María Solari y José Pedro Varela,0.740,-33.522805,-58.220281,-33.522482,-58.220584,43,Río Negro y José Pedro Varela,Carlos María Solari y José Pedro Varela,0.748,0.117,
,ap-b5e23c758440,psk,2442,7,-64,72,2026-09-22T19:36:17-03:00,17,,2026-09-22T19:18:56-03:00,2026-09-22T19:37:03-03:00,Río Negro y José Pedro Varela,Carlos María Solari y José Pedro Varela,0.740,-33.522805,-58.220281,-33.522642,-58.220493,24,Río Negro y José Pedro Varela,Carlos María Solari y José Pedro Varela,0.809,0.073,yes
,ap-61714936ef8e,psk,2422,3,-53,94,2026-09-22T19:36:23-03:00,34,,2026-09-22T19:19:00-03:00,2026-09-22T19:39:06-03:00,Río Negro y José Pedro Varela,Carlos María Solari y José Pedro Varela,0.789,-33.522764,-58.220309,-33.522453,-58.220608,48,Río Negro y José Pedro Varela,Carlos María Solari y José Pedro Varela,0.801,0.076,
,ap-7f4b8a2a5e13,psk,,,-78,44,2026-09-22T19:36:23-03:00,10,,2026-09-22T19:36:03-03:00,2026-09-22T19:36:48-03:00,Río Negro y José Pedro Varela,Carlos María Solari y José Pedro Varela,0.789,-33.522764,-58.220309,-33.522717,-58.220341,18,Río Negro y José Pedro Varela,Carlos María Solari y José Pedro Varela,0.767,0.138,yes
,ap-e031b103b546,psk,,,-58,84,2026-09-22T19:36:23-03:00,11,,2026-09-22T19:36:08-03:00,2026-09-22T19:36:59-03:00,Río Negro y José Pedro Varela,Carlos María Solari y José Pedro Varela,0.789,-33.522764,-58.220309,-33.522656,-58.220384,18,Río Negro y José Pedro Varela,Carlos María Solari y José Pedro Varela,0.803,0.088,yes
,ap-396a165f7270,psk,,,-78,44,2026-09-22T19:36:23-03:00,6,,2026-09-22T19:36:08-03:00,2026-09-22T19:36:34-03:00,Río Negro y José Pedro Varela,Carlos María Solari y José Pedro Varela,0.789,-33.522764,-58.220309,-33.522796,-58.220287,12,Río Negro y José Pedro Varela,Carlos María Solari y José Pedro Varela,0.750,0.111,yes
,ap-ff09be3106bd,psk,2452,9,-41,100,2026-09-22T19:36:28-03:00,54,,2026-09-22T19:13:04-03:00,2026-09-22T19:38:23-03:00,Río Negro y José Pedro Varela,Carlos María Solari y José Pedro Varela,0.867,-33.522697,-58.220355,-33.522495,-58.220536,41,Río Negro y José Pedro Varela,Carlos María Solari y José Pedro Varela,0.875,0.037,
,ap-254dc3477db2,psk,,,-41,100,2026-09-22T19:36:34-03:00,46,,2026-09-22T19:13:04-03:00,2026-09-22T19:38:18-03:00,Río Negro y José Pedro Varela,Carlos María Solari y José Pedro Varela,0.884,-33.522683,-58.220364,-33.522454,-58.220596,42,Río Negro y José Pedro Varela,Carlos María Solari y José Pedro Varela,0.867,0.040,yes
,ap-f925f2ecd85d,psk,,,-62,76,2026-09-22T19:36:53-03:00,45,,2026-09-22T19:13:04-03:00,2026-09-22T19:37:57-03:00,Carlos María Solari y José Pedro Varela,"Treinta y Tres Orientales, José Pedro Varela",0.250,-33.522390,-58.220568,-33.522427,-58.220755,47,Carlos María Solari y José Pedro Varela,"Treinta y Tres Orientales, José Pedro Varela",0.413,0.198,yes
,ap-10b4e3fe64ee,psk,2447,8,-61,78,2026-09-22T19:36:53-03:00,30,,2026-09-22T19:18:27-03:00,2026-09-22T19:37:52-03:00,Carlos María Solari y José Pedro Varela,"Treinta y Tres Orientales, José Pedro Varela",0.250,-33.522390,-58.220568,-33.522351,-58.220633,28,Carlos María Solari y José Pedro Varela,"Treinta y Tres Orientales, José Pedro Varela",0.434,0.162,
,ap-b90f68be8429,psk,,,-58,84,2026-09-22T19:36:59-03:00,25,,2026-09-22T19:18:56-03:00,2026-09-22T19:37:43-03:00,Carlos María Solari y José Pedro Varela,"Treinta y Tres Orientales, José Pedro Varela",0.361,-33.522303,-58.220629,-33.522431,-58.220768,37,Carlos María Solari y José Pedro Varela,"Treinta y Tres Orientales, José Pedro Varela",0.503,0.188,yes
,ap-8f11571b08de,psk,2452,9,-62,76,2026-09-22T19:36:59-03:00,25,,2026-09-22T19:19:19-03:00,2026-09-22T19:38:38-03:00,Carlos María Solari y José Pedro Varela,"Treinta y Tres Orientales, José Pedro Varela",0.361,-33.522303,-58.220629,-33.522251,-58.220820,41,Carlos María Solari y José Pedro Varela,"Treinta y Tres Orientales, José Pedro Varela",0.491,0.161,
,ap-57138e4d7b53,psk,,,-62,76,2026-09-22T19:37:08-03:00,36,,2026-09-22T19:13:04-03:00,2026-09-22T19:38:23-03:00,Carlos María Solari y José Pedro Varela,"Treinta y Tres Orientales, José Pedro Varela",0.470,-33.522218,-58.220689,-33.522058,-58.220816,38,Carlos María Solari y José Pedro Varela,"Treinta y Tres Orientales, José Pedro Varela",0.570,0.127,yes
,ap-4d2c199251a4,psk,,,-77,46,2026-09-22T19:37:13-03:00,20,,2026-09-22T19:18:52-03:00,2026-09-22T19:37:52-03:00,Carlos María Solari y José Pedro Varela,"Treinta y Tres Orientales, José Pedro Varela",0.557,-33.522150,-58.220737,-33.522267,-58.220739,33,Carlos María Solari y José Pedro Varela,"Treinta y Tres Orientales, José Pedro Varela",0.565,0.166,yes
,ap-b72475b9973e,psk,2432,5,-74,52,2026-09-22T19:37:13-03:00,11,,2026-09-22T19:37:08-03:00,2026-09-22T19:37:57-03:00,Carlos María Solari y José Pedro Varela,"Treinta y Tres Orientales, José Pedro Varela",0.557,-33.522150,-58.220737,-33.521927,-58.220893,18,Carlos María Solari y José Pedro Varela,"Treinta y Tres Orientales, José Pedro Varela",0.729,0.139,yes
,ap-b2df2690d7ac,psk,2417,2,-58,84,2026-09-22T19:37:18-03:00,44,,2026-09-22T19:13:04-03:00,2026-09-22T19:39:16-03:00,Carlos María Solari y José Pedro Varela,"Treinta y Tres Orientales, José Pedro Varela",0.603,-33.522114,-58.220762,-33.521950,-58.220918,45,Carlos María Solari y José Pedro Varela,"Treinta y Tres Orientales, José Pedro Varela",0.646,0.140,yes
,ap-6e9b1e3b6545,psk,2447,8,-74,52,2026-09-22T19:37:18-03:00,11,,2026-09-22T19:37:13-03:00,2026-09-22T19:38:03-03:00,Carlos María Solari y José Pedro Varela,"Treinta y Tres Orientales, José Pedro Varela",0.603,-33.522114,-58.220762,-33.521938,-58.220885,18,Carlos María Solari y José Pedro Varela,"Treinta y Tres Orientales, José Pedro Varela",0.723,0.101,yes
,ap-e347e4f62680,psk,,,-60,80,2026-09-22T19:37:24-03:00,28,,2026-09-22T19:13:04-03:00,2026-09-22T19:38:18-03:00,Carlos María Solari y José Pedro Varela,"Treinta y Tres Orientales, José Pedro Varela",0.690,-33.522046,-58.220810,-33.521958,-58.220877,29,Carlos María Solari y José Pedro Varela,"Treinta y Tres Orientales, José Pedro Varela",0.718,0.090,
,ap-5a43ebbec6af,psk,2457,10,-68,64,2026-09-22T19:37:24-03:00,20,,2026-09-22T19:13:14-03:00,2026-09-22T19:38:28-03:00,Carlos María Solari y José Pedro Varela,"Treinta y Tres Orientales, José Pedro Varela",0.690,-33.522046,-58.220810,-33.521769,-58.220950,24,Carlos María Solari y José Pedro Varela,"Treinta y Tres Orientales, José Pedro Varela",0.813,0.084,yes
,ap-40abc14dfe06,psk,2417,2,-77,46,2026-09-22T19:37:28-03:00,7,,2026-09-22T19:37:24-03:00,2026-09-22T19:37:52-03:00,Carlos María Solari y José Pedro Varela,"Treinta y Tres Orientales, José Pedro Varela",0.730,-33.522015,-58.220832,-33.521894,-58.220916,10,Carlos María Solari y José Pedro Varela,"Treinta y Tres Orientales, José Pedro Varela",0.821,0.077,yes
,ap-339d788b0239,psk,,,-82,36,2026-09-22T19:37:28-03:00,6,,2026-09-22T19:37:28-03:00,2026-09-22T19:37:52-03:00,Carlos María Solari y José Pedro Varela,"Treinta y Tres Orientales, José Pedro Varela",0.730,-33.522015,-58.220832,-33.521877,-58.220928,9,Carlos María Solari y José Pedro Varela,"Treinta y Tres Orientales, José Pedro Varela",0.843,0.065,yes
,ap-e611740f8bfb,psk,,,-83,34,2026-09-22T19:37:28-03:00,6,,2026-09-22T19:37:28-03:00,2026-09-22T19:37:52-03:00,Carlos María Solari y José Pedro Varela,"Treinta y Tres Orientales, José Pedro Varela",0.730,-33.522015,-58.220832,-33.521877,-58.220928,9,Carlos María Solari y José Pedro Varela,"Treinta y Tres Orientales, José Pedro Varela",0.843,0.065,yes
,ap-cbb6c02192ba,psk,,,-74,52,2026-09-22T19:37:33-03:00,8,,2026-09-22T19:37:24-03:00,2026-09-22T19:37:57-03:00,Carlos María Solari y José Pedro Varela,"Treinta y Tres Orientales, José Pedro Varela",0.826,-33.521940,-58.220884,-33.521853,-58.220945,12,Carlos María Solari y José Pedro Varela,"Treinta y Tres Orientales, José Pedro Varela",0.832,0.072,yes
,ap-64e2ddfd590f,psk,2427,4,-78,44,2026-09-22T19:37:33-03:00,7,,2026-09-22T19:37:33-03:00,2026-09-22T19:38:03-03:00,Carlos María Solari y José Pedro Varela,"Treinta y Tres Orientales, José Pedro Varela",0.826,-33.521940,-58.220884,-33.521784,-58.220993,13,"Treinta y Tres Orientales, José Pedro Varela",Juan Zorrilla de San Martín y José Pedro Varela,0.135,0.101,yes
,ap-cb108f6acc12,psk,,,-54,92,2026-09-22T19:37:37-03:00,25,,2026-09-22T19:13:04-03:00,2026-09-22T19:38:38-03:00,Carlos María Solari y José Pedro Varela,"Treinta y Tres Orientales, José Pedro Varela",0.887,-33.521892,-58.220918,-33.521710,-58.220954,25,Carlos María Solari y José Pedro Varela,"Treinta y Tres Orientales, José Pedro Varela",0.894,0.032,yes
,ap-8e384af669c4,psk,,,-56,88,2026-09-22T19:37:37-03:00,21,,2026-09-22T19:13:04-03:00,2026-09-22T19:38:28-03:00,Carlos María Solari y José Pedro Varela,"Treinta y Tres Orientales, José Pedro Varela",0.887,-33.521892,-58.220918,-33.521745,-58.220903,20,"Treinta y Tres Orientales, José Pedro Varela","Treinta y Tres Orientales, José Bonifacio Redruello",0.260,0.161,yes
,ap-7e41ebdfb34d,psk,,,-59,82,2026-09-22T19:38:03-03:00,56,,2026-09-22T19:12:39-03:00,2026-09-22T19:39:06-03:00,"Treinta y Tres Orientales, José Pedro Varela",Juan Zorrilla de San Martín y José Pedro Varela,0.283,-33.521584,-58.221132,-33.521559,-58.220778,49,"Treinta y Tres Orientales, José Pedro Varela","Treinta y Tres Orientales, José Bonifacio Redruello",0.410,0.247,yes
,ap-308bfe5d48c0,psk,,,-59,82,2026-09-22T19:38:03-03:00,40,,2026-09-22T19:13:10-03:00,2026-09-22T19:38:48-03:00,"Treinta y Tres Orientales, José Pedro Varela",Juan Zorrilla de San Martín y José Pedro Varela,0.283,-33.521584,-58.221132,-33.521511,-58.220705,47,"Treinta y Tres Orientales, José Pedro Varela","Treinta y Tres Orientales, José Bonifacio Redruello",0.391,0.244,yes
,ap-015a1207f327,psk,2447,8,-62,76,2026-09-22T19:38:08-03:00,26,,2026-09-22T19:13:10-03:00,2026-09-22T19:38:48-03:00,"Treinta y Tres Orientales, José Pedro Varela",Juan Zorrilla de San Martín y José Pedro Varela,0.348,-33.521533,-58.221166,-33.521421,-58.220918,46,"Treinta y Tres Orientales, José Pedro Varela",Juan Zorrilla de San Martín y José Pedro Varela,0.577,0.185,yes
,ap-847da14fe346,psk,,,-62,76,2026-09-22T19:38:08-03:00,26,,2026-09-22T19:13:48-03:00,2026-09-22T19:39:31-03:00,"Treinta y Tres Orientales, José Pedro Varela",Juan Zorrilla de San Martín y José Pedro Varela,0.348,-33.521533,-58.221166,-33.521384,-58.221030,45,"Treinta y Tres Orientales, José Pedro Varela",Juan Zorrilla de San Martín y José Pedro Varela,0.502,0.148,yes
,ap-eb416a431194,psk,,,-62,76,2026-09-22T19:38:14-03:00,37,,2026-09-22T19:12:55-03:00,2026-09-22T19:39:06-03:00,"Treinta y Tres Orientales, José Pedro Varela",Juan Zorrilla de San Martín y José Pedro Varela,0.421,-33.521476,-58.221206,-33.521464,-58.220926,47,"Treinta y Tres Orientales, José Pedro Varela",Juan Zorrilla de San Martín y José Pedro Varela,0.457,0.171,yes
,ap-091b977d7f1b,psk,,,-62,76,2026-09-22T19:38:14-03:00,28,,2026-09-22T19:13:19-03:00,2026-09-22T19:38:48-03:00,"Treinta y Tres Orientales, José Pedro Varela",Juan Zorrilla de San Martín y José Pedro Varela,0.421,-33.521476,-58.221206,-33.521464,-58.220878,44,"Treinta y Tres Orientales, José Pedro Varela",Juan Zorrilla de San Martín y José Pedro Varela,0.457,0.171,yes
,ap-f18ef4558b1e,psk,,,-74,52,2026-09-22T19:38:23-03:00,14,,2026-09-22T19:38:14-03:00,2026-09-22T19:39:21-03:00,"Treinta y Tres Orientales, José Pedro Varela",Juan Zorrilla de San Martín y José Pedro Varela,0.540,-33.521384,-58.221270,-33.521249,-58.221432,20,"Treinta y Tres Orientales, José Pedro Varela",Juan Zorrilla de San Martín y José Pedro Varela,0.671,0.139,yes
,ap-c8c46de6fd2e,psk,2452,9,-70,60,2026-09-22T19:38:28-03:00,22,,2026-09-22T19:07:15-03:00,2026-09-22T19:39:43-03:00,"Treinta y Tres Orientales, José Pedro Varela",Juan Zorrilla de San Martín y José Pedro Varela,0.662,-33.521289,-58.221335,-33.521208,-58.221668,25,Juan Zorrilla de San Martín y José Pedro Varela,Juan Zorrilla de San Martín y Carlos P. Puig,0.394,0.141,yes
,ap-1f25438d9432,psk,2432,5,-71,58,2026-09-22T19:38:28-03:00,29,,2026-09-22T19:13:04-03:00,2026-09-22T19:39:28-03:00,"Treinta y Tres Orientales, José Pedro Varela",Juan Zorrilla de San Martín y José Pedro Varela,0.662,-33.521289,-58.221335,-33.521393,-58.221172,42,"Treinta y Tres Orientales, José Pedro Varela",Juan Zorrilla de San Martín y José Pedro Varela,0.660,0.149,yes
,ap-265f7fae6a1d,psk,,,-70,60,2026-09-22T19:38:28-03:00,15,,2026-09-22T19:13:48-03:00,2026-09-22T19:39:06-03:00,"Treinta y Tres Orientales, José Pedro Varela",Juan Zorrilla de San Martín y José Pedro Varela,0.662,-33.521289,-58.221335,-33.521269,-58.220989,56,"Treinta y Tres Orientales, José Pedro Varela",Juan Zorrilla de San Martín y José Pedro Varela,0.770,0.081,yes
,ap-311bfbd38efa,psk,,,-55,90,2026-09-22T19:38:28-03:00,7,,2026-09-22T19:38:28-03:00,2026-09-22T19:39:01-03:00,"Treinta y Tres Orientales, José Pedro Varela",Juan Zorrilla de San Martín y José Pedro Varela,0.662,-33.521289,-58.221335,-33.521216,-58.221405,11,"Treinta y Tres Orientales, José Pedro Varela",Juan Zorrilla de San Martín y José Pedro Varela,0.733,0.079,yes
,ap-6aa9f255fed9,psk,5180,36,-76,48,2026-09-22T19:38:28-03:00,7,,2026-09-22T19:38:28-03:00,2026-09-22T19:39:01-03:00,"Treinta y Tres Orientales, José Pedro Varela",Juan Zorrilla de San Martín y José Pedro Varela,0.662,-33.521289,-58.221335,-33.521177,-58.221451,13,"Treinta y Tres Orientales, José Pedro Varela",Juan Zorrilla de San Martín y José Pedro Varela,0.768,0.084,yes
,ap-50866cc3e6b9,psk,,,-71,58,2026-09-22T19:38:33-03:00,29,,2026-09-22T19:06:29-03:00,2026-09-22T19:39:31-03:00,"Treinta y Tres Orientales, José Pedro Varela",Juan Zorrilla de San Martín y José Pedro Varela,0.734,-33.521233,-58.221373,-33.521140,-58.221614,18,Juan Zorrilla de San Martín y José Pedro Varela,Juan Zorrilla de San Martín y Carlos P. Puig,0.246,0.119,yes
,ap-1ae548a3edf4,psk,,,-71,58,2026-09-22T19:38:33-03:00,50,,2026-09-22T19:06:29-03:00,2026-09-22T19:39:43-03:00,"Treinta y Tres Orientales, José Pedro Varela",Juan Zorrilla de San Martín y José Pedro Varela,0.734,-33.521233,-58.221373,-33.521294,-58.221207,60,Juan Zorrilla de San Martín y José Pedro Varela,Juan Zorrilla de San Martín y Carlos P. Puig,0.311,0.160,yes
,ap-39b1d76775b5,psk,,,-66,68,2026-09-22T19:38:33-03:00,30,,2026-09-22T19:06:44-03:00,2026-09-22T19:39:43-03:00,"Treinta y Tres Orientales, José Pedro Varela",Juan Zorrilla de San Martín y José Pedro Varela,0.734,-33.521233,-58.221373,-33.521188,-58.221477,29,Juan Zorrilla de San Martín y José Pedro Varela,Juan Zorrilla de San Martín y Carlos P. Puig,0.293,0.161,
,ap-f66c326fa5d6,psk,,,-71,58,2026-09-22T19:38:33-03:00,26,,2026-09-22T19:06:50-03:00,2026-09-22T19:39:28-03:00,"Treinta y Tres Orientales, José Pedro Varela",Juan Zorrilla de San Martín y José Pedro Varela,0.734,-33.521233,-58.221373,-33.521191,-58.221351,38,Juan Zorrilla de San Martín y José Pedro Varela,Juan Zorrilla de San Martín y Carlos P. Puig,0.198,0.089,
,ap-ceefd15bfa42,psk,,,-71,58,2026-09-22T19:38:33-03:00,20,,2026-09-22T19:13:39-03:00,2026-09-22T19:39:21-03:00,"Treinta y Tres Orientales, José Pedro Varela",Juan Zorrilla de San Martín y José Pedro Varela,0.734,-33.521233,-58.221373,-33.521225,-58.221275,42,"Treinta y Tres Orientales, José Pedro Varela",Juan Zorrilla de San Martín y José Pedro Varela,0.773,0.095,
,ap-c350c20a1ea4,psk,,,-77,46,2026-09-22T19:38:33-03:00,12,,2026-09-22T19:13:48-03:00,2026-09-22T19:39:01-03:00,"Treinta y Tres Orientales, José Pedro Varela",Juan Zorrilla de San Martín y José Pedro Varela,0.734,-33.521233,-58.221373,-33.521261,-58.221004,56,"Treinta y Tres Orientales, José Pedro Varela",Juan Zorrilla de San Martín y José Pedro Varela,0.805,0.074,yes
,ap-ca21937f7cfc,psk,,,-66,68,2026-09-22T19:38:33-03:00,12,,2026-09-22T19:38:23-03:00,2026-09-22T19:39:21-03:00,"Treinta y Tres Orientales, José Pedro Varela",Juan Zorrilla de San Martín y José Pedro Varela,0.734,-33.521233,-58.221373,-33.521189,-58.221470,15,"Treinta y Tres Orientales, José Pedro Varela",Juan Zorrilla de San Martín y José Pedro Varela,0.773,0.082,yes
,ap-c39f90c51efd,psk,,,-77,46,2026-09-22T19:38:33-03:00,9,,2026-09-22T19:38:33-03:00,2026-09-22T19:39:16-03:00,"Treinta y Tres Orientales, José Pedro Varela",Juan Zorrilla de San Martín y José Pedro Varela,0.734,-33.521233,-58.221373,-33.521153,-58.221554,16,"Treinta y Tres Orientales, José Pedro Varela",Juan Zorrilla de San Martín y José Pedro Varela,0.797,0.070,yes
,ap-d16797f444ec,psk,2452,9,-71,58,2026-09-22T19:38:38-03:00,30,,2026-09-22T19:06:50-03:00,2026-09-22T19:39:16-03:00,"Treinta y Tres Orientales, José Pedro Varela",Juan Zorrilla de San Martín y José Pedro Varela,0.759,-33.521214,-58.221387,-33.521227,-58.221327,39,Juan Zorrilla de San Martín y José Pedro Varela,Juan Zorrilla de San Martín y Carlos P. Puig,0.186,0.079,
,ap-163cff6e39ea,psk,2427,4,-50,100,2026-09-22T19:38:48-03:00,45,,2026-09-22T19:06:25-03:00,2026-09-22T19:40:24-03:00,"Treinta y Tres Orientales, José Pedro Varela",Juan Zorrilla de San Martín y José Pedro Varela,0.938,-33.521075,-58.221483,-33.521180,-58.221734,29,Juan Zorrilla de San Martín y José Pedro Varela,Juan Zorrilla de San Martín y Carlos P. Puig,0.297,0.205,
,ap-7667376da27e,psk,,,-52,96,2026-09-22T19:38:48-03:00,29,,2026-09-22T19:06:29-03:00,2026-09-22T19:39:46-03:00,"Treinta y Tres Orientales, José Pedro Varela",Juan Zorrilla de San Martín y José Pedro Varela,0.938,-33.521075,-58.221483,-33.521118,-58.221678,21,Juan Zorrilla de San Martín y José Pedro Varela,Juan Zorrilla de San Martín y Carlos P. Puig,0.311,0.181,yes
,ap-5dc80f103ee7,psk,,,-52,96,2026-09-22T19:38:48-03:00,31,,2026-09-22T19:06:44-03:00,2026-09-22T19:40:08-03:00,"Treinta y Tres Orientales, José Pedro Varela",Juan Zorrilla de San Martín y José Pedro Varela,0.938,-33.521075,-58.221483,-33.521157,-58.221730,24,Juan Zorrilla de San Martín y José Pedro Varela,Juan Zorrilla de San Martín y Carlos P. Puig,0.317,0.192,yes
,ap-9fa2da18bd8e,psk,,,-85,30,2026-09-22T19:39:00-03:00,12,,2026-09-22T19:06:54-03:00,2026-09-22T19:39:21-03:00,Juan Zorrilla de San Martín y José Pedro Varela,Juan Zorrilla de San Martín y Carlos P. Puig,0.127,-33.521086,-58.221634,-33.521125,-58.221711,9,Juan Zorrilla de San Martín y José Pedro Varela,Juan Zorrilla de San Martín y Carlos P. Puig,0.211,0.091,yes
,ap-f01c0546f394,psk,2452,9,-86,28,2026-09-22T19:39:00-03:00,13,,2026-09-22T19:38:23-03:00,2026-09-22T19:39:28-03:00,Juan Zorrilla de San Martín y José Pedro Varela,Juan Zorrilla de San Martín y Carlos P. Puig,0.127,-33.521086,-58.221634,-33.521178,-58.221632,20,Juan Zorrilla de San Martín y José Pedro Varela,Juan Zorrilla de San Martín y Carlos P. Puig,0.272,0.106,yes
,ap-4e3b1d534956,psk,2442,7,-89,22,2026-09-22T19:39:00-03:00,7,,2026-09-22T19:39:00-03:00,2026-09-22T19:39:28-03:00,Juan Zorrilla de San Martín y José Pedro Varela,Juan Zorrilla de San Martín y Carlos P. Puig,0.127,-33.521086,-58.221634,-33.521153,-58.221768,11,Juan Zorrilla de San Martín y José Pedro Varela,Juan Zorrilla de San Martín y Carlos P. Puig,0.272,0.106,yes
,ap-8faf577d3f5d,psk,5765,153,-90,20,2026-09-22T19:39:00-03:00,7,,2026-09-22T19:39:00-03:00,2026-09-22T19:39:28-03:00,Juan Zorrilla de San Martín y José Pedro Varela,Juan Zorrilla de San Martín y Carlos P. Puig,0.127,-33.521086,-58.221634,-33.521153,-58.221768,11,Juan Zorrilla de San Martín y José Pedro Varela,Juan Zorrilla de San Martín y Carlos P. Puig,0.272,0.106,yes
,ap-1f0e58ecb499,psk,5260,52,-91,18,2026-09-22T19:39:00-03:00,7,,2026-09-22T19:39:00-03:00,2026-09-22T19:39:28-03:00,Juan Zorrilla de San Martín y José Pedro Varela,Juan Zorrilla de San Martín y Carlos P. Puig,0.127,-33.521086,-58.221634,-33.521153,-58.221768,11,Juan Zorrilla de San Martín y José Pedro Varela,Juan Zorrilla de San Martín y Carlos P. Puig,0.272,0.106,yes
,ap-3fea0f218e5e,psk,,,-62,76,2026-09-22T19:39:06-03:00,19,,2026-09-22T19:06:59-03:00,2026-09-22T19:39:43-03:00,Juan Zorrilla de San Martín y José Pedro Varela,Juan Zorrilla de San Martín y Carlos P. Puig,0.189,-33.521115,-58.221691,-33.521162,-58.221784,13,Juan Zorrilla de San Martín y José Pedro Varela,Juan Zorrilla de San Martín y Carlos P. Puig,0.290,0.131,yes
,ap-2d583acff5fb,psk,,,-89,22,2026-09-22T19:39:15-03:00,14,,2026-09-22T19:07:09-03:00,2026-09-22T19:39:43-03:00,Juan Zorrilla de San Martín y José Pedro Varela,Juan Zorrilla de San Martín y Carlos P. Puig,0.299,-33.521166,-58.221793,-33.521226,-58.221910,11,Juan Zorrilla de San Martín y José Pedro Varela,Juan Zorrilla de San Martín y Carlos P. Puig,0.425,0.114,yes
,ap-57a978a6e7c9,psk,,,-80,40,2026-09-22T19:39:15-03:00,8,,2026-09-22T19:39:15-03:00,2026-09-22T19:39:46-03:00,Juan Zorrilla de San Martín y José Pedro Varela,Juan Zorrilla de San Martín y Carlos P. Puig,0.299,-33.521166,-58.221793,-33.521269,-58.221993,17,Juan Zorrilla de San Martín y José Pedro Varela,Juan Zorrilla de San Martín y Carlos P. Puig,0.516,0.168,yes
,ap-90bd1a1b3b13,psk,2467,12,-91,18,2026-09-22T19:39:21-03:00,6,,2026-09-22T19:39:21-03:00,2026-09-22T19:39:46-03:00,Juan Zorrilla de San Martín y José Pedro Varela,Juan Zorrilla de San Martín y Carlos P. Puig,0.397,-33.521212,-58.221883,-33.521311,-58.222078,13,Juan Zorrilla de San Martín y José Pedro Varela,Juan Zorrilla de San Martín y Carlos P. Puig,0.607,0.126,yes
,ap-8a98166cc401,open,,,-74,52,2026-09-22T19:39:28-03:00,36,,2026-09-22T19:07:25-03:00,2026-09-22T19:41:12-03:00,Juan Zorrilla de San Martín y José Pedro Varela,Juan Zorrilla de San Martín y Carlos P. Puig,0.464,-33.521244,-58.221945,-33.521504,-58.222197,35,Juan Zorrilla de San Martín y José Pedro Varela,Juan Zorrilla de San Martín y Carlos P. Puig,0.632,0.144,yes
,ap-d2cc4788ca86,psk,,,-77,46,2026-09-22T19:39:39-03:00,6,,2026-09-22T19:39:39-03:00,2026-09-22T19:40:02-03:00,Juan Zorrilla de San Martín y José Pedro Varela,Juan Zorrilla de San Martín y Carlos P. Puig,0.668,-33.521340,-58.222134,-33.521455,-58.222293,14,Juan Zorrilla de San Martín y José Pedro Varela,Juan Zorrilla de San Martín y Carlos P. Puig,0.787,0.110,yes
,ap-43add0e45b81,psk,,,-91,18,2026-09-22T19:39:39-03:00,7,,2026-09-22T19:39:39-03:00,2026-09-22T19:40:08-03:00,Juan Zorrilla de San Martín y José Pedro Varela,Juan Zorrilla de San Martín y Carlos P. Puig,0.668,-33.521340,-58.222134,-33.521493,-58.222292,16,Juan Zorrilla de San Martín y José Pedro Varela,Juan Zorrilla de San Martín y Carlos P. Puig,0.787,0.110,yes
,ap-3d274e2eabec,psk,,,-87,26,2026-09-22T19:39:57-03:00,12,,2026-09-22T19:39:57-03:00,2026-09-22T19:40:51-03:00,Juan Zorrilla de San Martín y Carlos P. Puig,"Treinta y Tres Orientales, Carlos P. Puig",0.030,-33.521522,-58.222424,-33.521852,-58.222194,23,Juan Zorrilla de San Martín y Carlos P. Puig,"Treinta y Tres Orientales, Carlos P. Puig",0.452,0.231,yes
,ap-944d2106dbd8,psk,2447,8,-82,36,2026-09-22T19:40:08-03:00,7,,2026-09-22T19:40:08-03:00,2026-09-22T19:40:36-03:00,Juan Zorrilla de San Martín y Carlos P. Puig,"Treinta y Tres Orientales, Carlos P. Puig",0.280,-33.521718,-58.222287,-33.521898,-58.222162,12,Juan Zorrilla de San Martín y Carlos P. Puig,"Treinta y Tres Orientales, Carlos P. Puig",0.511,0.124,yes
,ap-a137bf98ec08,psk,2432,5,-90,20,2026-09-22T19:40:08-03:00,7,,2026-09-22T19:40:08-03:00,2026-09-22T19:40:36-03:00,Juan Zorrilla de San Martín y Carlos P. Puig,"Treinta y Tres Orientales, Carlos P. Puig",0.280,-33.521718,-58.222287,-33.521898,-58.222162,12,Juan Zorrilla de San Martín y Carlos P. Puig,"Treinta y Tres Orientales, Carlos P. Puig",0.511,0.124,yes
,ap-5ddd46ac7c21,psk,,,-61,78,2026-09-22T19:40:12-03:00,64,,2026-09-22T19:07:09-03:00,2026-09-22T19:47:47-03:00,Juan Zorrilla de San Martín y Carlos P. Puig,"Treinta y Tres Orientales, Carlos P. Puig",0.385,-33.521800,-58.222230,-33.521785,-58.222543,54,Juan Zorrilla de San Martín y Carlos P. Puig,Juan Zorrilla de San Martín y Grito de Asencio,0.441,0.189,yes
,ap-0d7d342078f6,psk,,,-61,78,2026-09-22T19:40:12-03:00,77,,2026-09-22T19:07:39-03:00,2026-09-22T19:47:47-03:00,Juan Zorrilla de San Martín y Carlos P. Puig,"Treinta y Tres Orientales, Carlos P. Puig",0.385,-33.521800,-58.222230,-33.521912,-58.222618,59,Juan Zorrilla de San Martín y Carlos P. Puig,Juan Zorrilla de San Martín y Grito de Asencio,0.480,0.213,yes
,ap-6893462f7888,psk,,,-61,78,2026-09-22T19:40:12-03:00,63,,2026-09-22T19:07:49-03:00,2026-09-22T19:47:47-03:00,Juan Zorrilla de San Martín y Carlos P. Puig,"Treinta y Tres Orientales, Carlos P. Puig",0.385,-33.521800,-58.222230,-33.521866,-58.222649,55,Juan Zorrilla de San Martín y Carlos P. Puig,Juan Zorrilla de San Martín y Grito de Asencio,0.464,0.203,yes
,ap-684736790623,psk,2442,7,-71,58,2026-09-22T19:40:12-03:00,28,,2026-09-22T19:08:20-03:00,2026-09-22T19:40:56-03:00,Juan Zorrilla de San Martín y Carlos P. Puig,"Treinta y Tres Orientales, Carlos P. Puig",0.385,-33.521800,-58.222230,-33.521947,-58.222535,48,Juan Zorrilla de San Martín y Carlos P. Puig,"Treinta y Tres Orientales, Carlos P. Puig",0.507,0.161,yes
,ap-c1b6bb75f37a,psk,,,-86,28,2026-09-22T19:40:12-03:00,6,,2026-09-22T19:39:57-03:00,2026-09-22T19:40:24-03:00,Juan Zorrilla de San Martín y Carlos P. Puig,"Treinta y Tres Orientales, Carlos P. Puig",0.385,-33.521800,-58.222230,-33.521757,-58.222260,13,Juan Zorrilla de San Martín y Carlos P. Puig,"Treinta y Tres Orientales, Carlos P. Puig",0.331,0.132,yes
,ap-109ea95319bd,psk,2422,3,-86,28,2026-09-22T19:40:12-03:00,11,,2026-09-22T19:40:12-03:00,2026-09-22T19:41:01-03:00,Juan Zorrilla de San Martín y Carlos P. Puig,"Treinta y Tres Orientales, Carlos P. Puig",0.385,-33.521800,-58.222230,-33.522031,-58.222069,16,Juan Zorrilla de San Martín y Carlos P. Puig,"Treinta y Tres Orientales, Carlos P. Puig",0.650,0.147,yes
,ap-6895764f5d1c,psk,,,-58,84,2026-09-22T19:40:47-03:00,116,,2026-09-22T19:07:59-03:00,2026-09-22T19:47:47-03:00,Juan Zorrilla de San Martín y Carlos P. Puig,"Treinta y Tres Orientales, Carlos P. Puig",0.802,-33.522126,-58.222003,-33.522206,-58.221979,83,Juan Zorrilla de San Martín y Carlos P. Puig,"Treinta y Tres Orientales, Carlos P. Puig",0.660,0.153,yes
,ap-423472e94717,psk,,,-58,84,2026-09-22T19:40:47-03:00,10,,2026-09-22T19:40:31-03:00,2026-09-22T19:41:16-03:00,Juan Zorrilla de San Martín y Carlos P. Puig,"Treinta y Tres Orientales, Carlos P. Puig",0.802,-33.522126,-58.222003,-33.522183,-58.221964,15,Juan Zorrilla de San Martín y Carlos P. Puig,"Treinta y Tres Orientales, Carlos P. Puig",0.763,0.072,yes
,ap-1dba2bce8dc9,psk,,,-57,86,2026-09-22T19:40:51-03:00,60,,2026-09-22T19:08:24-03:00,2026-09-22T19:47:47-03:00,Juan Zorrilla de San Martín y Carlos P. Puig,"Treinta y Tres Orientales, Carlos P. Puig",0.863,-33.522174,-58.221970,-33.522232,-58.222434,62,Juan Zorrilla de San Martín y Grito de Asencio,"Treinta y Tres Orientales, Grito de Asencio",0.513,0.233,yes
,ap-c376734cc609,psk,2447,8,-40,100,2026-09-22T19:40:51-03:00,81,,2026-09-22T19:08:30-03:00,2026-09-22T19:47:47-03:00,Juan Zorrilla de San Martín y Carlos P. Puig,"Treinta y Tres Orientales, Carlos P. Puig",0.863,-33.522174,-58.221970,-33.522261,-58.222247,58,Juan Zorrilla de San Martín y Carlos P. Puig,"Treinta y Tres Orientales, Carlos P. Puig",0.840,0.034,yes
,ap-06a374350408,psk,2452,9,-65,70,2026-09-22T19:41:12-03:00,33,,2026-09-22T19:12:45-03:00,2026-09-22T19:42:12-03:00,"Treinta y Tres Orientales, Carlos P. Puig",Carlos María Solari y Carlos P. Puig,0.098,-33.522356,-58.221843,-33.522237,-58.221611,46,"Treinta y Tres Orientales, Carlos P. Puig",Carlos María Solari y Carlos P. Puig,0.285,0.178,yes
,ap-7204134bd7d1,psk,2447,8,-63,74,2026-09-22T19:41:31-03:00,10,,2026-09-22T19:41:26-03:00,2026-09-22T19:42:12-03:00,"Treinta y Tres Orientales, Carlos P. Puig",Carlos María Solari y Carlos P. Puig,0.436,-33.522620,-58.221661,-33.522805,-58.221533,20,"Treinta y Tres Orientales, Carlos P. Puig",Carlos María Solari y Carlos P. Puig,0.638,0.182,yes
,ap-8c326294791f,psk,,,-63,74,2026-09-22T19:41:31-03:00,8,,2026-09-22T19:41:31-03:00,2026-09-22T19:42:07-03:00,"Treinta y Tres Orientales, Carlos P. Puig",Carlos María Solari y Carlos P. Puig,0.436,-33.522620,-58.221661,-33.522789,-58.221544,19,"Treinta y Tres Orientales, Carlos P. Puig",Carlos María Solari y Carlos P. Puig,0.653,0.185,yes
,ap-8cb7bcd7e299,psk,2447,8,-84,32,2026-09-22T19:41:31-03:00,8,,2026-09-22T19:41:31-03:00,2026-09-22T19:42:07-03:00,"Treinta y Tres Orientales, Carlos P. Puig",Carlos María Solari y Carlos P. Puig,0.436,-33.522620,-58.221661,-33.522807,-58.221531,18,"Treinta y Tres Orientales, Carlos P. Puig",Carlos María Solari y Carlos P. Puig,0.676,0.179,yes
,ap-2a94b5d40d20,psk,,,-79,42,2026-09-22T19:41:37-03:00,43,,2026-09-22T19:11:40-03:00,2026-09-22T19:43:08-03:00,"Treinta y Tres Orientales, Carlos P. Puig",Carlos María Solari y Carlos P. Puig,0.476,-33.522651,-58.221639,-33.522768,-58.221456,51,"Treinta y Tres Orientales, Carlos P. Puig",Carlos María Solari y Carlos P. Puig,0.605,0.165,yes
,ap-eda256c49224,psk,,,-79,42,2026-09-22T19:41:37-03:00,40,,2026-09-22T19:12:19-03:00,2026-09-22T19:42:32-03:00,"Treinta y Tres Orientales, Carlos P. Puig",Carlos María Solari y Carlos P. Puig,0.476,-33.522651,-58.221639,-33.522620,-58.221394,60,"Treinta y Tres Orientales, Carlos P. Puig",Carlos María Solari y Carlos P. Puig,0.576,0.178,yes
,ap-0abade445f2b,psk,,,-84,32,2026-09-22T19:41:37-03:00,9,,2026-09-22T19:41:31-03:00,2026-09-22T19:42:12-03:00,"Treinta y Tres Orientales, Carlos P. Puig",Carlos María Solari y Carlos P. Puig,0.476,-33.522651,-58.221639,-33.522836,-58.221511,19,"Treinta y Tres Orientales, Carlos P. Puig",Carlos María Solari y Carlos P. Puig,0.677,0.177,yes
,ap-3b4ba7418ce3,psk,2422,3,-76,48,2026-09-22T19:41:53-03:00,16,,2026-09-22T19:19:32-03:00,2026-09-22T19:42:32-03:00,"Treinta y Tres Orientales, Carlos P. Puig",Carlos María Solari y Carlos P. Puig,0.762,-33.522874,-58.221485,-33.523068,-58.221291,19,Carlos María Solari y Carlos P. Puig,Río Negro y Carlos P. Puig,0.221,0.101,yes
,ap-6e49baab0423,psk,2462,11,-53,94,2026-09-22T19:41:57-03:00,50,,2026-09-22T19:19:00-03:00,2026-09-22T19:43:33-03:00,"Treinta y Tres Orientales, Carlos P. Puig",Carlos María Solari y Carlos P. Puig,0.852,-33.522944,-58.221436,-33.523123,-58.221332,37,"Treinta y Tres Orientales, Carlos P. Puig",Carlos María Solari y Carlos P. Puig,0.763,0.145,
,ap-6e47fbefcf7a,psk,,,-55,90,2026-09-22T19:41:57-03:00,32,,2026-09-22T19:19:41-03:00,2026-09-22T19:43:08-03:00,"Treinta y Tres Orientales, Carlos P. Puig",Carlos María Solari y Carlos P. Puig,0.852,-33.522944,-58.221436,-33.523136,-58.221372,29,"Treinta y Tres Orientales, Carlos P. Puig",Carlos María Solari y Carlos P. Puig,0.819,0.094,yes
,ap-a0ae1326a349,psk,,,-55,90,2026-09-22T19:41:57-03:00,6,,2026-09-22T19:41:57-03:00,2026-09-22T19:42:22-03:00,"Treinta y Tres Orientales, Carlos P. Puig",Carlos María Solari y Carlos P. Puig,0.852,-33.522944,-58.221436,-33.523046,-58.221365,12,"Treinta y Tres Orientales, Carlos P. Puig",Carlos María Solari y Carlos P. Puig,0.889,0.037,yes
,ap-ca511471c15c,psk,,,-86,28,2026-09-22T19:41:57-03:00,8,,2026-09-22T19:41:57-03:00,2026-09-22T19:42:32-03:00,"Treinta y Tres Orientales, Carlos P. Puig",Carlos María Solari y Carlos P. Puig,0.852,-33.522944,-58.221436,-33.523144,-58.221297,18,Carlos María Solari y Carlos P. Puig,Río Negro y Carlos P. Puig,0.221,0.101,yes
,ap-867e3673b535,psk,,,-62,76,2026-09-22T19:42:02-03:00,19,,2026-09-22T19:20:11-03:00,2026-09-22T19:42:52-03:00,"Treinta y Tres Orientales, Carlos P. Puig",Carlos María Solari y Carlos P. Puig,0.902,-33.522983,-58.221409,-33.523171,-58.221372,26,Carlos María Solari y Carlos P. Puig,Río Negro y Carlos P. Puig,0.296,0.132,yes
,ap-224a663f7458,psk,,,-66,68,2026-09-22T19:42:07-03:00,11,,2026-09-22T19:41:53-03:00,2026-09-22T19:42:43-03:00,"Treinta y Tres Orientales, Carlos P. Puig",Carlos María Solari y Carlos P. Puig,0.957,-33.523025,-58.221380,-33.523162,-58.221284,19,Carlos María Solari y Carlos P. Puig,Río Negro y Carlos P. Puig,0.258,0.111,yes
,ap-a48f94291984,psk,,,-66,68,2026-09-22T19:42:07-03:00,6,,2026-09-22T19:42:07-03:00,2026-09-22T19:42:32-03:00,"Treinta y Tres Orientales, Carlos P. Puig",Carlos María Solari y Carlos P. Puig,0.957,-33.523025,-58.221380,-33.523166,-58.221281,16,Carlos María Solari y Carlos P. Puig,Río Negro y Carlos P. Puig,0.221,0.101,yes
,ap-827fcacb3f8e,psk,,,-56,88,2026-09-22T19:42:22-03:00,72,,2026-09-22T19:11:59-03:00,2026-09-22T19:45:57-03:00,Carlos María Solari y Carlos P. Puig,Río Negro y Carlos P. Puig,0.255,-33.523270,-58.221208,-33.523193,-58.221378,49,Carlos María Solari y Carlos P. Puig,Río Negro y Carlos P. Puig,0.370,0.180,
,ap-88d30020df9b,psk,2452,9,-58,84,2026-09-22T19:42:22-03:00,38,,2026-09-22T19:19:10-03:00,2026-09-22T19:43:12-03:00,Carlos María Solari y Carlos P. Puig,Río Negro y Carlos P. Puig,0.255,-33.523270,-58.221208,-33.523273,-58.221334,35,Carlos María Solari y Carlos P. Puig,Río Negro y Carlos P. Puig,0.406,0.175,
,ap-1a75aacae332,psk,,,-58,84,2026-09-22T19:42:22-03:00,31,,2026-09-22T19:19:41-03:00,2026-09-22T19:43:22-03:00,Carlos María Solari y Carlos P. Puig,Río Negro y Carlos P. Puig,0.255,-33.523270,-58.221208,-33.523311,-58.221317,33,Carlos María Solari y Carlos P. Puig,Río Negro y Carlos P. Puig,0.409,0.182,yes
,ap-c3f2649876e9,psk,,,-67,66,2026-09-22T19:42:22-03:00,41,,2026-09-22T19:19:41-03:00,2026-09-22T19:43:52-03:00,Carlos María Solari y Carlos P. Puig,Río Negro y Carlos P. Puig,0.255,-33.523270,-58.221208,-33.523332,-58.221302,39,Carlos María Solari y Carlos P. Puig,Río Negro y Carlos P. Puig,0.377,0.211,yes
,ap-7e5d72e64e98,psk,2417,2,-46,100,2026-09-22T19:42:22-03:00,40,,2026-09-22T19:19:46-03:00,2026-09-22T19:43:22-03:00,Carlos María Solari y Carlos P. Puig,Río Negro y Carlos P. Puig,0.255,-33.523270,-58.221208,-33.523343,-58.221301,35,Carlos María Solari y Carlos P. Puig,Río Negro y Carlos P. Puig,0.421,0.178,
,ap-2544d6533b4d,psk,2442,7,-70,60,2026-09-22T19:42:22-03:00,13,,2026-09-22T19:19:46-03:00,2026-09-22T19:42:47-03:00,Carlos María Solari y Carlos P. Puig,Río Negro y Carlos P. Puig,0.255,-33.523270,-58.221208,-33.523318,-58.221177,16,Carlos María Solari y Carlos P. Puig,Río Negro y Carlos P. Puig,0.376,0.105,
,ap-60de46710fc0,psk,2452,9,-48,100,2026-09-22T19:42:27-03:00,50,,2026-09-22T19:19:19-03:00,2026-09-22T19:43:27-03:00,Carlos María Solari y Carlos P. Puig,Río Negro y Carlos P. Puig,0.306,-33.523313,-58.221179,-33.523293,-58.221268,34,Carlos María Solari y Carlos P. Puig,Río Negro y Carlos P. Puig,0.399,0.168,
,ap-7eccc3f9e8f5,psk,,,-48,100,2026-09-22T19:42:27-03:00,38,,2026-09-22T19:19:57-03:00,2026-09-22T19:43:47-03:00,Carlos María Solari y Carlos P. Puig,Río Negro y Carlos P. Puig,0.306,-33.523313,-58.221179,-33.523345,-58.221253,34,Carlos María Solari y Carlos P. Puig,Río Negro y Carlos P. Puig,0.414,0.185,
,ap-2165027cd0f4,psk,,,-78,44,2026-09-22T19:42:27-03:00,13,,2026-09-22T19:20:06-03:00,2026-09-22T19:42:52-03:00,Carlos María Solari y Carlos P. Puig,Río Negro y Carlos P. Puig,0.306,-33.523313,-58.221179,-33.523351,-58.221284,27,Carlos María Solari y Carlos P. Puig,Río Negro y Carlos P. Puig,0.449,0.106,yes
,ap-3e5916d764ae,psk,,,-84,32,2026-09-22T19:42:27-03:00,6,,2026-09-22T19:42:27-03:00,2026-09-22T19:42:52-03:00,Carlos María Solari y Carlos P. Puig,Río Negro y Carlos P. Puig,0.306,-33.523313,-58.221179,-33.523446,-58.221086,11,Carlos María Solari y Carlos P. Puig,Río Negro y Carlos P. Puig,0.465,0.098,yes
,ap-9c491d23d3bf,psk,,,-66,68,2026-09-22T19:42:32-03:00,19,,2026-09-22T19:20:01-03:00,2026-09-22T19:43:17-03:00,Carlos María Solari y Carlos P. Puig,Río Negro y Carlos P. Puig,0.354,-33.523354,-58.221150,-33.523410,-58.221205,30,Carlos María Solari y Carlos P. Puig,Río Negro y Carlos P. Puig,0.503,0.175,yes
,ap-670a069dd0a5,psk,,,-67,66,2026-09-22T19:42:32-03:00,10,,2026-09-22T19:42:27-03:00,2026-09-22T19:43:12-03:00,Carlos María Solari y Carlos P. Puig,Río Negro y Carlos P. Puig,0.354,-33.523354,-58.221150,-33.523499,-58.221048,19,Carlos María Solari y Carlos P. Puig,Río Negro y Carlos P. Puig,0.530,0.181,yes
,ap-f370ff67c7a7,psk,2427,4,-64,72,2026-09-22T19:42:32-03:00,6,,2026-09-22T19:42:32-03:00,2026-09-22T19:42:57-03:00,Carlos María Solari y Carlos P. Puig,Río Negro y Carlos P. Puig,0.354,-33.523354,-58.221150,-33.523511,-58.221040,13,Carlos María Solari y Carlos P. Puig,Río Negro y Carlos P. Puig,0.543,0.118,yes
,ap-e2fe223ccf96,psk,2417,2,-36,100,2026-09-22T19:42:43-03:00,36,,2026-09-22T19:20:01-03:00,2026-09-22T19:43:47-03:00,Carlos María Solari y Carlos P. Puig,Río Negro y Carlos P. Puig,0.480,-33.523458,-58.221077,-33.523516,-58.221097,26,Carlos María Solari y Carlos P. Puig,Río Negro y Carlos P. Puig,0.562,0.118,
,ap-cd62955cd43a,psk,2417,2,-74,52,2026-09-22T19:42:43-03:00,7,,2026-09-22T19:42:43-03:00,2026-09-22T19:43:12-03:00,Carlos María Solari y Carlos P. Puig,Río Negro y Carlos P. Puig,0.480,-33.523458,-58.221077,-33.523656,-58.220939,15,Carlos María Solari y Carlos P. Puig,Río Negro y Carlos P. Puig,0.717,0.140,yes
,ap-11193e5e3ebf,psk,,,-69,62,2026-09-22T19:42:47-03:00,36,,2026-09-22T19:20:01-03:00,2026-09-22T19:43:58-03:00,Carlos María Solari y Carlos P. Puig,Río Negro y Carlos P. Puig,0.557,-33.523522,-58.221032,-33.523575,-58.221073,44,Carlos María Solari y Carlos P. Puig,Río Negro y Carlos P. Puig,0.601,0.173,yes
,ap-71396bb95850,psk,,,-76,48,2026-09-22T19:42:47-03:00,9,,2026-09-22T19:42:37-03:00,2026-09-22T19:43:17-03:00,Carlos María Solari y Carlos P. Puig,Río Negro y Carlos P. Puig,0.557,-33.523522,-58.221032,-33.523673,-58.220927,17,Carlos María Solari y Carlos P. Puig,Río Negro y Carlos P. Puig,0.704,0.145,yes
,ap-118cf362e53a,psk,2447,8,-59,82,2026-09-22T19:42:52-03:00,18,,2026-09-22T19:23:11-03:00,2026-09-22T19:43:37-03:00,Carlos María Solari y Carlos P. Puig,Río Negro y Carlos P. Puig,0.653,-33.523602,-58.220976,-33.523740,-58.220856,21,Carlos María Solari y Carlos P. Puig,Río Negro y Carlos P. Puig,0.689,0.111,yes
,ap-a87a711ea743,psk,,,-70,60,2026-09-22T19:42:52-03:00,12,,2026-09-22T19:42:27-03:00,2026-09-22T19:43:22-03:00,Carlos María Solari y Carlos P. Puig,Río Negro y Carlos P. Puig,0.653,-33.523602,-58.220976,-33.523619,-58.220974,19,Carlos María Solari y Carlos P. Puig,Río Negro y Carlos P. Puig,0.619,0.151,yes
,ap-06af5fd38c21,psk,,,-86,28,2026-09-22T19:42:52-03:00,7,,2026-09-22T19:42:47-03:00,2026-09-22T19:43:17-03:00,Carlos María Solari y Carlos P. Puig,Río Negro y Carlos P. Puig,0.653,-33.523602,-58.220976,-33.523726,-58.220889,12,Carlos María Solari y Carlos P. Puig,Río Negro y Carlos P. Puig,0.768,0.102,yes
,ap-b9e7e1b41372,psk,,,-70,60,2026-09-22T19:42:57-03:00,12,,2026-09-22T19:42:57-03:00,2026-09-22T19:43:52-03:00,Carlos María Solari y Carlos P. Puig,Río Negro y Carlos P. Puig,0.775,-33.523704,-58.220905,-33.523866,-58.220938,17,Carlos María Solari y Carlos P. Puig,Río Negro y Carlos P. Puig,0.820,0.046,yes
,ap-0d9cd499dbdb,psk,2452,9,-69,62,2026-09-22T19:43:02-03:00,19,,2026-09-22T19:23:11-03:00,2026-09-22T19:43:47-03:00,Carlos María Solari y Carlos P. Puig,Río Negro y Carlos P. Puig,0.810,-33.523733,-58.220885,-33.523800,-58.220853,18,Carlos María Solari y Carlos P. Puig,Río Negro y Carlos P. Puig,0.773,0.101,yes
,ap-02fe3b89c999,psk,2422,3,-68,64,2026-09-22T19:43:08-03:00,25,,2026-09-22T19:23:21-03:00,2026-09-22T19:44:03-03:00,Carlos María Solari y Carlos P. Puig,Río Negro y Carlos P. Puig,0.860,-33.523775,-58.220855,-33.523835,-58.220752,28,Río Negro y Grito de Asencio,Río Negro y Carlos P. Puig,0.785,0.114,
,ap-c04f8b5561e8,psk,,,-70,60,2026-09-22T19:43:08-03:00,17,,2026-09-22T19:23:26-03:00,2026-09-22T19:43:58-03:00,Carlos María Solari y Carlos P. Puig,Río Negro y Carlos P. Puig,0.860,-33.523775,-58.220855,-33.523874,-58.220805,23,Río Negro y Grito de Asencio,Río Negro y Carlos P. Puig,0.804,0.101,yes
,ap-eaeb30bdbec0,psk,,,-56,88,2026-09-22T19:43:17-03:00,40,,2026-09-22T19:22:52-03:00,2026-09-22T19:44:23-03:00,Río Negro y Carlos P. Puig,Río Negro y Grito de Asencio,0.000,-33.523891,-58.220774,-33.523829,-58.220729,32,Río Negro y Grito de Asencio,Río Negro y Carlos P. Puig,0.795,0.144,yes
,ap-3c87710e5f11,psk,,,-84,32,2026-09-22T19:43:27-03:00,7,,2026-09-22T19:43:22-03:00,2026-09-22T19:43:52-03:00,Río Negro y Carlos P. Puig,Río Negro y Grito de Asencio,0.188,-33.523978,-58.220963,-33.524012,-58.221034,7,Río Negro y Grito de Asencio,Río Negro y Carlos P. Puig,0.741,0.066,yes
,ap-6d08d19be3bb,psk,2472,13,-59,82,2026-09-22T19:43:33-03:00,44,,2026-09-22T19:23:01-03:00,2026-09-22T19:44:57-03:00,Río Negro y Carlos P. Puig,Río Negro y Grito de Asencio,0.213,-33.523990,-58.220988,-33.523897,-58.220839,37,Río Negro y Grito de Asencio,Río Negro y Carlos P. Puig,0.739,0.125,
,ap-eac9a86effa3,psk,,,-56,88,2026-09-22T19:43:33-03:00,26,,2026-09-22T19:23:01-03:00,2026-09-22T19:44:07-03:00,Río Negro y Carlos P. Puig,Río Negro y Grito de Asencio,0.213,-33.523990,-58.220988,-33.523910,-58.220826,21,Río Negro y Grito de Asencio,Río Negro y Carlos P. Puig,0.807,0.102,
,ap-134ff9c743ac,psk,,,-73,54,2026-09-22T19:43:33-03:00,20,,2026-09-22T19:23:01-03:00,2026-09-22T19:44:03-03:00,Río Negro y Carlos P. Puig,Río Negro y Grito de Asencio,0.213,-33.523990,-58.220988,-33.523957,-58.220920,23,Río Negro y Grito de Asencio,Río Negro y Carlos P. Puig,0.725,0.125,yes
,ap-a3543073fcfe,psk,,,-85,30,2026-09-22T19:43:37-03:00,24,,2026-09-22T19:23:01-03:00,2026-09-22T19:44:23-03:00,Río Negro y Carlos P. Puig,Río Negro y Grito de Asencio,0.262,-33.524013,-58.221037,-33.523939,-58.220884,30,Río Negro y Grito de Asencio,Río Negro y Carlos P. Puig,0.678,0.164,yes
,ap-e7878fac0119,psk,,,-77,46,2026-09-22T19:43:37-03:00,9,,2026-09-22T19:43:27-03:00,2026-09-22T19:44:07-03:00,Río Negro y Carlos P. Puig,Río Negro y Grito de Asencio,0.262,-33.524013,-58.221037,-33.524058,-58.221134,13,Río Negro y Grito de Asencio,Río Negro y Carlos P. Puig,0.642,0.119,yes
,ap-96e4d61ce949,psk,,,-85,30,2026-09-22T19:43:42-03:00,13,,2026-09-22T19:23:21-03:00,2026-09-22T19:44:07-03:00,Río Negro y Carlos P. Puig,Río Negro y Grito de Asencio,0.297,-33.524030,-58.221073,-33.523943,-58.220897,40,Río Negro y Grito de Asencio,Río Negro y Carlos P. Puig,0.564,0.104,yes
,ap-79fd87f1179a,psk,,,-61,78,2026-09-22T19:43:47-03:00,20,,2026-09-22T19:22:46-03:00,2026-09-22T19:44:30-03:00,Río Negro y Carlos P. Puig,Río Negro y Grito de Asencio,0.309,-33.524035,-58.221085,-33.524028,-58.221071,18,Río Negro y Grito de Asencio,Río Negro y Carlos P. Puig,0.648,0.141,
,ap-8fc9cad001c5,psk,,,-61,78,2026-09-22T19:43:47-03:00,33,,2026-09-22T19:22:46-03:00,2026-09-22T19:44:57-03:00,Río Negro y Carlos P. Puig,Río Negro y Grito de Asencio,0.309,-33.524035,-58.221085,-33.523996,-58.221024,30,Río Negro y Grito de Asencio,Río Negro y Carlos P. Puig,0.650,0.139,
,ap-dfb4ec60d551,psk,2427,4,-80,40,2026-09-22T19:43:58-03:00,27,,2026-09-22T19:22:21-03:00,2026-09-22T19:44:57-03:00,Río Negro y Carlos P. Puig,Río Negro y Grito de Asencio,0.473,-33.524112,-58.221250,-33.524096,-58.221282,36,Río Negro y Grito de Asencio,Río Negro y Carlos P. Puig,0.497,0.192,yes
,ap-62d045d5374e,psk,,,-69,62,2026-09-22T19:43:58-03:00,8,,2026-09-22T19:43:52-03:00,2026-09-22T19:44:30-03:00,Río Negro y Carlos P. Puig,Río Negro y Grito de Asencio,0.473,-33.524112,-58.221250,-33.524172,-58.221378,15,Río Negro y Grito de Asencio,Río Negro y Carlos P. Puig,0.400,0.143,yes
,ap-c58594c48027,psk,2442,7,-61,78,2026-09-22T19:44:17-03:00,28,,2026-09-22T19:22:16-03:00,2026-09-22T19:44:57-03:00,Río Negro y Carlos P. Puig,Río Negro y Grito de Asencio,0.683,-33.524211,-58.221462,-33.524162,-58.221429,26,Río Negro y Grito de Asencio,Río Negro y Carlos P. Puig,0.367,0.119,
,ap-603c1af1946f,psk,,,-61,78,2026-09-22T19:44:17-03:00,23,,2026-09-22T19:22:16-03:00,2026-09-22T19:44:57-03:00,Río Negro y Carlos P. Puig,Río Negro y Grito de Asencio,0.683,-33.524211,-58.221462,-33.524193,-58.221501,20,Río Negro y Grito de Asencio,Río Negro y Carlos P. Puig,0.370,0.119,
,ap-000a2850c0c8,psk,,,-94,12,2026-09-22T19:44:23-03:00,6,,2026-09-22T19:44:23-03:00,2026-09-22T19:44:47-03:00,Río Negro y Carlos P. Puig,Río Negro y Grito de Asencio,0.815,-33.524273,-58.221594,-33.524294,-58.221782,9,Carlos María Solari y Grito de Asencio,Río Negro y Grito de Asencio,0.905,0.049,yes
,ap-e08bf91560d0,psk,,,-84,32,2026-09-22T19:44:30-03:00,6,,2026-09-22T19:44:30-03:00,2026-09-22T19:44:52-03:00,Río Negro y Carlos P. Puig,Río Negro y Grito de Asencio,0.986,-33.524354,-58.221767,-33.524276,-58.221836,7,Carlos María Solari y Grito de Asencio,Río Negro y Grito de Asencio,0.876,0.062,yes
,ap-31da296637d5,psk,,,-88,24,2026-09-22T19:44:30-03:00,7,,2026-09-22T19:44:30-03:00,2026-09-22T19:44:57-03:00,Río Negro y Carlos P. Puig,Río Negro y Grito de Asencio,0.986,-33.524354,-58.221767,-33.524254,-58.221852,9,Carlos María Solari y Grito de Asencio,Río Negro y Grito de Asencio,0.847,0.077,yes
,ap-9e8da6852890,psk,2427,4,-90,20,2026-09-22T19:44:30-03:00,10,,2026-09-22T19:44:30-03:00,2026-09-22T19:45:13-03:00,Río Negro y Carlos P. Puig,Río Negro y Grito de Asencio,0.986,-33.524354,-58.221767,-33.524160,-58.221918,18,Carlos María Solari y Grito de Asencio,Río Negro y Grito de Asencio,0.723,0.170,yes
,ap-3e4abe9ddc0d,psk,2432,5,-82,36,2026-09-22T19:44:32-03:00,7,,2026-09-22T19:44:30-03:00,2026-09-22T19:44:57-03:00,Río Negro y Grito de Asencio,Carlos María Solari y Grito de Asencio,0.016,-33.524348,-58.221789,-33.524247,-58.221858,8,Carlos María Solari y Grito de Asencio,Río Negro y Grito de Asencio,0.847,0.077,yes
,ap-55e3d934f908,psk,,,-77,46,2026-09-22T19:44:38-03:00,16,,2026-09-22T19:22:02-03:00,2026-09-22T19:45:08-03:00,Río Negro y Grito de Asencio,Carlos María Solari y Grito de Asencio,0.077,-33.524299,-58.221823,-33.524180,-58.221770,23,Carlos María Solari y Grito de Asencio,Río Negro y Grito de Asencio,0.739,0.139,yes
,ap-125b4de5381c,open,,,-75,50,2026-09-22T19:44:42-03:00,39,,2026-09-22T19:21:51-03:00,2026-09-22T19:47:02-03:00,Río Negro y Grito de Asencio,Carlos María Solari y Grito de Asencio,0.137,-33.524251,-58.221857,-33.523751,-58.222182,59,Carlos María Solari y Grito de Asencio,Río Negro y Grito de Asencio,0.617,0.259,yes
,ap-3d526164b831,psk,,,-67,66,2026-09-22T19:44:47-03:00,44,,2026-09-22T19:21:51-03:00,2026-09-22T19:46:43-03:00,Río Negro y Grito de Asencio,Carlos María Solari y Grito de Asencio,0.151,-33.524239,-58.221865,-33.524064,-58.221760,45,Carlos María Solari y Grito de Asencio,Río Negro y Grito de Asencio,0.742,0.174,
,ap-3e569637eed1,psk,,,-67,66,2026-09-22T19:44:47-03:00,19,,2026-09-22T19:21:56-03:00,2026-09-22T19:45:23-03:00,Río Negro y Grito de Asencio,Carlos María Solari y Grito de Asencio,0.151,-33.524239,-58.221865,-33.524207,-58.221830,18,Carlos María Solari y Grito de Asencio,Río Negro y Grito de Asencio,0.769,0.150,
,ap-fdc07e19cff1,psk,2412,1,-80,40,2026-09-22T19:44:47-03:00,25,,2026-09-22T19:22:21-03:00,2026-09-22T19:45:18-03:00,Río Negro y Grito de Asencio,Carlos María Solari y Grito de Asencio,0.151,-33.524239,-58.221865,-33.524099,-58.221519,42,Carlos María Solari y Grito de Asencio,Río Negro y Grito de Asencio,0.718,0.182,yes
,ap-9e02471932f9,psk,,,-80,40,2026-09-22T19:44:47-03:00,6,,2026-09-22T19:44:42-03:00,2026-09-22T19:45:08-03:00,Río Negro y Grito de Asencio,Carlos María Solari y Grito de Asencio,0.151,-33.524239,-58.221865,-33.524141,-58.221933,13,Carlos María Solari y Grito de Asencio,Río Negro y Grito de Asencio,0.727,0.128,yes
,ap-9c9206f12422,psk,2447,8,-89,22,2026-09-22T19:44:47-03:00,6,,2026-09-22T19:44:47-03:00,2026-09-22T19:45:13-03:00,Río Negro y Grito de Asencio,Carlos María Solari y Grito de Asencio,0.151,-33.524239,-58.221865,-33.524058,-58.221991,15,Carlos María Solari y Grito de Asencio,Río Negro y Grito de Asencio,0.623,0.147,yes
,ap-03fca67f5ff8,open,,,-88,24,2026-09-22T19:44:57-03:00,67,,2026-09-22T19:08:24-03:00,2026-09-22T19:47:47-03:00,Río Negro y Grito de Asencio,Carlos María Solari y Grito de Asencio,0.299,-33.524121,-58.221947,-33.523102,-58.222487,86,Carlos María Solari y Grito de Asencio,Río Negro y Grito de Asencio,0.419,0.245,yes
,ap-dc6203358489,psk,2447,8,-67,66,2026-09-22T19:44:57-03:00,28,,2026-09-22T19:21:37-03:00,2026-09-22T19:46:32-03:00,Río Negro y Grito de Asencio,Carlos María Solari y Grito de Asencio,0.299,-33.524121,-58.221947,-33.523909,-58.222077,34,Carlos María Solari y Grito de Asencio,Río Negro y Grito de Asencio,0.550,0.154,
,ap-e2704b30aa08,psk,2417,2,-93,14,2026-09-22T19:44:57-03:00,6,,2026-09-22T19:44:57-03:00,2026-09-22T19:45:23-03:00,Río Negro y Grito de Asencio,Carlos María Solari y Grito de Asencio,0.299,-33.524121,-58.221947,-33.523928,-58.222082,11,Carlos María Solari y Grito de Asencio,Río Negro y Grito de Asencio,0.460,0.108,yes
,ap-2d5749170121,psk,,,-75,50,2026-09-22T19:45:08-03:00,19,,2026-09-22T19:21:26-03:00,2026-09-22T19:45:37-03:00,Río Negro y Grito de Asencio,Carlos María Solari y Grito de Asencio,0.514,-33.523948,-58.222068,-33.523893,-58.222097,24,Carlos María Solari y Grito de Asencio,Río Negro y Grito de Asencio,0.403,0.169,yes
,ap-394cf6f5e453,psk,,,-74,52,2026-09-22T19:45:13-03:00,15,,2026-09-22T19:44:57-03:00,2026-09-22T19:46:07-03:00,Río Negro y Grito de Asencio,Carlos María Solari y Grito de Asencio,0.576,-33.523899,-58.222102,-33.523698,-58.222243,28,Carlos María Solari y Grito de Asencio,Río Negro y Grito de Asencio,0.359,0.142,yes
,ap-a6c6583f8783,psk,,,-87,26,2026-09-22T19:45:23-03:00,12,,2026-09-22T19:21:31-03:00,2026-09-22T19:45:47-03:00,Río Negro y Grito de Asencio,Carlos María Solari y Grito de Asencio,0.741,-33.523767,-58.222195,-33.523783,-58.222184,30,Carlos María Solari y Grito de Asencio,Río Negro y Grito de Asencio,0.428,0.225,yes
,ap-a79d4a02fc06,psk,,,-81,38,2026-09-22T19:45:33-03:00,6,,2026-09-22T19:45:33-03:00,2026-09-22T19:45:57-03:00,Río Negro y Grito de Asencio,Carlos María Solari y Grito de Asencio,0.969,-33.523584,-58.222322,-33.523470,-58.222403,8,Carlos María Solari y Grito de Asencio,"Treinta y Tres Orientales, Grito de Asencio",0.144,0.060,yes
,ap-d3380a670d6b,psk,2447,8,-83,34,2026-09-22T19:45:43-03:00,6,,2026-09-22T19:45:43-03:00,2026-09-22T19:46:07-03:00,Carlos María Solari y Grito de Asencio,"Treinta y Tres Orientales, Grito de Asencio",0.109,-33.523475,-58.222400,-33.523371,-58.222474,9,Carlos María Solari y Grito de Asencio,"Treinta y Tres Orientales, Grito de Asencio",0.242,0.092,yes
,ap-9586f0977c1d,psk,,,-91,18,2026-09-22T19:45:53-03:00,6,,2026-09-22T19:45:53-03:00,2026-09-22T19:46:18-03:00,Carlos María Solari y Grito de Asencio,"Treinta y Tres Orientales, Grito de Asencio",0.201,-33.523403,-58.222451,-33.523272,-58.222544,11,Carlos María Solari y Grito de Asencio,"Treinta y Tres Orientales, Grito de Asencio",0.368,0.108,yes
,ap-1d27c2c841f0,psk,,,-60,80,2026-09-22T19:46:02-03:00,34,,2026-09-22T19:10:50-03:00,2026-09-22T19:47:12-03:00,Carlos María Solari y Grito de Asencio,"Treinta y Tres Orientales, Grito de Asencio",0.345,-33.523290,-58.222531,-33.523225,-58.222540,42,Carlos María Solari y Grito de Asencio,"Treinta y Tres Orientales, Grito de Asencio",0.416,0.155,
,ap-8df07b3d5875,psk,,,-60,80,2026-09-22T19:46:02-03:00,10,,2026-09-22T19:45:53-03:00,2026-09-22T19:46:37-03:00,Carlos María Solari y Grito de Asencio,"Treinta y Tres Orientales, Grito de Asencio",0.345,-33.523290,-58.222531,-33.523221,-58.222580,15,Carlos María Solari y Grito de Asencio,"Treinta y Tres Orientales, Grito de Asencio",0.433,0.152,yes
,ap-c353dc846830,psk,2422,3,-57,86,2026-09-22T19:46:07-03:00,53,,2026-09-22T19:09:19-03:00,2026-09-22T19:47:27-03:00,Carlos María Solari y Grito de Asencio,"Treinta y Tres Orientales, Grito de Asencio",0.414,-33.523236,-58.222569,-33.523132,-58.222611,55,Carlos María Solari y Grito de Asencio,"Treinta y Tres Orientales, Grito de Asencio",0.496,0.162,
,ap-65d305b0113b,psk,,,-57,86,2026-09-22T19:46:07-03:00,32,,2026-09-22T19:10:39-03:00,2026-09-22T19:46:57-03:00,Carlos María Solari y Grito de Asencio,"Treinta y Tres Orientales, Grito de Asencio",0.414,-33.523236,-58.222569,-33.523156,-58.222598,36,Carlos María Solari y Grito de Asencio,"Treinta y Tres Orientales, Grito de Asencio",0.498,0.167,
,ap-5be14f9a4e12,psk,,,-71,58,2026-09-22T19:46:12-03:00,16,,2026-09-22T19:10:44-03:00,2026-09-22T19:46:52-03:00,Carlos María Solari y Grito de Asencio,"Treinta y Tres Orientales, Grito de Asencio",0.461,-33.523200,-58.222595,-33.522949,-58.222702,25,Carlos María Solari y Grito de Asencio,"Treinta y Tres Orientales, Grito de Asencio",0.589,0.117,yes
,ap-663dcfd5a667,psk,2432,5,-76,48,2026-09-22T19:46:12-03:00,12,,2026-09-22T19:46:02-03:00,2026-09-22T19:46:57-03:00,Carlos María Solari y Grito de Asencio,"Treinta y Tres Orientales, Grito de Asencio",0.461,-33.523200,-58.222595,-33.523019,-58.222724,21,Carlos María Solari y Grito de Asencio,"Treinta y Tres Orientales, Grito de Asencio",0.580,0.126,yes
,ap-99c58736d438,psk,,,-91,18,2026-09-22T19:46:22-03:00,6,,2026-09-22T19:46:22-03:00,2026-09-22T19:46:47-03:00,Carlos María Solari y Grito de Asencio,"Treinta y Tres Orientales, Grito de Asencio",0.642,-33.523058,-58.222696,-33.522894,-58.222812,15,Carlos María Solari y Grito de Asencio,"Treinta y Tres Orientales, Grito de Asencio",0.758,0.100,yes
,ap-4c6703f3d49d,psk,2412,1,-73,54,2026-09-22T19:46:27-03:00,15,,2026-09-22T19:10:50-03:00,2026-09-22T19:46:57-03:00,Carlos María Solari y Grito de Asencio,"Treinta y Tres Orientales, Grito de Asencio",0.674,-33.523033,-58.222714,-33.522794,-58.222822,20,Juan Zorrilla de San Martín y Grito de Asencio,"Treinta y Tres Orientales, Grito de Asencio",0.885,0.077,yes
,ap-7eda9dac5c91,psk,2442,7,-90,20,2026-09-22T19:46:32-03:00,6,,2026-09-22T19:46:32-03:00,2026-09-22T19:46:57-03:00,Carlos María Solari y Grito de Asencio,"Treinta y Tres Orientales, Grito de Asencio",0.789,-33.522943,-58.222778,-33.522756,-58.222911,12,Juan Zorrilla de San Martín y Grito de Asencio,"Treinta y Tres Orientales, Grito de Asencio",0.885,0.077,yes
,ap-4ddd7abb92c8,psk,,,-89,22,2026-09-22T19:46:52-03:00,7,,2026-09-22T19:46:52-03:00,2026-09-22T19:47:22-03:00,"Treinta y Tres Orientales, Grito de Asencio",Juan Zorrilla de San Martín y Grito de Asencio,0.165,-33.522649,-58.222987,-33.522481,-58.223108,13,Juan Zorrilla de San Martín y Grito de Asencio,"Treinta y Tres Orientales, Grito de Asencio",0.619,0.132,yes
,ap-c62783b39611,psk,,,-78,44,2026-09-22T19:47:27-03:00,8,,2026-09-22T19:47:12-03:00,2026-09-22T19:47:47-03:00,"Treinta y Tres Orientales, Grito de Asencio",Juan Zorrilla de San Martín y Grito de Asencio,0.671,-33.522255,-58.223270,-33.522208,-58.223304,15,Juan Zorrilla de San Martín y Grito de Asencio,"Treinta y Tres Orientales, Grito de Asencio",0.268,0.149,yes
,ap-2c4e9a7caef6,psk,,,-74,52,2026-09-22T19:47:42-03:00,16,,2026-09-22T19:09:10-03:00,2026-09-22T19:47:47-03:00,"Treinta y Tres Orientales, Grito de Asencio",Juan Zorrilla de San Martín y Grito de Asencio,0.897,-33.522079,-58.223396,-33.522090,-58.222986,56,Juan Zorrilla de San Martín y Grito de Asencio,"Treinta y Tres Orientales, Grito de Asencio",0.082,0.059,yes
,ap-eb83e85e8c36,psk,,,-73,54,2026-09-22T19:47:42-03:00,8,,2026-09-22T19:40:08-03:00,2026-09-22T19:47:47-03:00,"Treinta y Tres Orientales, Grito de Asencio",Juan Zorrilla de San Martín y Grito de Asencio,0.897,-33.522079,-58.223396,-33.521974,-58.222936,56,Juan Zorrilla de San Martín y Grito de Asencio,"Treinta y Tres Orientales, Grito de Asencio",0.052,0.052,yes
,ap-fbbb03fd345f,psk,,,-73,54,2026-09-22T19:47:42-03:00,4,,2026-09-22T19:47:33-03:00,2026-09-22T19:47:47-03:00,"Treinta y Tres Orientales, Grito de Asencio",Juan Zorrilla de San Martín y Grito de Asencio,0.897,-33.522079,-58.223396,-33.522069,-58.223404,7,Juan Zorrilla de San Martín y Grito de Asencio,"Treinta y Tres Orientales, Grito de Asencio",0.090,0.065,yes
,ap-fe38ffa5367f,psk,2457,10,-80,40,2026-09-22T19:47:42-03:00,2,,2026-09-22T19:47:42-03:00,2026-09-22T19:47:47-03:00,"Treinta y Tres Orientales, Grito de Asencio",Juan Zorrilla de San Martín y Grito de Asencio,0.897,-33.522079,-58.223396,-33.522039,-58.223425,5,Juan Zorrilla de San Martín y Grito de Asencio,"Treinta y Tres Orientales, Grito de Asencio",0.052,0.052,yes
